VTDID,Enacted,Plan1,Plan2,Plan3,Plan4,Plan5,Plan6
270010005,8,3,3,7,4,4,7
270010010,8,3,3,7,4,4,7
270010015,8,3,3,7,4,4,1
270010020,8,3,3,7,4,4,7
270010025,8,3,3,7,4,4,7
270010030,8,3,3,7,4,4,7
270010035,8,3,3,7,4,4,1
270010038,8,3,3,7,4,4,7
270010040,8,3,3,7,4,4,7
270010045,8,3,3,7,4,4,7
270010050,8,3,3,7,4,4,7
270010055,8,3,3,7,4,4,7
270010060,8,3,3,7,4,2,7
270010065,8,3,3,7,4,4,1
270010070,8,3,3,7,4,4,1
270010075,8,3,3,7,4,2,7
270010080,8,3,3,7,4,4,7
270010082,8,3,3,7,4,2,7
270010085,8,3,3,7,4,4,7
270010090,8,3,3,7,4,2,7
270010095,8,3,3,7,4,4,7
270010100,8,3,3,7,4,4,1
270010105,8,3,3,7,4,4,1
270010110,8,3,3,7,4,4,7
270010115,8,3,3,7,4,2,7
270010120,8,3,3,7,4,4,7
270010125,8,3,3,7,4,4,7
270010130,8,3,3,7,4,4,1
270010132,8,3,3,7,4,2,7
270010135,8,3,3,7,4,2,7
270010140,8,3,3,7,4,4,7
270010145,8,3,3,7,4,4,7
270010150,8,3,3,7,4,4,7
270010155,8,3,3,7,4,2,7
270010160,8,3,3,7,4,4,7
270010165,8,3,3,7,4,4,7
270010170,8,3,3,7,4,2,7
270010175,8,3,3,7,4,4,7
270010180,8,3,3,7,4,4,7
270010185,8,3,3,7,4,4,7
270010190,8,3,3,7,4,4,7
270010195,8,3,3,7,4,4,1
270010200,8,3,3,7,4,4,1
270010205,8,3,3,7,4,2,7
270010210,8,3,3,7,4,4,7
270010215,8,3,3,7,4,2,7
270010220,8,3,3,7,4,2,7
270010225,8,3,3,7,4,2,7
270010230,8,3,3,7,4,4,7
270010240,8,3,3,7,4,4,1
270010255,8,3,3,7,4,4,7
270010260,8,3,3,7,4,4,1
270010285,8,3,3,7,4,4,1
270010290,8,3,3,7,4,4,1
270030005,6,2,2,0,1,2,5
270030010,6,2,2,0,1,2,5
270030015,6,2,2,0,1,2,5
270030020,6,2,2,0,1,2,5
270030025,6,2,2,0,1,2,5
270030030,6,2,2,0,1,2,5
270030035,6,2,2,0,1,2,5
270030040,6,2,2,0,1,2,5
270030045,6,2,2,1,1,2,5
270030050,6,2,2,0,1,2,5
270030105,6,2,2,0,1,2,5
270030110,6,2,2,0,1,2,5
270030115,6,2,2,0,1,2,5
270030120,6,2,2,0,1,2,5
270030125,6,2,2,0,1,2,5
270030130,6,2,2,0,1,2,5
270030135,6,2,2,0,1,2,5
270030140,6,2,2,0,1,2,5
270030205,6,2,2,0,1,2,5
270030305,6,2,2,1,1,5,5
270030310,6,2,2,1,1,5,5
270030315,6,2,2,1,1,5,5
270030320,6,2,2,1,1,5,5
270030325,6,2,2,1,1,2,5
270030330,6,2,2,1,1,2,5
270030335,6,2,2,1,1,2,7
270030340,6,2,2,1,1,2,5
270030405,6,2,2,1,1,2,5
270030410,6,2,2,1,1,5,5
270030415,6,2,2,1,1,2,5
270030420,6,2,2,1,1,2,5
270030425,6,2,2,1,1,2,5
270030430,6,2,2,1,1,2,5
270030435,6,2,2,1,1,2,5
270030440,6,2,2,1,1,2,5
270030505,6,2,2,1,1,2,5
270030510,6,2,2,1,1,2,5
270030515,6,2,2,1,1,2,5
270030520,6,2,2,1,1,2,5
270030525,6,2,2,1,1,2,5
270030530,6,2,2,1,1,2,5
270030535,6,2,2,1,1,2,5
270030540,6,2,2,1,1,2,5
270030605,6,2,2,1,1,2,7
270030705,6,2,2,1,1,2,5
270030710,6,2,2,1,1,5,5
270030805,5,2,2,1,1,5,5
270030810,5,2,2,1,1,5,5
270030815,5,2,2,1,1,5,0
270030820,5,2,2,1,1,5,7
270030825,5,2,2,1,1,5,7
270030830,5,2,2,1,1,5,7
270030835,5,2,2,1,1,5,7
270030840,5,2,2,1,1,5,7
270030905,6,2,2,0,1,2,5
270031005,3,2,2,0,1,2,5
270031010,3,2,2,0,1,2,5
270031015,3,2,2,0,1,2,5
270031020,3,2,2,0,1,2,5
270031105,3,2,2,0,1,2,5
270031110,3,2,2,1,1,2,5
270031115,3,2,2,1,1,2,5
270031120,3,2,2,1,1,2,5
270031125,3,2,2,0,1,2,5
270031205,3,2,2,0,1,2,5
270031210,3,2,2,0,1,2,5
270031215,3,2,2,0,1,2,5
270031220,3,2,2,0,1,2,5
270031305,3,2,2,0,1,2,5
270031310,3,2,2,0,1,2,5
270031315,3,2,2,0,1,2,5
270031320,3,2,2,0,1,2,7
270031405,3,2,2,1,1,2,5
270031410,3,2,2,1,1,2,5
270031415,3,2,2,0,1,2,5
270031420,3,2,2,0,1,5,5
270031425,3,2,2,0,1,5,7
270031505,6,2,2,0,1,2,5
270031510,6,2,2,0,1,2,5
270031515,6,2,2,0,1,2,5
270031605,5,2,2,1,1,5,7
270031610,5,2,2,1,1,5,7
270031615,5,2,2,1,1,5,7
270031620,5,2,2,1,1,5,7
270031705,5,2,2,1,1,5,7
270031710,5,2,2,1,1,5,7
270031715,5,2,2,1,1,5,7
270031720,5,2,2,1,1,5,7
270031805,5,2,2,1,1,5,7
270031810,5,2,2,1,1,5,7
270031815,5,2,2,1,1,5,7
270031820,5,2,2,1,1,5,7
270031905,6,2,2,0,1,2,5
270031910,6,2,2,0,1,2,5
270031915,6,2,2,0,1,2,5
270031920,6,2,2,0,1,2,5
270031925,6,2,2,0,1,2,5
270031930,6,2,2,0,1,2,5
270032005,5,2,2,1,1,5,7
270032105,6,2,2,1,1,2,5
270032205,6,2,2,0,1,2,7
270032210,6,2,2,0,1,2,5
270032215,6,2,2,1,1,2,5
270032220,6,2,2,1,1,2,7
270032225,6,2,2,1,1,5,7
270032230,6,2,2,1,1,5,7
270032235,6,2,2,1,1,5,7
270032305,6,2,2,0,1,2,5
270032310,6,2,2,0,1,2,5
270032405,6,2,2,0,1,2,5
270032410,6,2,2,0,1,2,5
270032505,6,2,2,0,1,2,5
270032510,6,2,2,0,1,2,5
270032515,6,2,2,0,1,2,5
270032520,6,2,2,0,1,2,5
270032605,6,2,2,0,1,2,5
270032610,6,2,2,0,1,2,5
270032705,6,2,2,0,1,2,5
270032710,6,2,2,0,1,2,5
270032805,6,2,2,0,1,2,5
270032810,6,2,2,0,1,2,5
270032905,6,2,2,0,1,2,5
270032910,6,2,2,0,1,2,5
270033005,6,2,2,0,1,2,5
270033010,6,2,2,0,1,2,5
270033105,5,2,2,1,1,5,7
270033110,5,2,2,1,1,5,7
270033115,5,2,2,1,1,5,5
270050005,7,4,4,3,5,4,4
270050010,7,4,4,3,5,4,4
270050015,7,4,4,3,5,4,4
270050020,7,4,4,3,5,4,4
270050025,7,4,4,3,5,4,4
270050030,7,4,4,3,5,4,4
270050035,7,4,4,3,5,4,4
270050040,7,4,4,3,5,4,4
270050045,7,4,4,3,5,4,4
270050050,7,4,4,3,5,4,4
270050051,7,4,4,3,5,4,4
270050052,7,4,4,3,5,4,4
270050055,7,4,4,3,5,4,4
270050065,7,4,4,3,5,4,4
270050075,7,4,4,3,5,4,4
270050082,7,4,4,3,5,4,4
270050085,7,4,4,3,5,4,4
270050090,7,4,4,3,5,4,4
270050095,7,4,4,3,5,4,4
270050100,7,4,4,3,5,4,4
270050105,7,4,4,3,5,4,4
270050110,7,4,4,3,5,4,4
270050115,7,4,4,3,5,4,4
270050120,7,4,4,3,5,4,4
270050125,7,4,4,3,5,4,4
270050130,7,4,4,3,5,4,4
270050135,7,4,4,3,5,4,4
270050140,7,4,4,3,5,4,4
270050145,7,4,4,3,5,4,4
270050150,7,4,4,3,5,4,4
270050155,7,4,4,3,5,4,1
270050160,7,4,4,3,5,4,4
270050165,7,4,4,3,5,4,4
270050170,7,4,4,3,5,4,4
270050175,7,4,4,3,5,4,4
270050180,7,4,4,3,5,4,4
270050185,7,4,4,3,5,4,4
270050190,7,4,4,3,5,4,4
270050195,7,4,4,3,5,4,4
270050200,7,4,4,3,5,4,4
270050205,7,4,4,3,5,4,4
270050210,7,4,4,3,5,4,4
270050215,7,4,4,3,5,4,4
270050220,7,4,4,3,5,4,4
270050225,7,4,4,3,5,4,4
270050230,7,4,4,3,5,4,4
270050235,7,4,4,3,5,4,4
270050240,7,4,4,3,5,4,4
270070005,7,4,3,3,4,4,1
270070010,7,4,3,3,4,4,1
270070015,7,4,3,3,4,4,1
270070020,7,4,3,3,4,4,1
270070025,7,4,3,3,4,4,1
270070030,7,4,3,3,4,4,1
270070032,8,4,3,3,4,4,1
270070035,7,4,3,3,4,4,1
270070040,7,4,3,3,4,4,1
270070045,7,4,3,3,4,4,1
270070050,8,4,3,3,4,4,1
270070055,8,4,3,3,4,4,1
270070060,7,4,3,3,4,4,1
270070065,8,4,3,3,4,4,1
270070070,8,4,3,3,4,4,1
270070075,7,4,3,3,4,4,1
270070080,8,4,3,3,4,4,1
270070085,8,4,3,3,4,4,1
270070090,7,4,3,3,4,4,1
270070095,8,4,3,3,4,4,1
270070100,7,4,3,3,4,4,1
270070105,8,4,3,3,4,4,1
270070110,8,4,3,3,4,4,1
270070115,7,4,3,3,4,4,1
270070120,7,4,3,3,4,4,1
270070125,7,4,3,3,4,4,1
270070130,7,4,3,3,4,4,1
270070135,8,4,3,3,4,4,1
270070140,7,4,3,3,4,4,1
270070145,7,4,3,3,4,4,1
270070150,7,4,3,3,4,4,1
270070155,7,4,3,3,4,4,1
270070160,8,4,3,3,4,4,1
270070165,8,4,3,3,4,4,1
270070170,8,4,3,3,4,4,1
270070172,7,4,3,3,4,4,1
270070175,8,4,3,3,4,4,1
270070180,7,4,3,3,4,4,1
270070185,8,4,3,3,4,4,1
270070190,8,4,3,3,4,4,1
270070195,7,4,3,3,4,4,1
270070200,7,4,3,3,4,4,1
270070202,7,4,3,3,4,4,1
270070205,7,4,3,3,4,4,1
270070210,8,4,3,3,4,4,1
270070215,7,4,3,3,4,4,1
270070220,7,4,3,3,4,4,1
270070225,7,4,3,3,4,4,1
270070230,7,4,3,3,4,4,1
270070235,8,4,3,3,4,4,1
270070240,8,4,3,3,4,4,1
270070245,8,4,3,3,4,4,1
270070250,8,4,3,3,4,4,1
270070255,8,4,3,3,4,4,1
270070260,8,4,3,3,4,4,1
270070265,8,4,3,3,4,4,1
270070270,8,4,3,3,4,4,1
270070275,7,4,3,3,4,4,1
270070280,7,4,3,3,4,4,1
270070285,8,4,3,3,4,4,1
270070290,7,4,3,3,4,4,1
270070295,7,4,3,3,4,4,1
270070300,7,4,3,3,4,4,1
270090005,6,3,2,5,5,2,7
270090010,6,3,2,5,5,2,5
270090015,6,3,2,5,5,2,7
270090020,6,3,2,5,5,2,5
270090025,6,3,2,5,5,2,5
270090030,6,3,2,5,5,1,7
270090035,6,3,2,5,5,2,7
270090040,6,3,2,5,5,1,7
270090045,6,3,2,5,5,1,5
270090050,6,3,2,5,5,2,7
270090055,6,3,2,5,5,1,5
270090056,6,3,2,5,5,1,4
270090060,6,3,2,5,5,1,7
270090067,6,3,2,5,5,1,7
270090070,6,3,2,5,5,1,5
270090080,6,3,2,5,5,1,4
270090085,6,3,2,5,5,1,5
270090090,6,3,2,5,5,2,5
270090095,6,3,2,5,5,1,4
270090100,6,3,2,5,5,1,4
270090105,6,3,2,5,5,1,4
270090110,6,3,2,5,5,1,4
270090111,6,3,2,5,5,1,4
270090112,6,3,2,5,5,1,4
270090113,6,3,2,5,5,1,5
270090115,6,3,2,5,5,1,5
270090120,6,3,2,5,5,1,4
270110005,7,5,4,3,5,1,4
270110010,7,5,4,3,5,1,4
270110015,7,5,4,3,5,1,4
270110020,7,5,4,3,5,1,4
270110025,7,5,4,3,5,1,4
270110030,7,5,4,3,5,1,4
270110031,7,5,4,3,5,1,4
270110035,7,5,4,3,5,1,4
270110040,7,5,4,3,5,1,4
270110045,7,5,4,3,5,1,4
270110050,7,5,4,3,5,1,4
270110055,7,5,4,3,5,1,4
270110056,7,5,4,3,5,1,4
270110060,7,5,4,3,5,1,4
270110065,7,5,4,3,5,1,4
270110070,7,5,4,3,5,1,4
270110075,7,5,4,3,5,1,4
270110080,7,5,4,3,5,1,4
270110085,7,5,4,3,5,1,4
270110086,7,5,4,3,5,1,4
270110090,7,5,4,3,5,1,4
270110095,7,5,4,3,5,1,4
270110100,7,5,4,3,5,1,4
270130005,1,5,7,4,6,0,6
270130010,1,5,7,4,6,0,6
270130015,1,5,7,4,6,0,6
270130020,1,5,7,4,6,0,6
270130025,1,5,7,4,6,0,6
270130030,1,5,7,4,6,0,6
270130035,1,5,7,4,6,0,6
270130040,1,5,7,4,6,0,6
270130045,1,5,7,4,6,0,6
270130050,1,5,7,4,6,0,6
270130055,1,5,7,4,6,0,6
270130060,1,5,7,4,6,0,6
270130065,1,5,7,4,6,0,6
270130070,1,5,7,4,6,0,6
270130075,1,5,7,4,6,0,6
270130080,1,5,7,4,6,0,6
270130085,1,5,7,4,6,0,6
270130090,1,5,7,4,6,0,6
270130095,1,5,7,4,6,0,6
270130100,1,5,7,4,6,0,6
270130105,1,5,7,4,6,0,6
270130106,1,5,7,4,6,0,6
270130110,1,5,7,4,6,0,6
270130115,1,5,7,4,6,0,6
270130120,1,5,7,4,6,0,6
270130125,1,5,7,4,6,0,6
270130130,1,5,7,4,6,0,6
270130135,1,5,7,4,6,0,6
270130140,1,5,7,4,6,0,6
270130142,1,5,7,4,6,0,6
270130145,1,5,7,4,6,0,6
270130150,1,5,7,4,6,0,6
270130155,1,5,7,4,6,0,6
270130160,1,5,7,4,6,0,6
270130165,1,5,7,4,6,0,6
270130170,1,5,7,4,6,0,6
270130175,1,5,7,4,6,0,6
270130195,1,5,7,4,6,0,6
270130197,1,5,7,4,6,0,6
270130200,1,5,7,4,6,0,6
270130205,1,5,7,4,6,0,6
270130210,1,5,7,4,6,0,6
270130212,1,5,7,4,6,0,6
270130213,1,5,7,4,6,0,6
270130215,1,5,7,4,6,0,6
270130220,1,5,7,4,6,0,6
270130225,1,5,7,4,6,0,6
270130230,1,5,7,4,6,0,6
270130235,1,5,7,4,6,0,6
270130240,1,5,7,4,6,0,6
270130245,1,5,7,4,6,0,6
270130250,1,5,7,4,6,0,6
270130255,1,5,7,4,6,0,6
270130260,1,5,7,4,6,0,6
270150005,1,5,7,4,5,0,6
270150010,1,5,7,4,5,0,4
270150015,1,5,7,4,5,0,4
270150020,1,5,7,4,5,0,4
270150025,1,5,7,4,5,0,4
270150030,1,5,7,4,5,0,6
270150035,1,5,7,4,5,1,4
270150040,1,5,7,4,5,1,4
270150045,1,5,7,4,5,0,6
270150050,1,5,7,4,5,1,4
270150055,1,5,7,4,5,0,4
270150060,1,5,7,4,5,0,4
270150065,1,5,7,4,5,0,6
270150070,1,5,7,4,5,0,6
270150075,1,5,7,4,5,0,4
270150080,1,5,7,4,5,0,6
270150085,1,5,7,4,5,0,6
270150090,1,5,7,4,5,0,6
270150095,1,5,7,4,5,0,6
270150100,1,5,7,4,5,0,6
270150105,1,5,7,4,5,0,6
270150110,1,5,7,4,5,0,6
270150115,1,5,7,4,5,0,6
270150120,1,5,7,4,5,0,4
270150125,1,5,7,4,5,1,4
270150130,1,5,7,4,5,0,6
270150135,1,5,7,4,5,1,4
270150140,1,5,7,4,5,1,4
270150145,1,5,7,4,5,0,4
270150150,1,5,7,4,5,0,4
270150155,1,5,7,4,5,0,4
270150160,1,5,7,4,5,0,4
270170005,8,2,3,7,4,4,1
270170010,8,2,3,7,4,4,7
270170015,8,2,3,7,4,4,1
270170020,8,2,3,7,4,4,1
270170025,8,2,3,7,4,4,7
270170030,8,2,3,7,4,4,1
270170035,8,2,3,7,4,4,1
270170040,8,2,3,7,4,4,1
270170045,8,2,3,7,4,4,1
270170050,8,2,3,7,4,4,1
270170055,8,2,3,7,4,4,1
270170060,8,2,3,7,4,4,1
270170065,8,2,3,7,4,4,1
270170068,8,2,3,7,4,4,1
270170070,8,2,3,7,4,4,1
270170075,8,2,3,7,4,4,7
270170080,8,2,3,7,4,4,7
270170085,8,2,3,7,4,4,1
270170090,8,2,3,7,4,4,1
270170095,8,2,3,7,4,4,1
270170100,8,2,3,7,4,4,7
270170105,8,2,3,7,4,4,1
270170110,8,2,3,7,4,4,1
270170115,8,2,3,7,4,4,1
270170118,8,2,3,7,4,4,1
270170120,8,2,3,7,4,4,1
270170125,8,2,3,7,4,4,7
270170130,8,2,3,7,4,4,1
270170135,8,2,3,7,4,4,1
270170140,8,2,3,7,4,4,1
270170145,8,2,3,7,4,4,1
270170150,8,2,3,7,4,4,1
270170155,8,2,3,7,4,4,1
270170165,8,2,3,7,4,4,1
270170170,8,2,3,7,4,4,1
270170175,8,2,3,7,4,4,1
270170180,8,2,3,7,4,4,1
270170185,8,2,3,7,4,4,7
270190005,6,5,5,5,0,3,6
270190010,6,5,5,5,0,1,4
270190015,6,5,5,5,0,3,6
270190020,3,5,5,5,0,3,0
270190025,3,5,5,5,0,3,0
270190030,3,5,5,5,0,3,3
270190035,3,5,5,5,0,3,3
270190036,3,5,5,5,0,3,3
270190037,3,5,5,5,0,3,0
270190038,3,5,5,5,0,3,3
270190040,3,5,5,5,0,3,3
270190045,3,5,5,5,0,3,0
270190050,3,5,5,5,0,3,3
270190055,3,5,5,5,0,3,3
270190065,6,5,5,5,0,3,6
270190070,6,5,5,5,0,3,6
270190072,3,5,5,5,0,3,3
270190075,6,5,5,5,0,1,6
270190080,6,5,5,5,0,3,6
270190085,6,5,5,5,0,1,4
270190090,3,5,5,5,0,3,4
270190095,6,5,5,5,0,3,4
270190100,6,5,5,5,0,1,4
270190105,6,5,5,5,0,1,6
270190110,6,5,5,5,0,3,6
270190112,3,5,5,5,0,3,3
270190115,3,5,5,5,0,3,0
270190117,3,5,5,5,0,3,0
270190119,3,5,5,5,0,3,0
270190120,6,5,5,5,0,3,4
270190125,6,5,5,5,0,3,4
270190130,6,5,5,5,0,3,4
270190135,6,5,5,5,0,3,0
270190140,6,5,5,5,0,3,0
270190150,6,5,5,5,0,1,6
270210005,8,3,3,3,4,4,4
270210010,8,3,3,3,4,4,1
270210015,8,3,3,3,4,4,1
270210020,8,3,3,3,4,1,4
270210025,8,3,3,3,4,4,1
270210030,8,3,3,3,4,4,1
270210035,8,3,3,3,4,4,1
270210040,8,3,3,3,4,4,1
270210045,8,3,3,3,4,4,1
270210050,8,3,3,3,4,4,1
270210055,8,3,3,3,4,4,1
270210060,8,3,3,3,4,4,1
270210065,8,3,3,3,4,4,4
270210070,8,3,3,3,4,4,4
270210075,8,3,3,3,4,4,1
270210080,8,3,3,3,4,4,1
270210085,8,3,3,3,4,4,1
270210090,8,3,3,3,4,4,1
270210095,8,3,3,3,4,1,1
270210100,8,3,3,3,4,1,1
270210105,8,3,3,3,4,4,1
270210110,8,3,3,3,4,4,1
270210115,8,3,3,3,4,4,1
270210118,8,3,3,3,4,4,1
270210120,8,3,3,3,4,4,1
270210125,8,3,3,3,4,4,1
270210130,8,3,3,3,4,4,1
270210135,8,3,3,3,4,4,1
270210140,8,3,3,3,4,4,1
270210145,8,3,3,3,4,4,1
270210150,8,3,3,3,4,4,1
270210155,8,3,3,3,4,4,1
270210160,8,3,3,3,4,4,1
270210165,8,3,3,3,4,4,4
270210170,8,3,3,3,4,4,1
270210175,8,3,3,3,4,1,4
270210180,8,3,3,3,4,4,4
270210185,8,3,3,3,4,4,4
270210187,8,3,3,3,4,1,4
270210188,8,3,3,3,4,4,1
270210190,8,3,3,3,4,4,1
270210195,8,3,3,3,4,1,1
270210200,8,3,3,3,4,4,1
270210205,8,3,3,3,4,4,1
270210210,8,3,3,3,4,4,1
270210215,8,3,3,3,4,4,1
270210220,8,3,3,3,4,4,4
270210225,8,3,3,3,4,4,1
270210230,8,3,3,3,4,4,1
270210235,8,3,3,3,4,4,1
270210237,8,3,3,3,4,4,1
270210240,8,3,3,3,4,4,1
270210245,8,3,3,3,4,4,1
270210247,8,3,3,3,4,4,1
270210250,8,3,3,3,4,4,1
270210252,8,3,3,3,4,4,1
270210255,8,3,3,3,4,4,1
270210260,8,3,3,3,4,4,1
270210262,8,3,3,3,4,4,1
270210265,8,3,3,3,4,1,1
270210270,8,3,3,3,4,4,1
270210275,8,3,3,3,4,4,1
270210280,8,3,3,3,4,4,1
270210285,8,3,3,3,4,4,1
270210290,8,3,3,3,4,4,1
270210295,8,3,3,3,4,4,1
270210300,8,3,3,3,4,4,4
270210305,8,3,3,3,4,4,1
270210310,8,3,3,3,4,4,1
270210312,8,3,3,3,4,4,1
270210315,8,3,3,3,4,4,1
270210317,8,3,3,3,4,4,1
270210320,8,3,3,3,4,4,1
270230005,7,5,4,3,5,1,4
270230010,7,5,4,3,5,1,4
270230015,7,5,4,3,5,1,4
270230020,7,5,4,3,5,1,4
270230025,7,5,4,3,5,1,4
270230030,7,5,4,3,5,1,4
270230032,7,5,4,3,5,1,4
270230035,7,5,4,3,5,1,4
270230040,7,5,4,3,5,1,4
270230045,7,5,4,3,5,1,4
270230050,7,5,4,3,5,1,4
270230055,7,5,4,3,5,1,4
270230060,7,5,4,3,5,1,4
270230065,7,5,4,3,5,1,4
270230070,7,5,4,3,5,1,4
270230075,7,5,4,3,5,1,4
270230090,7,5,4,3,5,1,4
270230100,7,5,4,3,5,1,4
270230105,7,5,4,3,5,1,4
270230110,7,5,4,3,5,1,4
270230115,7,5,4,3,5,1,4
270230120,7,5,4,3,5,1,4
270230125,7,5,4,3,5,1,4
270230130,7,5,4,3,5,1,4
270230135,7,5,4,3,5,1,4
270250005,8,2,2,7,1,2,7
270250015,8,2,2,7,1,2,7
270250020,8,2,2,7,1,2,5
270250025,8,2,2,7,1,2,7
270250030,8,2,2,7,1,2,7
270250035,8,2,2,7,1,2,5
270250040,8,2,2,7,1,2,7
270250045,8,2,2,7,1,2,7
270250050,8,2,2,7,1,2,7
270250055,8,2,2,7,1,2,7
270250060,8,2,2,7,1,2,7
270250065,8,2,2,7,1,2,7
270250066,8,2,2,7,1,2,7
270250067,8,2,2,7,1,2,7
270250070,8,2,2,7,1,2,7
270250075,8,2,2,7,1,2,7
270250080,8,2,2,7,1,2,7
270250085,8,2,2,7,1,2,7
270250086,8,2,2,7,1,2,7
270250090,8,2,2,7,1,2,5
270250095,8,2,2,7,1,2,7
270250100,8,2,2,7,1,2,7
270250105,8,2,2,7,1,2,5
270270005,7,4,4,3,5,4,4
270270010,7,4,4,3,5,4,4
270270015,7,4,4,3,5,4,4
270270020,7,4,4,3,5,4,4
270270025,7,4,4,3,5,4,4
270270030,7,4,4,3,5,4,4
270270035,7,4,4,3,5,4,4
270270040,7,4,4,3,5,4,4
270270045,7,4,4,3,5,4,4
270270050,7,4,4,3,5,4,4
270270055,7,4,4,3,5,4,4
270270060,7,4,4,3,5,4,4
270270065,7,4,4,3,5,4,4
270270070,7,4,4,3,5,4,4
270270075,7,4,4,3,5,4,1
270270080,7,4,4,3,5,4,1
270270085,7,4,4,3,5,4,4
270270090,7,4,4,3,5,4,4
270270095,7,4,4,3,5,4,4
270270100,7,4,4,3,5,4,4
270270105,7,4,4,3,5,4,4
270270110,7,4,4,3,5,4,4
270270115,7,4,4,3,5,4,4
270270120,7,4,4,3,5,4,4
270270125,7,4,4,3,5,4,4
270270130,7,4,4,3,5,4,4
270270135,7,4,4,3,5,4,4
270270140,7,4,4,3,5,4,1
270270145,7,4,4,3,5,4,4
270270150,7,4,4,3,5,4,4
270270155,7,4,4,3,5,4,4
270270157,7,4,4,3,5,4,4
270270160,7,4,4,3,5,4,4
270270165,7,4,4,3,5,4,4
270270170,7,4,4,3,5,4,4
270270175,7,4,4,3,5,4,4
270270180,7,4,4,3,5,4,4
270270185,7,4,4,3,5,4,4
270270190,7,4,4,3,5,4,4
270270195,7,4,4,3,5,4,4
270270200,7,4,4,3,5,4,4
270270205,7,4,4,3,5,4,4
270270210,7,4,4,3,5,4,4
270270212,7,4,4,3,5,4,4
270270214,7,4,4,3,5,4,4
270270215,7,4,4,3,5,4,4
270270217,7,4,4,3,5,4,4
270270220,7,4,4,3,5,4,1
270270225,7,4,4,3,5,4,4
270270230,7,4,4,3,5,4,4
270270235,7,4,4,3,5,4,4
270270240,7,4,4,3,5,4,4
270270245,7,4,4,3,5,4,4
270270250,7,4,4,3,5,4,4
270270255,7,4,4,3,5,4,4
270270260,7,4,4,3,5,4,4
270270265,7,4,4,3,5,4,4
270270270,7,4,4,3,5,4,1
270290005,7,4,3,3,4,4,1
270290010,7,4,3,3,4,4,4
270290015,7,4,3,3,4,4,1
270290020,7,4,3,3,4,4,1
270290025,7,4,3,3,4,4,1
270290030,7,4,3,3,4,4,1
270290035,7,4,3,3,4,4,1
270290040,7,4,3,3,4,4,4
270290045,7,4,3,3,4,4,1
270290050,7,4,3,3,4,4,1
270290055,7,4,3,3,4,4,1
270290056,7,4,3,3,4,4,1
270290060,7,4,3,3,4,4,1
270290065,7,4,3,3,4,4,1
270290070,7,4,3,3,4,4,4
270290075,7,4,3,3,4,4,1
270290080,7,4,3,3,4,4,1
270290085,7,4,3,3,4,4,4
270290090,7,4,3,3,4,4,1
270290095,7,4,3,3,4,4,4
270290100,7,4,3,3,4,4,1
270290105,7,4,3,3,4,4,1
270290110,7,4,3,3,4,4,4
270290115,7,4,3,3,4,4,1
270290120,7,4,3,3,4,4,1
270290125,7,4,3,3,4,4,1
270290130,7,4,3,3,4,4,1
270290135,7,4,3,3,4,4,1
270290140,7,4,3,3,4,4,1
270310005,8,3,3,7,4,4,1
270310010,8,3,3,7,4,4,1
270310015,8,3,3,7,4,4,1
270310020,8,3,3,7,4,4,1
270310025,8,3,3,7,4,4,1
270310030,8,3,3,7,4,4,1
270310035,8,3,3,7,4,4,1
270310040,8,3,3,7,4,4,1
270310045,8,3,3,7,4,4,1
270310050,8,3,3,7,4,4,1
270310055,8,3,3,7,4,4,1
270310060,8,3,3,7,4,4,1
270310065,8,3,3,7,4,4,1
270330005,7,5,7,3,6,0,4
270330010,7,5,7,3,6,0,4
270330015,7,5,7,3,6,0,4
270330020,1,5,7,3,6,0,4
270330025,1,5,7,3,6,0,4
270330030,1,5,7,3,6,0,4
270330035,7,5,7,3,6,0,4
270330040,1,5,7,3,6,0,4
270330045,1,5,7,3,6,0,4
270330047,7,5,7,3,6,0,4
270330050,7,5,7,3,6,0,4
270330055,7,5,7,3,6,0,4
270330060,7,5,7,3,6,0,4
270330065,1,5,7,3,6,0,4
270330070,1,5,7,3,6,0,4
270330075,1,5,7,3,6,0,4
270330085,1,5,7,3,6,0,4
270330090,7,5,7,3,6,0,6
270330095,1,5,7,3,6,0,4
270330100,7,5,7,3,6,0,6
270330105,7,5,7,3,6,0,6
270330110,7,5,7,3,6,0,4
270330115,7,5,7,3,6,0,4
270330120,7,5,7,3,6,0,4
270330125,7,5,7,3,6,0,4
270330130,7,5,7,3,6,0,4
270330135,7,5,7,3,6,0,4
270330140,7,5,7,3,6,0,4
270330145,7,5,7,3,6,0,4
270350005,8,3,3,3,4,1,1
270350006,8,3,3,3,4,1,1
270350007,8,3,3,3,4,1,1
270350008,8,3,3,3,4,1,1
270350010,8,3,3,3,4,2,1
270350015,8,3,3,3,4,1,1
270350016,8,3,3,3,4,1,1
270350020,8,3,3,3,4,1,1
270350025,8,3,3,3,4,1,1
270350035,8,3,3,3,4,1,1
270350040,8,3,3,3,4,1,1
270350042,8,3,3,3,4,1,1
270350045,8,3,3,3,4,1,1
270350050,8,3,3,3,4,1,1
270350055,8,3,3,3,4,4,1
270350060,8,3,3,3,4,4,1
270350065,8,3,3,3,4,4,1
270350070,8,3,3,3,4,4,1
270350075,8,3,3,3,4,4,1
270350076,8,3,3,3,4,4,1
270350080,8,3,3,3,4,1,1
270350082,8,3,3,3,4,1,1
270350085,8,3,3,3,4,4,1
270350090,8,3,3,3,4,1,1
270350095,8,3,3,3,4,1,1
270350100,8,3,3,3,4,4,7
270350105,8,3,3,3,4,4,1
270350110,8,3,3,3,4,4,1
270350115,8,3,3,3,4,4,1
270350120,8,3,3,3,4,4,1
270350125,8,3,3,3,4,4,1
270350130,8,3,3,3,4,1,1
270350135,8,3,3,3,4,1,1
270350140,8,3,3,3,4,4,1
270350145,8,3,3,3,4,2,1
270350150,8,3,3,3,4,2,1
270350155,8,3,3,3,4,4,1
270350160,8,3,3,3,4,4,1
270350165,8,3,3,3,4,4,1
270350170,8,3,3,3,4,4,1
270350175,8,3,3,3,4,4,1
270350180,8,3,3,3,4,4,1
270350185,8,3,3,3,4,1,1
270350190,8,3,3,3,4,4,1
270350195,8,3,3,3,4,4,1
270350200,8,3,3,3,4,1,1
270350205,8,3,3,3,4,4,1
270350210,8,3,3,3,4,2,1
270350215,8,3,3,3,4,4,1
270350220,8,3,3,3,4,4,1
270350225,8,3,3,3,4,2,1
270350230,8,3,3,3,4,1,1
270350235,8,3,3,3,4,4,1
270350240,8,3,3,3,4,4,1
270350245,8,3,3,3,4,4,1
270350250,8,3,3,3,4,2,1
270350255,8,3,3,3,4,4,1
270350260,8,3,3,3,4,2,1
270350265,8,3,3,3,4,4,1
270350275,8,3,3,3,4,1,1
270350280,8,3,3,3,4,4,1
270350285,8,3,3,3,4,4,1
270350290,8,3,3,3,4,4,1
270350295,8,3,3,3,4,1,1
270371010,2,0,6,6,3,6,2
270371020,2,0,6,6,3,6,2
270371030,2,0,6,6,3,6,2
270371040,2,0,6,6,3,6,2
270371050,2,0,6,6,3,6,2
270371055,2,0,6,6,3,6,2
270371060,2,0,6,6,3,6,2
270371070,2,0,6,6,3,6,2
270371080,2,0,6,6,3,6,2
270371090,2,0,6,6,3,6,2
270371100,2,0,6,6,3,6,2
270371110,2,0,6,6,3,6,2
270371120,2,0,6,6,3,6,2
270371130,2,0,6,6,3,6,2
270371140,2,0,6,6,3,6,2
270371150,2,0,6,6,3,6,2
270371210,2,0,6,6,3,6,2
270371220,2,0,6,6,3,6,3
270371230,2,0,6,6,3,6,3
270371240,2,0,6,6,3,6,3
270371250,2,0,6,6,3,6,2
270371260,2,0,6,6,3,6,2
270371270,2,0,6,6,3,6,3
270371280,2,0,6,6,3,6,2
270371290,2,0,6,6,3,6,2
270371300,2,0,6,6,3,6,2
270371310,2,0,6,6,3,6,3
270371320,2,0,6,6,3,6,2
270371330,2,0,6,6,3,6,2
270371340,2,0,6,6,3,6,2
270371350,2,0,6,6,3,6,2
270371360,2,0,6,6,3,6,2
270371370,2,0,6,6,3,6,3
270371410,2,0,6,6,3,6,2
270371510,2,0,6,6,3,6,2
270371610,2,0,6,6,3,6,7
270371710,2,0,6,6,3,6,2
270371720,2,0,6,6,3,6,2
270371730,2,0,6,6,3,6,2
270371740,2,0,6,6,3,6,2
270371750,2,0,6,6,3,6,2
270371755,2,0,6,6,3,6,2
270371760,2,0,6,6,3,6,2
270371765,2,0,6,6,3,6,2
270371770,2,0,6,6,3,6,2
270371780,2,0,6,6,3,6,2
270371790,2,0,6,6,3,6,2
270371795,2,0,6,6,3,6,2
270371800,2,0,6,6,3,6,2
270371810,2,0,6,6,3,6,2
270371820,2,0,6,6,3,6,2
270371830,2,0,6,6,3,6,2
270371840,2,0,6,6,3,6,2
270371850,2,0,6,6,3,6,2
270371860,2,0,6,6,3,6,2
270371870,2,0,6,6,3,6,2
270372010,2,0,6,6,3,6,2
270372110,2,0,6,6,3,6,2
270372210,2,0,6,6,3,6,2
270372220,2,0,6,6,3,6,2
270372230,2,0,6,6,3,6,2
270372240,2,0,6,6,3,6,2
270372250,2,0,6,6,3,6,2
270372260,2,0,6,6,3,6,2
270372310,2,0,6,6,3,6,2
270372410,2,0,6,6,3,6,2
270372510,2,0,6,6,3,6,2
270372610,2,0,6,6,3,6,7
270372620,2,0,6,6,3,6,7
270372630,2,0,6,6,3,6,2
270372635,2,0,6,6,3,6,2
270372640,2,0,6,6,3,6,2
270372645,2,0,6,6,3,6,2
270372650,2,0,6,6,3,6,2
270372660,2,0,6,6,3,6,7
270372710,2,0,6,6,3,6,2
270372720,2,0,6,6,3,6,2
270372730,2,0,6,6,3,6,2
270372740,2,0,6,6,3,6,2
270372750,2,0,6,6,3,6,2
270372760,2,0,6,6,3,6,2
270372770,2,0,6,6,3,6,7
270372780,2,0,6,6,3,6,2
270372790,2,0,6,6,3,6,2
270372800,2,0,6,6,3,6,2
270372910,2,0,6,6,3,6,2
270372920,2,0,6,6,3,6,2
270372930,2,0,6,6,3,6,2
270372940,2,0,6,6,3,6,2
270372950,2,0,6,6,3,6,2
270372960,2,0,6,6,3,6,2
270372970,2,0,6,6,3,6,3
270372980,2,0,6,6,3,6,2
270372990,2,0,6,6,3,6,2
270373000,2,0,6,6,3,6,2
270373010,2,0,6,6,3,6,2
270373020,2,0,6,6,3,6,2
270373030,2,0,6,6,3,6,2
270373040,2,0,6,6,3,6,2
270373050,2,0,6,6,3,6,2
270373060,2,0,6,6,3,6,2
270373070,2,0,6,6,3,6,2
270373110,2,0,6,6,3,7,2
270373210,2,0,6,6,3,6,7
270373310,2,0,6,6,3,6,2
270373410,2,0,6,6,3,7,2
270373420,2,0,6,6,3,6,2
270373430,2,0,6,6,3,6,2
270373440,2,0,6,6,3,6,2
270373450,2,0,6,6,3,6,2
270373510,2,0,6,6,3,6,7
270373610,2,0,6,6,3,6,2
270373710,2,0,6,6,3,6,2
270373810,2,0,6,6,3,6,2
270373910,2,0,6,6,3,6,7
270374010,2,0,6,6,3,6,7
270374110,2,0,6,6,3,6,7
270374210,2,0,6,6,3,6,2
270374220,2,0,6,6,3,6,2
270374230,2,0,6,6,3,6,2
270374240,2,0,6,6,3,6,2
270374250,2,0,6,6,3,6,2
270374260,2,0,6,6,3,6,2
270374270,2,0,6,6,3,6,2
270374310,2,0,6,6,3,6,2
270374410,2,0,6,6,3,7,2
270374420,2,0,6,6,3,6,2
270374430,2,0,6,6,3,6,2
270374440,2,0,6,6,3,6,2
270374450,2,0,6,6,3,6,2
270374510,2,0,6,6,3,6,2
270374610,2,0,6,6,3,6,2
270374710,2,0,6,6,3,6,2
270374810,2,0,6,6,3,6,2
270374910,2,0,6,6,3,7,3
270374920,2,0,6,6,3,6,2
270374940,2,0,6,6,3,7,2
270374950,2,0,6,6,3,6,2
270374970,2,0,6,6,3,7,2
270374980,2,0,6,6,3,6,2
270390005,1,6,7,4,6,0,6
270390007,1,6,7,4,6,0,2
270390010,1,6,7,4,6,0,2
270390015,1,6,7,4,6,0,2
270390020,1,6,7,4,6,0,2
270390025,1,6,7,4,6,0,2
270390030,1,6,7,4,6,0,2
270390032,1,6,7,4,6,0,6
270390035,1,6,7,4,6,0,2
270390040,1,6,7,4,6,0,6
270390045,1,6,7,4,6,0,6
270390050,1,6,7,4,6,0,2
270390051,1,6,7,4,6,0,2
270390052,1,6,7,4,6,0,2
270390055,1,6,7,4,6,0,2
270390060,1,6,7,4,6,0,2
270390065,1,6,7,4,6,0,2
270390070,1,6,7,4,6,0,6
270390075,1,6,7,4,6,0,6
270390080,1,6,7,4,6,0,2
270390085,1,6,7,4,6,0,2
270390090,1,6,7,4,6,0,6
270410005,7,4,4,5,5,1,1
270410007,7,4,4,5,5,1,1
270410010,7,4,4,5,5,1,1
270410015,7,4,4,5,5,1,1
270410020,7,4,4,5,5,1,1
270410025,7,4,4,5,5,1,1
270410027,7,4,4,5,5,1,1
270410030,7,4,4,5,5,1,1
270410035,7,4,4,5,5,1,1
270410040,7,4,4,5,5,1,1
270410045,7,4,4,5,5,1,1
270410050,7,4,4,5,5,1,1
270410055,7,4,4,5,5,1,1
270410060,7,4,4,5,5,1,4
270410065,7,4,4,5,5,1,4
270410070,7,4,4,5,5,1,1
270410075,7,4,4,5,5,1,1
270410080,7,4,4,5,5,1,1
270410085,7,4,4,5,5,1,1
270410090,7,4,4,5,5,1,1
270410095,7,4,4,5,5,1,4
270410100,7,4,4,5,5,1,1
270410105,7,4,4,5,5,1,1
270410110,7,4,4,5,5,1,4
270410115,7,4,4,5,5,1,4
270410120,7,4,4,5,5,1,4
270410125,7,4,4,5,5,1,4
270410130,7,4,4,5,5,1,4
270410135,7,4,4,5,5,1,4
270410140,7,4,4,5,5,1,1
270410145,7,4,4,5,5,1,1
270410150,7,4,4,5,5,1,1
270410155,7,4,4,5,5,1,1
270410160,7,4,4,5,5,1,1
270410165,7,4,4,5,5,1,4
270410170,7,4,4,5,5,1,1
270410175,7,4,4,5,5,1,4
270430005,1,5,7,4,6,0,6
270430010,1,5,7,4,6,0,6
270430015,1,5,7,4,6,0,6
270430020,1,5,7,4,6,0,6
270430025,1,5,7,4,6,0,6
270430030,1,5,7,4,6,0,6
270430035,1,5,7,4,6,0,6
270430040,1,5,7,4,6,0,6
270430045,1,5,7,4,6,0,6
270430050,1,5,7,4,6,0,6
270430055,1,5,7,4,6,0,6
270430060,1,5,7,4,6,0,6
270430065,1,5,7,4,6,0,6
270430070,1,5,7,4,6,0,6
270430075,1,5,7,4,6,0,6
270430080,1,5,7,4,6,0,6
270430085,1,5,7,4,6,0,6
270430090,1,5,7,4,6,0,6
270430095,1,5,7,4,6,0,6
270430100,1,5,7,4,6,0,6
270430105,1,5,7,4,6,0,6
270430110,1,5,7,4,6,0,6
270430115,1,5,7,4,6,0,6
270430120,1,5,7,4,6,0,6
270430125,1,5,7,4,6,0,6
270430130,1,5,7,4,6,0,6
270430135,1,5,7,4,6,0,6
270430140,1,5,7,4,6,0,6
270430145,1,5,7,4,6,0,6
270430150,1,5,7,4,6,0,6
270430155,1,5,7,4,6,0,6
270430160,1,5,7,4,6,0,6
270430165,1,5,7,4,6,0,6
270450005,1,6,7,4,6,0,6
270450010,1,6,7,4,6,0,6
270450015,1,6,7,4,6,0,6
270450020,1,6,7,4,6,0,6
270450025,1,6,7,4,6,0,6
270450030,1,6,7,4,6,0,6
270450035,1,6,7,4,6,0,6
270450040,1,6,7,4,6,0,6
270450045,1,6,7,4,6,0,6
270450050,1,6,7,4,6,0,6
270450055,1,6,7,4,6,0,6
270450060,1,6,7,4,6,0,6
270450065,1,6,7,4,6,0,6
270450070,1,6,7,4,6,0,6
270450075,1,6,7,4,6,0,6
270450080,1,6,7,4,6,0,6
270450085,1,6,7,4,6,0,6
270450090,1,6,7,4,6,0,6
270450095,1,6,7,4,6,0,6
270450100,1,6,7,4,6,0,6
270450105,1,6,7,4,6,0,6
270450110,1,6,7,4,6,0,6
270450115,1,6,7,4,6,0,6
270450120,1,6,7,4,6,0,6
270450125,1,6,7,4,6,0,6
270450130,1,6,7,4,6,0,6
270450135,1,6,7,4,6,0,6
270450140,1,6,7,4,6,0,6
270450150,1,6,7,4,6,0,6
270450155,1,6,7,4,6,0,6
270450160,1,6,7,4,6,0,6
270450165,1,6,7,4,6,0,6
270450175,1,6,7,4,6,0,6
270450180,1,6,7,4,6,0,6
270450185,1,6,7,4,6,0,6
270450190,1,6,7,4,6,0,6
270450195,1,6,7,4,6,0,6
270470005,1,6,7,4,6,0,6
270470010,1,6,7,4,6,0,6
270470015,1,6,7,4,6,0,6
270470025,1,6,7,4,6,0,6
270470035,1,6,7,4,6,0,6
270470045,1,6,7,4,6,0,6
270470050,1,6,7,4,6,0,6
270470060,1,6,7,4,6,0,6
270470061,1,6,7,4,6,0,6
270470065,1,6,7,4,6,0,6
270470070,1,6,7,4,6,0,6
270470075,1,6,7,4,6,0,6
270470080,1,6,7,4,6,0,6
270470085,1,6,7,4,6,0,6
270470090,1,6,7,4,6,0,6
270470095,1,6,7,4,6,0,6
270470100,1,6,7,4,6,0,6
270470105,1,6,7,4,6,0,6
270470110,1,6,7,4,6,0,6
270470115,1,6,7,4,6,0,6
270470120,1,6,7,4,6,0,6
270470125,1,6,7,4,6,0,6
270470130,1,6,7,4,6,0,6
270470135,1,6,7,4,6,0,6
270470140,1,6,7,4,6,0,6
270470145,1,6,7,4,6,0,6
270470150,1,6,7,4,6,0,6
270470155,1,6,7,4,6,0,6
270470160,1,6,7,4,6,0,6
270470165,1,6,7,4,6,0,6
270470170,1,6,7,4,6,0,6
270470175,1,6,7,4,6,0,6
270470180,1,6,7,4,6,0,6
270470185,1,6,7,4,6,0,6
270470190,1,6,7,4,6,0,6
270470195,1,6,7,4,6,0,6
270470200,1,6,7,4,6,0,6
270470205,1,6,7,4,6,0,6
270470210,1,6,7,4,6,0,6
270470215,1,6,7,4,6,0,6
270470220,1,6,7,4,6,0,6
270490005,2,6,6,6,6,6,6
270490010,2,6,6,6,6,6,2
270490015,2,6,6,6,6,6,6
270490020,2,6,6,6,6,6,7
270490025,2,6,6,6,6,6,2
270490030,2,6,6,6,6,6,7
270490035,2,6,6,6,6,0,2
270490040,2,6,6,6,6,6,2
270490045,2,6,6,6,6,6,6
270490050,2,6,6,6,6,6,6
270490055,2,6,6,6,6,6,6
270490060,2,6,6,6,6,6,6
270490065,2,6,6,6,6,6,6
270490070,2,6,6,6,6,6,2
270490075,2,6,6,6,6,0,2
270490080,2,6,6,6,6,0,2
270490085,2,6,6,6,6,6,6
270490090,2,6,6,6,6,6,2
270490095,2,6,6,6,6,6,2
270490100,2,6,6,6,6,0,2
270490105,2,6,6,6,6,0,2
270490110,2,6,6,6,6,6,6
270490115,2,6,6,6,6,6,6
270490125,2,6,6,6,6,6,6
270490130,2,6,6,6,6,6,6
270490140,2,6,6,6,6,6,6
270490145,2,6,6,6,6,6,6
270490155,2,6,6,6,6,6,6
270490160,2,6,6,6,6,6,6
270490170,2,6,6,6,6,0,2
270490175,2,6,6,6,6,6,7
270490180,2,6,6,6,6,6,6
270490185,2,6,6,6,6,6,6
270490190,2,6,6,6,6,6,2
270490195,2,6,6,6,6,6,2
270490200,2,6,6,6,6,6,2
270490205,2,6,6,6,6,6,7
270490210,2,6,6,6,6,6,2
270490215,2,6,6,6,6,6,2
270490220,2,6,6,6,6,6,2
270510005,7,5,4,3,5,1,4
270510010,7,5,4,3,5,1,4
270510015,7,5,4,3,5,1,4
270510020,7,5,4,3,5,1,4
270510025,7,5,4,3,5,1,4
270510030,7,5,4,3,5,1,4
270510035,7,5,4,3,5,1,4
270510040,7,5,4,3,5,1,4
270510045,7,5,4,3,5,1,4
270510050,7,5,4,3,5,1,4
270510055,7,5,4,3,5,1,4
270510060,7,5,4,3,5,1,4
270510065,7,5,4,3,5,1,4
270510070,7,5,4,3,5,1,4
270510075,7,5,4,3,5,1,4
270510080,7,5,4,3,5,1,4
270510085,7,5,4,3,5,1,4
270510090,7,5,4,3,5,1,4
270510095,7,5,4,3,5,1,4
270510100,7,5,4,3,5,1,4
270510105,7,5,4,3,5,1,4
270510110,7,5,4,3,5,1,4
270510115,7,5,4,3,5,1,4
270530005,3,0,5,2,0,6,2
270530010,3,0,5,2,0,6,2
270530015,3,0,5,2,0,6,2
270530020,3,7,5,2,0,6,3
270530025,3,7,5,2,0,6,3
270530030,3,7,5,2,0,6,3
270530035,3,7,5,2,0,6,3
270530036,3,7,5,2,0,6,3
270530040,3,6,5,2,0,3,3
270530045,3,6,5,2,0,3,3
270530050,3,6,5,2,0,3,3
270530055,3,6,5,2,0,3,3
270530060,3,6,5,2,0,3,3
270530065,3,6,5,2,0,3,3
270530070,3,6,5,2,0,3,3
270530071,3,6,5,2,0,3,3
270530075,3,7,5,2,0,6,3
270530080,3,7,5,2,0,6,3
270530085,3,7,5,2,0,3,3
270530090,3,7,5,2,0,3,3
270530095,3,7,5,2,0,6,3
270530100,3,7,5,2,0,6,3
270530105,3,7,5,2,0,6,3
270530106,3,6,5,2,0,3,3
270530107,3,7,5,2,0,6,3
270530110,3,0,5,2,0,6,2
270530115,3,0,5,2,0,6,3
270530120,3,0,5,2,0,6,2
270530125,3,7,5,2,0,6,3
270530130,3,0,5,2,0,6,2
270530131,3,7,5,2,0,6,2
270530132,3,7,5,2,0,6,2
270530200,5,2,0,0,7,5,5
270530205,5,2,0,0,7,5,5
270530210,5,2,0,0,7,5,7
270530215,5,2,0,0,7,5,5
270530220,5,2,0,0,7,5,5
270530225,5,2,0,0,7,5,5
270530230,5,2,0,0,7,5,5
270530300,3,2,0,0,7,5,7
270530305,3,2,0,0,7,5,7
270530310,3,2,0,0,7,5,7
270530315,3,2,0,0,7,5,7
270530320,3,2,0,0,7,5,7
270530325,3,2,0,0,7,5,7
270530330,3,3,0,0,7,5,7
270530335,3,3,0,0,7,5,7
270530340,3,2,0,0,7,5,7
270530345,3,2,0,0,7,5,7
270530350,3,2,0,0,7,5,7
270530355,3,2,0,0,7,5,7
270530360,3,2,0,0,7,5,7
270530362,3,2,0,0,7,5,7
270530365,3,2,0,0,7,5,7
270530370,3,2,0,0,7,5,7
270530375,3,2,0,0,7,5,7
270530395,3,2,0,0,7,5,5
270530397,3,2,0,0,7,5,5
270530400,3,2,0,0,7,5,5
270530405,3,2,0,0,7,5,5
270530410,3,2,0,0,7,5,5
270530415,3,2,0,0,7,5,5
270530420,3,3,0,0,7,5,5
270530450,3,3,0,0,7,2,5
270530455,3,3,0,0,7,2,5
270530460,3,3,0,0,7,2,5
270530465,3,3,0,0,7,2,5
270530485,3,7,5,0,0,3,0
270530490,3,5,0,0,7,3,0
270530500,3,4,5,0,7,3,0
270530505,3,7,5,0,7,3,0
270530550,5,7,0,2,7,5,0
270530555,5,7,0,2,7,5,0
270530557,5,7,0,2,7,5,0
270530560,5,7,0,2,7,5,0
270530565,5,7,0,2,7,5,0
270530567,5,7,0,2,7,5,0
270530570,5,2,0,0,7,5,5
270530575,5,2,0,2,7,5,5
270530577,5,7,0,2,7,5,5
270530585,5,2,0,0,7,5,5
270530590,5,2,0,2,7,5,5
270530640,3,3,0,0,7,2,5
270530645,3,3,0,0,7,2,5
270530650,3,3,0,0,7,2,5
270530675,3,7,0,0,7,3,0
270530680,3,7,0,0,7,3,0
270530690,3,7,0,0,0,3,0
270530695,3,7,5,0,0,3,0
270530700,3,7,5,0,0,3,0
270530705,3,7,5,0,0,3,0
270530710,3,7,0,0,0,3,0
270530715,3,7,5,0,0,3,0
270530720,3,7,5,2,0,3,0
270530725,3,7,5,2,0,3,0
270530730,3,7,5,0,0,3,0
270530735,3,7,5,2,0,3,0
270530740,3,7,5,2,0,3,0
270530745,3,7,5,2,0,3,3
270530750,3,7,5,2,0,3,3
270530755,3,6,5,2,0,3,3
270530760,3,7,5,2,0,3,3
270530765,3,6,5,2,0,3,3
270530770,3,6,5,2,0,3,3
270530775,3,7,5,2,0,3,0
270530780,3,6,5,2,0,3,0
270530785,3,6,5,2,0,3,3
270530850,3,7,5,2,7,3,0
270530855,3,7,5,2,0,3,3
270530860,3,7,5,2,7,3,3
270530865,5,7,5,2,7,7,3
270530870,5,7,5,2,7,7,3
270530875,3,7,5,2,7,3,0
270530880,3,7,5,2,0,3,3
270530885,3,7,5,2,7,3,3
270530890,5,7,5,2,7,7,3
270530895,5,7,5,2,0,7,3
270530900,3,7,5,2,0,3,3
270530905,3,7,5,2,0,3,3
270530910,3,7,5,2,0,6,3
270530915,3,7,5,2,0,6,3
270530920,5,7,5,2,0,7,3
270530925,3,7,5,2,0,3,3
270530930,3,7,5,2,0,6,3
270530935,3,7,5,2,0,6,3
270530940,3,7,5,2,0,6,3
270530945,3,7,5,2,0,3,3
270530965,3,5,0,0,7,3,0
270530975,5,0,5,2,0,6,3
270530985,5,7,0,2,7,5,0
270530990,5,7,0,2,7,5,0
270531000,5,7,0,2,7,7,0
270531005,5,7,0,2,7,3,0
270531010,5,7,0,2,7,3,0
270531015,5,7,0,2,7,3,0
270531020,5,7,0,0,7,3,0
270531025,5,7,0,0,7,3,0
270531050,3,4,5,0,7,3,0
270531065,3,7,0,0,7,3,0
270531080,6,4,5,0,7,2,0
270531110,5,7,0,0,7,3,0
270531115,5,7,5,2,7,3,0
270531120,5,7,5,2,0,3,0
270531125,5,7,0,0,7,3,0
270531130,5,7,0,0,7,3,0
270531135,5,7,0,0,0,3,0
270531150,3,4,5,0,7,3,0
270531160,3,7,5,0,7,3,0
270531170,3,4,5,0,7,3,0
270531190,3,3,0,0,7,3,5
270531195,3,3,0,0,7,3,0
270531200,3,2,0,0,7,3,0
270531205,3,3,0,0,7,3,0
270531210,3,3,0,0,7,3,0
270531215,3,3,5,0,7,3,0
270531220,3,3,5,0,7,3,0
270531225,3,3,5,0,7,3,0
270531230,3,2,0,0,7,3,0
270531235,3,2,0,0,7,3,0
270531240,3,7,0,0,7,3,0
270531245,3,2,0,0,7,3,5
270531250,3,2,0,0,7,3,5
270531255,3,2,0,0,7,3,5
270531260,3,2,0,0,7,3,5
270531265,3,2,0,0,7,3,5
270531270,3,2,0,0,7,3,5
270531275,3,2,0,0,7,3,0
270531280,3,7,5,0,7,3,0
270531285,3,7,5,0,7,3,0
270531290,3,7,5,0,7,3,0
270531295,3,3,5,0,7,3,0
270531300,3,2,0,0,7,3,5
270531305,3,2,0,0,7,3,5
270531335,3,4,5,0,7,3,0
270531345,3,7,0,2,7,3,5
270531350,3,4,5,0,7,3,0
270531355,3,7,5,0,7,3,0
270531360,5,1,0,0,7,5,0
270531365,5,1,0,0,7,5,0
270531370,5,1,0,0,7,5,0
270531375,5,1,0,0,7,5,0
270531380,5,1,0,0,7,5,0
270531385,5,1,0,2,7,5,0
270531390,5,1,0,2,7,5,0
270531395,5,1,0,0,7,5,0
270531400,5,1,0,0,7,5,0
270531405,5,1,0,0,7,5,5
270531410,5,1,5,2,2,7,3
270531415,5,1,0,2,2,7,0
270531420,5,1,0,2,2,5,0
270531425,5,1,0,2,2,7,0
270531430,5,1,0,2,2,7,0
270531435,5,1,0,2,2,7,3
270531440,5,1,0,2,2,7,0
270531445,5,1,5,2,2,7,3
270531450,5,1,0,2,2,7,0
270531455,5,1,0,2,2,7,0
270531456,5,1,5,2,0,7,3
270531460,5,1,0,2,2,5,0
270531465,5,1,0,2,2,5,0
270531470,5,1,0,2,2,5,0
270531475,5,1,0,2,7,5,0
270531480,5,1,0,2,7,5,0
270531485,5,1,0,0,7,5,0
270531490,5,1,0,2,7,5,0
270531495,5,1,0,2,2,5,0
270531500,5,1,0,2,2,7,0
270531501,5,1,0,2,7,5,0
270531502,5,1,0,2,7,5,0
270531503,5,1,0,2,2,7,0
270531505,5,2,0,0,7,5,5
270531510,5,2,0,0,7,5,5
270531515,5,7,0,0,7,5,0
270531520,5,2,0,2,7,5,5
270531525,5,7,0,0,7,5,0
270531530,5,7,0,0,7,5,0
270531535,5,7,0,2,7,5,5
270531540,5,7,0,2,7,5,0
270531555,5,7,0,2,7,5,0
270531560,5,7,0,2,7,5,0
270531565,5,7,0,2,7,5,0
270531570,5,7,0,2,7,5,0
270531575,5,7,0,2,7,5,0
270531580,5,7,0,2,7,7,0
270531585,5,7,0,2,7,5,0
270531590,5,7,0,0,7,5,0
270531595,5,7,0,2,7,5,0
270531605,5,1,0,2,2,7,0
270531610,5,1,0,2,2,7,0
270531615,5,1,0,2,2,7,0
270531620,5,1,0,2,2,7,0
270531625,5,1,0,2,2,7,0
270531630,5,1,0,2,2,7,0
270531635,5,7,0,2,2,7,3
270531640,5,7,5,2,2,7,3
270531642,5,7,0,2,2,7,3
270531645,5,7,0,2,7,7,0
270531650,5,7,0,2,7,7,3
270531655,5,7,0,2,2,7,3
270531660,5,7,0,2,7,7,3
270531665,5,7,0,2,2,7,3
270531670,5,1,0,2,2,7,0
270531675,5,7,0,2,7,7,0
270531680,5,7,0,2,2,7,3
270531685,5,7,0,2,7,7,3
270531690,5,7,0,2,2,7,3
270531700,5,7,5,2,2,7,3
270531705,5,7,5,2,2,7,3
270531710,5,7,5,2,2,7,3
270531715,5,7,5,2,2,7,3
270531720,5,7,5,2,0,7,3
270531725,5,7,5,2,0,7,3
270531730,5,7,5,2,0,7,3
270531735,5,7,5,2,2,7,3
270531750,5,7,5,2,2,7,3
270531755,5,1,5,2,2,7,3
270531760,5,1,5,2,2,7,3
270531765,5,1,5,2,2,7,3
270531770,5,1,5,2,2,7,3
270531775,5,1,5,2,2,7,3
270531780,5,7,5,2,2,7,3
270531785,5,1,5,2,0,7,3
270531790,5,7,5,2,2,7,3
270531805,5,7,0,2,2,7,3
270531810,5,7,0,2,2,7,3
270531815,5,7,5,2,7,7,3
270531817,5,7,5,2,0,7,3
270531820,5,7,5,2,2,7,3
270531825,5,7,5,2,0,7,3
270531827,5,7,5,2,0,7,3
270531830,5,7,5,2,2,7,3
270531835,5,7,0,2,2,7,3
270531840,5,7,0,2,2,7,3
270531845,5,7,0,2,2,7,3
270531850,5,7,0,2,2,7,3
270531860,5,7,5,2,0,7,3
270531865,5,7,5,2,0,7,3
270531870,5,7,5,2,0,6,3
270531875,5,7,5,2,0,7,3
270531880,5,7,5,2,0,7,3
270531885,5,7,5,2,0,7,3
270531890,5,7,5,2,0,6,3
270531895,5,7,5,2,0,7,3
270531900,5,7,5,2,0,7,3
270531902,5,7,5,2,0,6,3
270531905,5,1,5,2,0,7,3
270531910,5,1,5,2,0,7,3
270531915,5,1,5,2,0,7,3
270531920,5,1,5,2,0,7,3
270531925,5,7,5,2,0,7,3
270531930,5,7,5,2,0,7,3
270531935,5,1,5,2,0,7,3
270531940,5,7,5,2,2,7,3
270531945,5,1,5,2,0,7,3
270531950,5,7,5,2,0,7,3
270531955,5,7,5,2,0,7,3
270531956,5,7,5,2,0,7,3
270531957,5,7,5,2,0,7,3
270531960,5,7,5,2,7,7,3
270531965,5,7,5,2,0,7,3
270531970,5,7,5,2,7,7,3
270531975,5,7,5,2,7,7,3
270531980,5,7,5,2,7,7,3
270531985,5,7,5,2,0,7,3
270531990,5,7,5,2,0,7,3
270531995,5,7,5,2,0,7,3
270532000,5,7,5,2,0,6,3
270532005,5,7,5,2,0,7,3
270532010,5,7,5,2,7,7,3
270532015,5,7,5,2,0,7,3
270532020,5,7,5,2,0,7,3
270532090,3,7,0,0,0,3,0
270532095,3,7,5,0,0,3,0
270532100,3,7,5,2,0,3,0
270532105,3,7,0,0,0,3,0
270532110,3,7,0,0,7,3,0
270532115,3,7,0,0,7,3,0
270532120,3,7,0,0,7,3,0
270532125,3,7,0,0,7,3,0
270532130,3,7,0,0,7,3,0
270532135,3,7,0,0,7,3,0
270532140,3,7,0,0,7,3,0
270532145,3,7,0,0,7,3,0
270532150,3,7,0,0,7,3,0
270532155,3,7,0,0,7,3,0
270532160,3,7,0,0,7,3,0
270532165,3,7,0,0,7,3,0
270532170,3,7,0,0,7,3,0
270532185,3,7,0,0,7,3,0
270532190,3,7,0,0,7,3,0
270532195,3,7,0,0,0,3,0
270532200,3,7,0,0,0,3,0
270532205,3,7,0,0,0,3,0
270532210,3,7,0,0,0,3,0
270532230,3,7,5,0,7,3,0
270532240,3,4,5,0,7,3,0
270532245,3,5,5,0,7,3,0
270532247,3,5,5,0,7,3,4
270532248,3,5,5,0,7,3,0
270532250,3,5,5,0,7,3,0
270532255,3,5,5,0,7,3,0
270532260,3,5,5,0,7,3,0
270532265,3,5,5,0,7,3,0
270532290,5,7,0,2,7,5,0
270532295,5,7,0,2,7,5,0
270532300,5,7,0,2,7,5,0
270532310,5,7,0,2,7,5,5
270532315,5,7,0,2,7,5,0
270532320,5,7,0,2,7,5,5
270532330,5,2,0,2,7,5,5
270532335,5,2,0,2,7,5,5
270532355,3,7,5,0,7,3,0
270532360,3,5,5,0,7,3,0
270532365,3,5,5,0,7,3,0
270532370,3,7,5,0,7,3,0
270532385,3,2,0,0,7,3,5
270532400,3,7,0,0,7,3,0
270532405,3,7,0,0,7,3,5
270532410,3,7,0,0,7,3,0
270532415,3,7,0,0,7,3,5
270532420,3,7,0,0,7,3,5
270532425,3,7,0,0,7,3,0
270532430,3,7,0,0,7,3,0
270532435,3,7,0,0,7,3,0
270532440,3,7,0,0,7,3,0
270532445,3,7,0,0,7,3,0
270532450,3,7,0,0,7,3,0
270532455,3,7,0,0,7,3,0
270532460,3,7,0,0,7,3,5
270532465,3,7,0,0,7,3,5
270532470,3,7,0,2,7,3,5
270532475,3,7,0,0,7,3,0
270532480,3,7,0,0,7,3,5
270532485,3,7,0,0,7,3,5
270532490,3,7,0,0,7,3,5
270532495,3,7,0,0,7,3,5
270532500,3,7,0,0,7,3,5
270532505,3,7,0,2,7,3,5
270532510,3,7,0,2,7,3,5
270532575,5,7,5,2,0,6,3
270532580,5,7,5,2,0,6,3
270532585,5,7,5,2,0,6,3
270532590,5,7,5,2,0,6,3
270532595,5,7,5,2,0,6,3
270532600,5,7,5,2,0,6,3
270532605,5,7,5,2,0,6,3
270532610,5,7,5,2,0,6,3
270532615,5,0,5,2,0,6,3
270532645,5,7,0,2,7,5,5
270532655,5,7,0,2,7,5,5
270532665,5,7,0,2,7,5,5
270532675,5,7,0,2,7,5,0
270532695,6,4,5,0,7,3,0
270532710,3,4,0,0,7,2,0
270532715,3,4,5,0,7,2,0
270532720,3,5,5,0,7,3,0
270532725,3,5,5,0,7,3,3
270532730,3,5,0,0,7,3,0
270532735,3,7,0,0,7,3,0
270532755,3,5,5,0,7,3,0
270532765,5,1,0,0,7,5,0
270532770,5,1,0,0,7,5,7
270532780,3,5,5,0,7,3,4
270532790,5,7,0,2,7,7,3
270532795,5,7,0,2,7,3,3
270532800,5,7,0,2,7,7,3
270532805,5,7,0,2,7,3,3
270532810,5,7,5,2,7,3,3
270532815,5,7,5,2,7,7,3
270532820,5,7,5,2,7,7,3
270532825,5,7,5,2,7,3,3
270532830,5,7,0,2,7,3,0
270532835,5,7,0,2,7,3,0
270532840,5,7,0,2,7,3,3
270532845,5,7,0,2,7,3,0
270532850,5,7,0,0,7,3,0
270532855,5,7,0,2,7,3,0
270532860,5,7,0,2,7,3,0
270532865,5,7,0,2,7,7,0
270532900,3,5,0,0,7,3,0
270532910,3,7,0,0,7,3,0
270532925,3,7,0,0,7,3,0
270550005,1,6,7,4,6,0,6
270550010,1,6,7,4,6,0,6
270550015,1,6,7,4,6,0,6
270550020,1,6,7,4,6,0,6
270550025,1,6,7,4,6,0,6
270550030,1,6,7,4,6,0,6
270550035,1,6,7,4,6,0,6
270550040,1,6,7,4,6,0,6
270550045,1,6,7,4,6,0,6
270550050,1,6,7,4,6,0,6
270550055,1,6,7,4,6,0,6
270550060,1,6,7,4,6,0,6
270550065,1,6,7,4,6,0,6
270550070,1,6,7,4,6,0,6
270550075,1,6,7,4,6,0,6
270550076,1,6,7,4,6,0,6
270550080,1,6,7,4,6,0,6
270550085,1,6,7,4,6,0,6
270550090,1,6,7,4,6,0,6
270550095,1,6,7,4,6,0,6
270550100,1,6,7,4,6,0,6
270550105,1,6,7,4,6,0,6
270550110,1,6,7,4,6,0,6
270550115,1,6,7,4,6,0,6
270550120,1,6,7,4,6,0,6
270550125,1,6,7,4,6,0,6
270550130,1,6,7,4,6,0,6
270570005,8,3,3,3,4,4,1
270570010,8,3,3,3,4,4,1
270570015,8,3,3,3,4,4,1
270570020,8,3,3,3,4,4,1
270570022,8,3,3,3,4,4,1
270570025,8,3,3,3,4,4,4
270570030,8,3,3,3,4,4,1
270570035,8,3,3,3,4,4,1
270570037,8,3,3,3,4,4,1
270570040,8,3,3,3,4,4,4
270570045,8,3,3,3,4,4,1
270570050,8,3,3,3,4,4,1
270570052,8,3,3,3,4,4,1
270570055,8,3,3,3,4,4,1
270570060,8,3,3,3,4,4,1
270570065,8,3,3,3,4,4,1
270570070,8,3,3,3,4,4,4
270570075,8,3,3,3,4,4,1
270570080,8,3,3,3,4,4,1
270570085,8,3,3,3,4,4,1
270570090,8,3,3,3,4,4,1
270570095,8,3,3,3,4,4,1
270570097,8,3,3,3,4,4,1
270570100,8,3,3,3,4,4,1
270570105,8,3,3,3,4,4,1
270570110,8,3,3,3,4,4,1
270570115,8,3,3,3,4,4,1
270570120,8,3,3,3,4,4,4
270570122,8,3,3,3,4,4,4
270570125,8,3,3,3,4,4,1
270570130,8,3,3,3,4,4,1
270570135,8,3,3,3,4,4,1
270570137,8,3,3,3,4,4,1
270570140,8,3,3,3,4,4,4
270570145,8,3,3,3,4,4,1
270570150,8,3,3,3,4,4,1
270570152,8,3,3,3,4,4,1
270570155,8,3,3,3,4,4,1
270590005,8,2,2,5,1,2,5
270590010,8,2,2,5,1,2,5
270590015,8,2,2,5,1,2,7
270590020,8,2,2,5,1,2,5
270590022,8,2,2,5,1,2,5
270590025,8,2,2,5,1,2,5
270590030,8,2,2,5,1,2,7
270590035,8,2,2,5,1,2,5
270590037,8,2,2,5,1,2,5
270590040,8,2,2,5,1,2,5
270590045,8,2,2,5,1,2,5
270590050,8,2,2,5,1,2,5
270590055,8,2,2,5,1,2,7
270590057,8,2,2,5,1,2,5
270590060,8,2,2,5,1,2,5
270590065,8,2,2,5,1,2,5
270590070,8,2,2,5,1,2,7
270590075,8,2,2,5,1,2,5
270590080,8,2,2,5,1,2,5
270610005,8,3,3,7,4,4,1
270610010,8,3,3,7,4,4,1
270610015,8,3,3,7,4,4,1
270610020,8,3,3,7,4,4,1
270610025,8,3,3,7,4,4,1
270610030,8,3,3,7,4,4,1
270610035,8,3,3,7,4,4,1
270610040,8,3,3,7,4,4,1
270610045,8,3,3,7,4,4,1
270610050,8,3,3,7,4,4,1
270610055,8,3,3,7,4,4,1
270610060,8,3,3,7,4,4,1
270610065,8,3,3,7,4,4,1
270610070,8,3,3,7,4,4,1
270610074,8,3,3,7,4,4,1
270610076,8,3,3,7,4,4,1
270610085,8,3,3,7,4,4,1
270610090,8,3,3,7,4,4,1
270610095,8,3,3,7,4,4,1
270610096,8,3,3,7,4,4,1
270610100,8,3,3,7,4,4,1
270610101,8,3,3,7,4,4,1
270610110,8,3,3,7,4,4,1
270610120,8,3,3,7,4,4,1
270610125,8,3,3,7,4,4,1
270610130,8,3,3,7,4,4,1
270610135,8,3,3,7,4,4,1
270610140,8,3,3,7,4,4,1
270610145,8,3,3,7,4,4,1
270610151,8,3,3,7,4,4,1
270610155,8,3,3,7,4,4,1
270610175,8,3,3,7,4,4,1
270610184,8,3,3,7,4,4,1
270610189,8,3,3,7,4,4,1
270610195,8,3,3,7,4,4,1
270610200,8,3,3,7,4,4,1
270610205,8,3,3,7,4,4,1
270610215,8,3,3,7,4,4,1
270610220,8,3,3,7,4,4,1
270610225,8,3,3,7,4,4,1
270610227,8,3,3,7,4,4,1
270610230,8,3,3,7,4,4,1
270610235,8,3,3,7,4,4,1
270610240,8,3,3,7,4,4,1
270610244,8,3,3,7,4,4,1
270610245,8,3,3,7,4,4,1
270610247,8,3,3,7,4,4,1
270610249,8,3,3,7,4,4,1
270610255,8,3,3,7,4,4,1
270610260,8,3,3,7,4,4,1
270610265,8,3,3,7,4,4,1
270610270,8,3,3,7,4,4,1
270610271,8,3,3,7,4,4,1
270610280,8,3,3,7,4,4,1
270610285,8,3,3,7,4,4,1
270610290,8,3,3,7,4,4,1
270610295,8,3,3,7,4,4,1
270610300,8,3,3,7,4,4,1
270610305,8,3,3,7,4,4,1
270610310,8,3,3,7,4,4,1
270610320,8,3,3,7,4,4,1
270610327,8,3,3,7,4,4,1
270610330,8,3,3,7,4,4,1
270610335,8,3,3,7,4,4,1
270610338,8,3,3,7,4,4,1
270610339,8,3,3,7,4,4,1
270610340,8,3,3,7,4,4,1
270610345,8,3,3,7,4,4,1
270610350,8,3,3,7,4,4,1
270610355,8,3,3,7,4,4,1
270610360,8,3,3,7,4,4,1
270610365,8,3,3,7,4,4,1
270610370,8,3,3,7,4,4,1
270610371,8,3,3,7,4,4,1
270610372,8,3,3,7,4,4,1
270610375,8,3,3,7,4,4,1
270610380,8,3,3,7,4,4,1
270610385,8,3,3,7,4,4,1
270630005,1,5,7,3,6,0,6
270630010,1,5,7,3,6,0,6
270630015,1,5,7,3,6,0,6
270630020,1,5,7,3,6,0,4
270630025,1,5,7,3,6,0,4
270630030,1,5,7,3,6,0,6
270630035,1,5,7,3,6,0,6
270630040,1,5,7,3,6,0,6
270630045,1,5,7,3,6,0,6
270630050,1,5,7,3,6,0,6
270630055,1,5,7,3,6,0,6
270630060,1,5,7,3,6,0,6
270630070,1,5,7,3,6,0,6
270630080,1,5,7,3,6,0,4
270630085,1,5,7,3,6,0,6
270630090,1,5,7,3,6,0,6
270630095,1,5,7,3,6,0,6
270630100,1,5,7,3,6,0,6
270630105,1,5,7,3,6,0,6
270630110,1,5,7,3,6,0,6
270630115,1,5,7,3,6,0,6
270630120,1,5,7,3,6,0,6
270630125,1,5,7,3,6,0,6
270630130,1,5,7,3,6,0,6
270630135,1,5,7,3,6,0,6
270630140,1,5,7,3,6,0,6
270630145,1,5,7,3,6,0,4
270630150,1,5,7,3,6,0,6
270650005,8,2,3,7,4,2,7
270650010,8,2,3,7,4,2,7
270650015,8,2,3,7,4,2,7
270650020,8,2,3,7,4,2,7
270650025,8,2,3,7,4,2,7
270650030,8,2,3,7,4,2,7
270650035,8,2,3,7,4,2,7
270650040,8,2,3,7,4,2,7
270650045,8,2,3,7,4,2,7
270650050,8,2,3,7,4,2,7
270650055,8,2,3,7,4,2,7
270650060,8,2,3,7,4,2,7
270650065,8,2,3,7,4,2,1
270650070,8,2,3,7,4,2,7
270650080,8,2,3,7,4,2,7
270650085,8,2,3,7,4,2,7
270650090,8,2,3,7,4,2,7
270650095,8,2,3,7,4,2,7
270650100,8,2,3,7,4,2,7
270650105,8,2,3,7,4,2,7
270670005,7,5,4,3,5,1,4
270670010,7,5,4,3,5,1,4
270670015,7,5,4,3,5,1,4
270670020,7,5,4,3,5,1,4
270670025,7,5,4,3,5,1,4
270670030,7,5,4,3,5,1,4
270670035,7,5,4,3,5,1,4
270670040,7,5,4,3,5,1,4
270670045,7,5,4,3,5,1,4
270670050,7,5,4,3,5,1,4
270670055,7,5,4,3,5,1,4
270670060,7,5,4,3,5,1,4
270670065,7,5,4,3,5,1,4
270670070,7,5,4,3,5,1,4
270670075,7,5,4,3,5,1,4
270670080,7,5,4,3,5,1,4
270670085,7,5,4,3,5,1,4
270670090,7,5,4,3,5,1,4
270670095,7,5,4,3,5,1,4
270670100,7,5,4,3,5,1,4
270670105,7,5,4,3,5,1,4
270670110,7,5,4,3,5,1,4
270670115,7,5,4,3,5,1,4
270670120,7,5,4,3,5,1,4
270670125,7,5,4,3,5,1,4
270670130,7,5,4,3,5,1,4
270670135,7,5,4,3,5,1,4
270670140,7,5,4,3,5,1,4
270670145,7,5,4,3,5,1,4
270670150,7,5,4,3,5,1,4
270670155,7,5,4,3,5,1,4
270670160,7,5,4,3,5,1,4
270670165,7,5,4,3,5,1,4
270670170,7,5,4,3,5,1,4
270670175,7,5,4,3,5,1,4
270670180,7,5,4,3,5,1,4
270670185,7,5,4,3,5,1,4
270670190,7,5,4,3,5,1,4
270670195,7,5,4,3,5,1,4
270670200,7,5,4,3,5,1,4
270670202,7,5,4,3,5,1,4
270670205,7,5,4,3,5,1,4
270670210,7,5,4,3,5,1,4
270670215,7,5,4,3,5,1,4
270670220,7,5,4,3,5,1,4
270670225,7,5,4,3,5,1,4
270670230,7,5,4,3,5,1,4
270670235,7,5,4,3,5,1,4
270690005,7,4,3,3,4,4,1
270690010,7,4,3,3,4,4,1
270690015,7,4,3,3,4,4,1
270690020,7,4,3,3,4,4,1
270690025,7,4,3,3,4,4,1
270690030,7,4,3,3,4,4,1
270690035,7,4,3,3,4,4,1
270690040,7,4,3,3,4,4,1
270690045,7,4,3,3,4,4,1
270690050,7,4,3,3,4,4,1
270690055,7,4,3,3,4,4,1
270690060,7,4,3,3,4,4,1
270690065,7,4,3,3,4,4,1
270690070,7,4,3,3,4,4,1
270690075,7,4,3,3,4,4,1
270690080,7,4,3,3,4,4,1
270690085,7,4,3,3,4,4,1
270690090,7,4,3,3,4,4,1
270690092,7,4,3,3,4,4,1
270690095,7,4,3,3,4,4,1
270690100,7,4,3,3,4,4,1
270690105,7,4,3,3,4,4,1
270690110,7,4,3,3,4,4,1
270690115,7,4,3,3,4,4,1
270690118,7,4,3,3,4,4,1
270690120,7,4,3,3,4,4,1
270690125,7,4,3,3,4,4,1
270690130,7,4,3,3,4,4,1
270690135,7,4,3,3,4,4,1
270690140,7,4,3,3,4,4,1
270690145,7,4,3,3,4,4,1
270690150,7,4,3,3,4,4,1
270690155,7,4,3,3,4,4,1
270690160,7,4,3,3,4,4,1
270690165,7,4,3,3,4,4,1
270690170,7,4,3,3,4,4,1
270690175,7,4,3,3,4,4,1
270690180,7,4,3,3,4,4,1
270690185,7,4,3,3,4,4,1
270710005,8,3,3,7,4,4,1
270710023,8,3,3,7,4,4,1
270710050,8,3,3,7,4,4,1
270710055,8,3,3,7,4,4,1
270710060,8,3,3,7,4,4,1
270710070,8,3,3,7,4,4,1
270710075,8,3,3,7,4,4,1
270710080,8,3,3,7,4,4,1
270710082,8,3,3,7,4,4,1
270710083,8,3,3,7,4,4,1
270710090,8,3,3,7,4,4,1
270710100,8,3,3,7,4,4,1
270710115,8,3,3,7,4,4,1
270710120,8,3,3,7,4,4,1
270710121,8,3,3,7,4,4,1
270710140,8,3,3,7,4,4,1
270710170,8,3,3,7,4,4,1
270710175,8,3,3,7,4,4,1
270710180,8,3,3,7,4,4,1
270710185,8,3,3,7,4,4,1
270710190,8,3,3,7,4,4,1
270710195,8,3,3,7,4,4,1
270730005,7,5,4,3,5,1,4
270730010,7,5,4,3,5,1,4
270730015,7,5,4,3,5,1,4
270730020,7,5,4,3,5,1,4
270730025,7,5,4,3,5,1,4
270730030,7,5,4,3,5,1,4
270730035,7,5,4,3,5,1,4
270730040,7,5,4,3,5,1,4
270730045,7,5,4,3,5,1,4
270730060,7,5,4,3,5,1,4
270730065,7,5,4,3,5,1,4
270730070,7,5,4,3,5,1,4
270730075,7,5,4,3,5,1,4
270730080,7,5,4,3,5,1,4
270730085,7,5,4,3,5,1,4
270730090,7,5,4,3,5,1,4
270730095,7,5,4,3,5,1,4
270730110,7,5,4,3,5,1,4
270730115,7,5,4,3,5,1,4
270730120,7,5,4,3,5,1,4
270730125,7,5,4,3,5,1,4
270730130,7,5,4,3,5,1,4
270730135,7,5,4,3,5,1,4
270730140,7,5,4,3,5,1,4
270730145,7,5,4,3,5,1,4
270730150,7,5,4,3,5,1,4
270730155,7,5,4,3,5,1,4
270730160,7,5,4,3,5,1,4
270730165,7,5,4,3,5,1,4
270750005,8,3,3,7,4,4,1
270750010,8,3,3,7,4,4,1
270750020,8,3,3,7,4,4,1
270750025,8,3,3,7,4,4,1
270750035,8,3,3,7,4,4,1
270750040,8,3,3,7,4,4,1
270750050,8,3,3,7,4,4,1
270750060,8,3,3,7,4,4,1
270750065,8,3,3,7,4,4,1
270750070,8,3,3,7,4,4,1
270750080,8,3,3,7,4,4,1
270750090,8,3,3,7,4,4,1
270750105,8,3,3,7,4,4,1
270750110,8,3,3,7,4,4,1
270750115,8,3,3,7,4,4,1
270750120,8,3,3,7,4,4,1
270750125,8,3,3,7,4,4,1
270750130,8,3,3,7,4,4,1
270750135,8,3,3,7,4,4,1
270770005,7,3,3,3,4,4,1
270770010,7,3,3,3,4,4,1
270770015,7,3,3,3,4,4,1
270770020,7,3,3,3,4,4,1
270770030,7,3,3,3,4,4,1
270770031,7,3,3,3,4,4,1
270770035,7,3,3,3,4,4,1
270770040,7,3,3,3,4,4,1
270770044,7,3,3,3,4,4,1
270770045,7,3,3,3,4,4,1
270770046,7,3,3,3,4,4,1
270770050,7,3,3,3,4,4,1
270770055,7,3,3,3,4,4,1
270770065,7,3,3,3,4,4,1
270770070,7,3,3,3,4,4,1
270770075,7,3,3,3,4,4,1
270770080,7,3,3,3,4,4,1
270790005,1,5,7,4,3,0,6
270790010,1,5,7,4,3,0,6
270790015,1,5,7,4,3,0,6
270790020,1,5,7,4,3,3,6
270790025,1,5,7,4,3,0,6
270790030,1,5,7,4,3,0,6
270790035,1,5,7,4,3,3,6
270790040,1,5,7,4,3,0,6
270790045,1,5,7,4,3,0,6
270790047,1,5,7,4,3,0,6
270790050,1,5,7,4,3,0,6
270790055,1,5,7,4,3,0,6
270790062,1,5,7,4,3,3,6
270790065,1,5,7,4,3,3,6
270790075,1,5,7,4,3,1,6
270790080,1,5,7,4,3,3,6
270790085,1,5,7,4,3,3,6
270790087,1,5,7,4,3,0,6
270790090,1,5,7,4,3,3,6
270790100,1,5,7,4,3,3,6
270790105,1,5,7,4,3,3,6
270790110,1,5,7,4,3,1,6
270790115,1,5,7,4,3,3,6
270790120,1,5,7,4,3,3,6
270790125,1,5,7,4,3,0,6
270790130,1,5,7,4,3,0,6
270790140,1,5,7,4,3,0,6
270810005,7,5,7,3,6,1,4
270810010,7,5,7,3,6,1,4
270810015,7,5,7,3,6,1,6
270810020,7,5,7,3,6,1,6
270810025,7,5,7,3,6,1,6
270810030,7,5,7,3,6,1,6
270810035,7,5,7,3,6,1,6
270810040,7,5,7,3,6,1,6
270810045,7,5,7,3,6,0,4
270810050,7,5,7,3,6,1,6
270810055,7,5,7,3,6,0,6
270810060,7,5,7,3,6,0,6
270810065,7,5,7,3,6,1,4
270810070,7,5,7,3,6,1,4
270810075,7,5,7,3,6,1,6
270810080,7,5,7,3,6,1,4
270810085,7,5,7,3,6,1,4
270810090,7,5,7,3,6,1,6
270810095,7,5,7,3,6,0,4
270810100,7,5,7,3,6,0,6
270830005,7,5,7,3,6,1,4
270830010,7,5,7,3,6,0,4
270830015,7,5,7,3,6,1,4
270830020,7,5,7,3,6,1,4
270830025,7,5,7,3,6,1,4
270830030,7,5,7,3,6,0,4
270830035,7,5,7,3,6,1,4
270830040,7,5,7,3,6,1,4
270830045,7,5,7,3,6,0,4
270830050,7,5,7,3,6,0,4
270830055,7,5,7,3,6,1,4
270830060,7,5,7,3,6,1,4
270830065,7,5,7,3,6,1,4
270830070,7,5,7,3,6,1,4
270830075,7,5,7,3,6,1,4
270830080,7,5,7,3,6,1,4
270830085,7,5,7,3,6,1,4
270830090,7,5,7,3,6,1,4
270830095,7,5,7,3,6,1,4
270830105,7,5,7,3,6,1,4
270830115,7,5,7,3,6,1,4
270830125,7,5,7,3,6,1,4
270830130,7,5,7,3,6,0,4
270830135,7,5,7,3,6,1,4
270830140,7,5,7,3,6,0,4
270830145,7,5,7,3,6,1,4
270830150,7,5,7,3,6,0,4
270830155,7,5,7,3,6,1,4
270830160,7,5,7,3,6,1,4
270830165,7,5,7,3,6,1,4
270830170,7,5,7,3,6,0,4
270830180,7,5,7,3,6,1,4
270830185,7,5,7,3,6,1,4
270850005,7,5,5,4,0,1,4
270850010,7,5,5,4,0,1,4
270850015,7,5,5,4,0,1,4
270850020,7,5,5,4,0,1,4
270850025,7,5,5,4,0,1,4
270850030,7,5,5,4,0,1,4
270850035,7,5,5,4,0,1,4
270850040,7,5,5,4,0,1,4
270850045,7,5,5,4,0,1,4
270850050,7,5,5,4,0,1,4
270850055,7,5,5,4,0,1,4
270850060,7,5,5,4,0,1,4
270850065,7,5,5,4,0,1,4
270850070,7,5,5,4,0,1,4
270850075,7,5,5,4,0,1,4
270850080,7,5,5,4,0,1,4
270850095,7,5,5,4,0,1,4
270850100,7,5,5,4,0,1,4
270850105,7,5,5,4,0,1,4
270850110,7,5,5,4,0,1,4
270850115,7,5,5,4,0,1,4
270850120,7,5,5,4,0,1,4
270850125,7,5,5,4,0,1,4
270850130,7,5,5,4,0,1,4
270850135,7,5,5,4,0,1,4
270850140,7,5,5,4,0,1,4
270850145,7,5,5,4,0,1,4
270850150,7,5,5,4,0,1,4
270870005,7,4,3,3,5,4,1
270870010,7,4,3,3,5,4,1
270870015,7,4,3,3,5,4,1
270870020,7,4,3,3,5,4,1
270870025,7,4,3,3,5,4,4
270870030,7,4,3,3,5,4,1
270870035,7,4,3,3,5,4,1
270870040,7,4,3,3,5,4,4
270870045,7,4,3,3,5,4,4
270870050,7,4,3,3,5,4,4
270870055,7,4,3,3,5,4,4
270870060,7,4,3,3,5,4,1
270870065,7,4,3,3,5,4,4
270870070,7,4,3,3,5,4,4
270870075,7,4,3,3,5,4,4
270870080,7,4,3,3,5,4,4
270870085,7,4,3,3,5,4,4
270870090,7,4,3,3,5,4,4
270870095,7,4,3,3,5,4,4
270890005,7,4,3,3,4,4,1
270890010,7,4,3,3,4,4,1
270890015,7,4,3,3,4,4,1
270890020,7,4,3,3,4,4,1
270890025,7,4,3,3,4,4,1
270890030,7,4,3,3,4,4,1
270890035,7,4,3,3,4,4,1
270890040,7,4,3,3,4,4,1
270890045,7,4,3,3,4,4,1
270890050,7,4,3,3,4,4,1
270890055,7,4,3,3,4,4,1
270890060,7,4,3,3,4,4,1
270890065,7,4,3,3,4,4,1
270890070,7,4,3,3,4,4,1
270890075,7,4,3,3,4,4,1
270890080,7,4,3,3,4,4,1
270890085,7,4,3,3,4,4,1
270890090,7,4,3,3,4,4,1
270890095,7,4,3,3,4,4,1
270890100,7,4,3,3,4,4,1
270890105,7,4,3,3,4,4,1
270890110,7,4,3,3,4,4,1
270890115,7,4,3,3,4,4,1
270890120,7,4,3,3,4,4,1
270890125,7,4,3,3,4,4,1
270890130,7,4,3,3,4,4,1
270890135,7,4,3,3,4,4,1
270890140,7,4,3,3,4,4,1
270890145,7,4,3,3,4,4,1
270890150,7,4,3,3,4,4,1
270890155,7,4,3,3,4,4,1
270890160,7,4,3,3,4,4,1
270890165,7,4,3,3,4,4,1
270890166,7,4,3,3,4,4,1
270890170,7,4,3,3,4,4,1
270890175,7,4,3,3,4,4,1
270890180,7,4,3,3,4,4,1
270890185,7,4,3,3,4,4,1
270890190,7,4,3,3,4,4,1
270890195,7,4,3,3,4,4,1
270890200,7,4,3,3,4,4,1
270890205,7,4,3,3,4,4,1
270890210,7,4,3,3,4,4,1
270890215,7,4,3,3,4,4,1
270890220,7,4,3,3,4,4,1
270890225,7,4,3,3,4,4,1
270890230,7,4,3,3,4,4,1
270890235,7,4,3,3,4,4,1
270890240,7,4,3,3,4,4,1
270890245,7,4,3,3,4,4,1
270890250,7,4,3,3,4,4,1
270890255,7,4,3,3,4,4,1
270890260,7,4,3,3,4,4,1
270890265,7,4,3,3,4,4,1
270890270,7,4,3,3,4,4,1
270890275,7,4,3,3,4,4,1
270890285,7,4,3,3,4,4,1
270890290,7,4,3,3,4,4,1
270890295,7,4,3,3,4,4,1
270890300,7,4,3,3,4,4,1
270910005,1,5,7,4,6,0,4
270910010,1,5,7,4,6,0,6
270910015,1,5,7,4,6,0,6
270910020,1,5,7,4,6,0,6
270910025,1,5,7,4,6,0,6
270910030,1,5,7,4,6,0,6
270910035,1,5,7,4,6,0,6
270910040,1,5,7,4,6,0,6
270910050,1,5,7,4,6,0,6
270910055,1,5,7,4,6,0,6
270910065,1,5,7,4,6,0,6
270910070,1,5,7,4,6,0,6
270910080,1,5,7,4,6,0,6
270910085,1,5,7,4,6,0,6
270910095,1,5,7,4,6,0,6
270910100,1,5,7,4,6,0,6
270910105,1,5,7,4,6,0,6
270910110,1,5,7,4,6,0,4
270910115,1,5,7,4,6,0,6
270910120,1,5,7,4,6,0,6
270910125,1,5,7,4,6,0,6
270910130,1,5,7,4,6,0,6
270910135,1,5,7,4,6,0,6
270910140,1,5,7,4,6,0,6
270910145,1,5,7,4,6,0,6
270910150,1,5,7,4,6,0,4
270910155,1,5,7,4,6,0,6
270910160,1,5,7,4,6,0,6
270910165,1,5,7,4,6,0,6
270910170,1,5,7,4,6,0,6
270910175,1,5,7,4,6,0,6
270910180,1,5,7,4,6,0,6
270910185,1,5,7,4,6,0,6
270910195,1,5,7,4,6,0,6
270910200,1,5,7,4,6,0,6
270910205,1,5,7,4,6,0,6
270910210,1,5,7,4,6,0,6
270930005,7,5,4,3,5,1,4
270930010,7,5,4,3,5,1,4
270930015,7,5,4,3,5,1,4
270930020,7,5,4,3,5,1,4
270930025,7,5,4,3,5,1,4
270930030,7,5,4,3,5,1,4
270930035,7,5,4,3,5,1,4
270930040,7,5,4,3,5,1,4
270930045,7,5,4,3,5,1,4
270930050,7,5,4,3,5,1,4
270930055,7,5,4,3,5,1,4
270930060,7,5,4,3,5,1,4
270930065,7,5,4,3,5,1,4
270930070,7,5,4,3,5,1,4
270930075,7,5,4,3,5,1,4
270930080,7,5,4,3,5,1,4
270930085,7,5,4,3,5,1,4
270930090,7,5,4,3,5,1,4
270930095,7,5,4,3,5,1,4
270930100,7,5,4,3,5,1,4
270930105,7,5,4,3,5,1,4
270930110,7,5,4,3,5,1,4
270930115,7,5,4,3,5,1,4
270930120,7,5,4,3,5,1,4
270930125,7,5,4,3,5,1,4
270930130,7,5,4,3,5,1,4
270930135,7,5,4,3,5,1,4
270930140,7,5,4,3,5,1,4
270930145,7,5,4,3,5,1,4
270930150,7,5,4,3,5,1,4
270950005,8,3,3,5,4,2,7
270950010,8,3,3,5,4,2,7
270950015,8,3,3,5,4,2,7
270950020,8,3,3,5,4,2,7
270950025,8,3,3,5,4,2,7
270950030,8,3,3,5,4,2,7
270950035,8,3,3,5,4,2,7
270950040,8,3,3,5,4,2,7
270950045,8,3,3,5,4,2,7
270950050,8,3,3,5,4,2,7
270950055,8,3,3,5,4,2,7
270950060,8,3,3,5,4,2,7
270950065,8,3,3,5,4,2,7
270950070,8,3,3,5,4,2,7
270950075,8,3,3,5,4,2,7
270950080,8,3,3,5,4,2,7
270950085,8,3,3,5,4,2,7
270950090,8,3,3,5,4,2,7
270950095,8,3,3,5,4,2,7
270950100,8,3,3,5,4,2,7
270950105,8,3,3,5,4,2,7
270950110,8,3,3,5,4,2,5
270950115,8,3,3,5,4,2,5
270950120,8,3,3,5,4,2,7
270950125,8,3,3,5,4,2,7
270970005,8,3,3,5,5,1,1
270970010,8,3,3,5,5,1,1
270970015,8,3,3,5,5,1,1
270970020,8,3,3,5,5,1,1
270970025,8,3,3,5,5,1,7
270970030,8,3,3,5,5,1,7
270970035,8,3,3,5,5,1,1
270970045,8,3,3,5,5,1,1
270970050,8,3,3,5,5,1,1
270970055,8,3,3,5,5,1,1
270970060,8,3,3,5,5,1,1
270970065,8,3,3,5,5,1,1
270970070,8,3,3,5,5,1,1
270970075,8,3,3,5,5,1,1
270970080,8,3,3,5,5,2,1
270970085,8,3,3,5,5,1,1
270970090,8,3,3,5,5,2,1
270970095,8,3,3,5,5,2,7
270970100,8,3,3,5,5,2,1
270970105,8,3,3,5,5,2,7
270970110,8,3,3,5,5,1,1
270970115,8,3,3,5,5,2,7
270970120,8,3,3,5,5,1,1
270970125,8,3,3,5,5,1,1
270970130,8,3,3,5,5,1,1
270970135,8,3,3,5,5,1,1
270970140,8,3,3,5,5,2,7
270970145,8,3,3,5,5,1,4
270970150,8,3,3,5,5,1,4
270970155,8,3,3,5,5,2,7
270970160,8,3,3,5,5,1,1
270970165,8,3,3,5,5,1,1
270970170,8,3,3,5,5,1,1
270970175,8,3,3,5,5,1,1
270970180,8,3,3,5,5,1,1
270970185,8,3,3,5,5,2,1
270970195,8,3,3,5,5,1,1
270970200,8,3,3,5,5,2,7
270970205,8,3,3,5,5,1,1
270970210,8,3,3,5,5,1,1
270970215,8,3,3,5,5,1,1
270970220,8,3,3,5,5,1,1
270970225,8,3,3,5,5,1,1
270970230,8,3,3,5,5,1,1
270970235,8,3,3,5,5,1,1
270970240,8,3,3,5,5,1,1
270970245,8,3,3,5,5,1,1
270970250,8,3,3,5,5,1,1
270990005,1,6,7,4,6,0,6
270990010,1,6,7,4,6,0,6
270990015,1,6,7,4,6,0,6
270990020,1,6,7,4,6,0,6
270990025,1,6,7,4,6,0,6
270990030,1,6,7,4,6,0,6
270990035,1,6,7,4,6,0,6
270990050,1,6,7,4,6,0,6
270990055,1,6,7,4,6,0,6
270990070,1,6,7,4,6,0,6
270990075,1,6,7,4,6,0,6
270990080,1,6,7,4,6,0,6
270990085,1,6,7,4,6,0,6
270990090,1,6,7,4,6,0,6
270990095,1,6,7,4,6,0,6
270990100,1,6,7,4,6,0,6
270990105,1,6,7,4,6,0,6
270990110,1,6,7,4,6,0,6
270990115,1,6,7,4,6,0,6
270990120,1,6,7,4,6,0,6
270990125,1,6,7,4,6,0,6
270990130,1,6,7,4,6,0,6
270990135,1,6,7,4,6,0,6
270990140,1,6,7,4,6,0,6
270990145,1,6,7,4,6,0,6
270990150,1,6,7,4,6,0,6
270990155,1,6,7,4,6,0,6
270990160,1,6,7,4,6,0,6
270990165,1,6,7,4,6,0,6
270990170,1,6,7,4,6,0,6
270990175,1,6,7,4,6,0,6
270990180,1,6,7,4,6,0,6
270990185,1,6,7,4,6,0,6
270990190,1,6,7,4,6,0,6
270990195,1,6,7,4,6,0,6
270990200,1,6,7,4,6,0,6
270990205,1,6,7,4,6,0,6
270990210,1,6,7,4,6,0,6
270990215,1,6,7,4,6,0,6
270990220,1,6,7,4,6,0,6
271010005,7,5,7,3,6,0,6
271010010,7,5,7,3,6,0,6
271010015,7,5,7,3,6,0,6
271010020,7,5,7,3,6,0,4
271010025,7,5,7,3,6,0,6
271010030,7,5,7,3,6,0,6
271010035,7,5,7,3,6,0,6
271010040,7,5,7,3,6,0,6
271010045,7,5,7,3,6,0,4
271010046,7,5,7,3,6,0,4
271010050,7,5,7,3,6,0,4
271010055,7,5,7,3,6,0,6
271010060,7,5,7,3,6,0,6
271010065,7,5,7,3,6,0,6
271010070,7,5,7,3,6,0,4
271010075,7,5,7,3,6,0,6
271010080,7,5,7,3,6,0,6
271010085,7,5,7,3,6,0,6
271010090,7,5,7,3,6,0,6
271010095,7,5,7,3,6,0,6
271010100,7,5,7,3,6,0,6
271010105,7,5,7,3,6,0,6
271010110,7,5,7,3,6,0,6
271010115,7,5,7,3,6,0,6
271010120,7,5,7,3,6,0,6
271010125,7,5,7,3,6,0,6
271010130,7,5,7,3,6,0,6
271010135,7,5,7,3,6,0,6
271010140,7,5,7,3,6,0,6
271030005,1,5,5,4,5,0,6
271030010,1,5,5,4,5,1,6
271030015,1,5,5,4,5,0,6
271030020,1,5,5,4,5,0,6
271030025,1,5,5,4,5,0,6
271030030,1,5,5,4,5,0,6
271030035,1,5,5,4,5,1,6
271030040,1,5,5,4,5,1,6
271030045,1,5,5,4,5,1,6
271030050,1,5,5,4,5,0,6
271030055,1,5,5,4,5,1,6
271030060,1,5,5,4,5,0,6
271030065,1,5,5,4,5,0,6
271030070,1,5,5,4,5,0,6
271030075,1,5,5,4,5,0,6
271030080,1,5,5,4,5,0,6
271030085,1,5,5,4,5,0,6
271030090,1,5,5,4,5,0,6
271030095,1,5,5,4,5,0,6
271030100,1,5,5,4,5,0,6
271030110,1,5,5,4,5,0,6
271030115,1,5,5,4,5,1,4
271030120,1,5,5,4,5,0,6
271030125,1,5,5,4,5,0,6
271030130,1,5,5,4,5,0,6
271030135,1,5,5,4,5,0,6
271030140,1,5,5,4,5,0,6
271030145,1,5,5,4,5,1,4
271050005,1,5,7,3,6,0,6
271050010,1,5,7,3,6,0,6
271050015,1,5,7,3,6,0,6
271050020,1,5,7,3,6,0,6
271050025,1,5,7,3,6,0,6
271050030,1,5,7,3,6,0,6
271050035,1,5,7,3,6,0,6
271050040,1,5,7,3,6,0,6
271050045,1,5,7,3,6,0,6
271050050,1,5,7,3,6,0,6
271050055,1,5,7,3,6,0,6
271050060,1,5,7,3,6,0,6
271050065,1,5,7,3,6,0,6
271050070,1,5,7,3,6,0,6
271050075,1,5,7,3,6,0,6
271050080,1,5,7,3,6,0,6
271050085,1,5,7,3,6,0,6
271050090,1,5,7,3,6,0,6
271050095,1,5,7,3,6,0,6
271050100,1,5,7,3,6,0,6
271050105,1,5,7,3,6,0,6
271050110,1,5,7,3,6,0,6
271050115,1,5,7,3,6,0,6
271050120,1,5,7,3,6,0,6
271050125,1,5,7,3,6,0,6
271050130,1,5,7,3,6,0,6
271050135,1,5,7,3,6,0,6
271050140,1,5,7,3,6,0,6
271050145,1,5,7,3,6,0,6
271050150,1,5,7,3,6,0,6
271050155,1,5,7,3,6,0,6
271050160,1,5,7,3,6,0,6
271050165,1,5,7,3,6,0,6
271050166,1,5,7,3,6,0,6
271050170,1,5,7,3,6,0,6
271050175,1,5,7,3,6,0,6
271050180,1,5,7,3,6,0,6
271050185,1,5,7,3,6,0,6
271050186,1,5,7,3,6,0,6
271050190,1,5,7,3,6,0,6
271070005,7,4,3,3,5,4,1
271070010,7,4,3,3,5,4,1
271070015,7,4,3,3,5,4,1
271070020,7,4,3,3,5,4,1
271070025,7,4,3,3,5,4,4
271070030,7,4,3,3,5,4,4
271070035,7,4,3,3,5,4,1
271070040,7,4,3,3,5,4,1
271070045,7,4,3,3,5,4,1
271070050,7,4,3,3,5,4,1
271070055,7,4,3,3,5,4,1
271070060,7,4,3,3,5,4,1
271070065,7,4,3,3,5,4,1
271070070,7,4,3,3,5,4,1
271070075,7,4,3,3,5,4,1
271070080,7,4,3,3,5,4,4
271070085,7,4,3,3,5,4,1
271070090,7,4,3,3,5,4,1
271070095,7,4,3,3,5,4,1
271070100,7,4,3,3,5,4,1
271070105,7,4,3,3,5,4,1
271070110,7,4,3,3,5,4,1
271070115,7,4,3,3,5,4,1
271070120,7,4,3,3,5,4,1
271070125,7,4,3,3,5,4,1
271070130,7,4,3,3,5,4,1
271070135,7,4,3,3,5,4,1
271070140,7,4,3,3,5,4,1
271070145,7,4,3,3,5,4,1
271070150,7,4,3,3,5,4,1
271070155,7,4,3,3,5,4,1
271070160,7,4,3,3,5,4,1
271070165,7,4,3,3,5,4,4
271090005,1,6,6,6,6,0,2
271090010,1,6,6,6,6,0,6
271090011,1,6,6,6,6,0,6
271090012,1,6,6,6,6,0,6
271090013,1,6,6,6,6,0,6
271090015,1,6,6,6,6,0,6
271090020,1,6,6,6,6,0,6
271090025,1,6,6,6,6,0,6
271090030,1,6,6,6,6,0,6
271090035,1,6,6,6,6,0,6
271090040,1,6,6,6,6,0,6
271090045,1,6,6,6,6,0,6
271090050,1,6,6,6,6,0,6
271090055,1,6,6,6,6,0,6
271090060,1,6,6,6,6,0,2
271090065,1,6,6,6,6,0,6
271090066,1,6,6,6,6,0,6
271090070,1,6,6,6,6,0,2
271090075,1,6,6,6,6,0,6
271090080,1,6,6,6,6,0,6
271090085,1,6,6,6,6,0,6
271090088,1,6,6,6,6,0,6
271090090,1,6,6,6,6,0,6
271090095,1,6,6,6,6,0,6
271090096,1,6,6,6,6,0,6
271090098,1,6,6,6,6,0,6
271090100,1,6,6,6,6,0,6
271090102,1,6,6,6,6,0,6
271090104,1,6,6,6,6,0,6
271090106,1,6,6,6,6,0,6
271090108,1,6,6,6,6,0,6
271090110,1,6,6,6,6,0,6
271090112,1,6,6,6,6,0,6
271090114,1,6,6,6,6,0,6
271090116,1,6,6,6,6,0,6
271090118,1,6,6,6,6,0,6
271090122,1,6,6,6,6,0,6
271090124,1,6,6,6,6,0,6
271090126,1,6,6,6,6,0,6
271090128,1,6,6,6,6,0,6
271090130,1,6,6,6,6,0,6
271090132,1,6,6,6,6,0,6
271090134,1,6,6,6,6,0,6
271090136,1,6,6,6,6,0,6
271090140,1,6,6,6,6,0,6
271090142,1,6,6,6,6,0,6
271090144,1,6,6,6,6,0,6
271090146,1,6,6,6,6,0,6
271090148,1,6,6,6,6,0,6
271090150,1,6,6,6,6,0,6
271090152,1,6,6,6,6,0,6
271090154,1,6,6,6,6,0,6
271090156,1,6,6,6,6,0,6
271090158,1,6,6,6,6,0,6
271090160,1,6,6,6,6,0,6
271090162,1,6,6,6,6,0,6
271090164,1,6,6,6,6,0,6
271090166,1,6,6,6,6,0,6
271090168,1,6,6,6,6,0,6
271090170,1,6,6,6,6,0,6
271090172,1,6,6,6,6,0,6
271090174,1,6,6,6,6,0,6
271090176,1,6,6,6,6,0,6
271090178,1,6,6,6,6,0,6
271090180,1,6,6,6,6,0,6
271090182,1,6,6,6,6,0,6
271090184,1,6,6,6,6,0,6
271090186,1,6,6,6,6,0,6
271090194,1,6,6,6,6,0,6
271090196,1,6,6,6,6,0,6
271090198,1,6,6,6,6,0,6
271090200,1,6,6,6,6,0,6
271090202,1,6,6,6,6,0,6
271090204,1,6,6,6,6,0,6
271090206,1,6,6,6,6,0,6
271090208,1,6,6,6,6,0,6
271090210,1,6,6,6,6,0,6
271090211,1,6,6,6,6,0,6
271090212,1,6,6,6,6,0,6
271090213,1,6,6,6,6,0,6
271090215,1,6,6,6,6,0,6
271090220,1,6,6,6,6,0,2
271090225,1,6,6,6,6,0,6
271090230,1,6,6,6,6,0,6
271110005,7,4,4,3,5,1,4
271110010,7,4,4,3,5,1,4
271110015,7,4,4,3,5,1,4
271110020,7,4,4,3,5,1,4
271110025,7,4,4,3,5,4,4
271110030,7,4,4,3,5,4,4
271110035,7,4,4,3,5,4,4
271110040,7,4,4,3,5,1,4
271110045,7,4,4,3,5,4,4
271110050,7,4,4,3,5,4,4
271110055,7,4,4,3,5,1,4
271110060,7,4,4,3,5,1,4
271110065,7,4,4,3,5,1,4
271110070,7,4,4,3,5,1,4
271110075,7,4,4,3,5,4,4
271110080,7,4,4,3,5,1,4
271110085,7,4,4,3,5,1,4
271110090,7,4,4,3,5,4,4
271110095,7,4,4,3,5,1,4
271110100,7,4,4,3,5,1,4
271110105,7,4,4,3,5,4,4
271110110,7,4,4,3,5,4,4
271110115,7,4,4,3,5,4,4
271110120,7,4,4,3,5,1,4
271110125,7,4,4,3,5,1,4
271110130,7,4,4,3,5,4,4
271110135,7,4,4,3,5,1,4
271110140,7,4,4,3,5,1,4
271110145,7,4,4,3,5,1,4
271110150,7,4,4,3,5,1,4
271110155,7,4,4,3,5,4,4
271110160,7,4,4,3,5,4,4
271110165,7,4,4,3,5,1,4
271110170,7,4,4,3,5,1,4
271110175,7,4,4,3,5,1,4
271110180,7,4,4,3,5,1,4
271110185,7,4,4,3,5,1,4
271110186,7,4,4,3,5,1,4
271110190,7,4,4,3,5,1,4
271110195,7,4,4,3,5,1,4
271110200,7,4,4,3,5,1,4
271110205,7,4,4,3,5,1,4
271110210,7,4,4,3,5,1,4
271110215,7,4,4,3,5,1,4
271110220,7,4,4,3,5,1,4
271110225,7,4,4,3,5,1,4
271110230,7,4,4,3,5,4,4
271110235,7,4,4,3,5,1,4
271110240,7,4,4,3,5,1,4
271110245,7,4,4,3,5,4,4
271110250,7,4,4,3,5,4,4
271110255,7,4,4,3,5,1,4
271110260,7,4,4,3,5,1,4
271110265,7,4,4,3,5,1,4
271110270,7,4,4,3,5,4,4
271110275,7,4,4,3,5,1,4
271110280,7,4,4,3,5,4,4
271110285,7,4,4,3,5,4,4
271110290,7,4,4,3,5,4,4
271110295,7,4,4,3,5,1,4
271110300,7,4,4,3,5,4,4
271110305,7,4,4,3,5,1,4
271110310,7,4,4,3,5,1,4
271110315,7,4,4,3,5,1,4
271110320,7,4,4,3,5,1,4
271110325,7,4,4,3,5,1,4
271110330,7,4,4,3,5,4,4
271110335,7,4,4,3,5,4,4
271110340,7,4,4,3,5,1,4
271110345,7,4,4,3,5,1,4
271110350,7,4,4,3,5,4,4
271110355,7,4,4,3,5,4,4
271110360,7,4,4,3,5,4,4
271110365,7,4,4,3,5,4,4
271110370,7,4,4,3,5,4,4
271110375,7,4,4,3,5,4,4
271110380,7,4,4,3,5,4,4
271110385,7,4,4,3,5,4,4
271110390,7,4,4,3,5,1,4
271110395,7,4,4,3,5,4,4
271110400,7,4,4,3,5,4,4
271110405,7,4,4,3,5,1,4
271110410,7,4,4,3,5,1,4
271110415,7,4,4,3,5,4,4
271110420,7,4,4,3,5,1,4
271110425,7,4,4,3,5,1,4
271110430,7,4,4,3,5,1,4
271110435,7,4,4,3,5,4,4
271110440,7,4,4,3,5,1,4
271110445,7,4,4,3,5,1,4
271110450,7,4,4,3,5,1,4
271110455,7,4,4,3,5,1,4
271130005,7,4,3,3,4,4,1
271130010,7,4,3,3,4,4,1
271130015,7,4,3,3,4,4,1
271130020,7,4,3,3,4,4,1
271130025,7,4,3,3,4,4,1
271130030,7,4,3,3,4,4,1
271130035,7,4,3,3,4,4,1
271130040,7,4,3,3,4,4,1
271130045,7,4,3,3,4,4,1
271130050,7,4,3,3,4,4,1
271130055,7,4,3,3,4,4,1
271130060,7,4,3,3,4,4,1
271130065,7,4,3,3,4,4,1
271130070,7,4,3,3,4,4,1
271130075,7,4,3,3,4,4,1
271130080,7,4,3,3,4,4,1
271130085,7,4,3,3,4,4,1
271130090,7,4,3,3,4,4,1
271130095,7,4,3,3,4,4,1
271130100,7,4,3,3,4,4,1
271130105,7,4,3,3,4,4,1
271130110,7,4,3,3,4,4,1
271130115,7,4,3,3,4,4,1
271130120,7,4,3,3,4,4,1
271130125,7,4,3,3,4,4,1
271130135,7,4,3,3,4,4,1
271130150,7,4,3,3,4,4,1
271130155,7,4,3,3,4,4,1
271130165,7,4,3,3,4,4,1
271130180,7,4,3,3,4,4,1
271130195,7,4,3,3,4,4,1
271150005,8,2,2,7,4,2,1
271150010,8,2,2,7,4,2,1
271150015,8,2,2,7,4,2,1
271150020,8,2,2,7,4,2,1
271150025,8,2,2,7,4,2,1
271150030,8,2,2,7,4,2,7
271150035,8,2,2,7,4,2,7
271150040,8,2,2,7,4,2,7
271150045,8,2,2,7,4,2,1
271150050,8,2,2,7,4,2,1
271150055,8,2,2,7,4,2,7
271150060,8,2,2,7,4,2,1
271150065,8,2,2,7,4,2,1
271150070,8,2,2,7,4,2,1
271150075,8,2,2,7,4,2,1
271150080,8,2,2,7,4,2,1
271150085,8,2,2,7,4,2,1
271150090,8,2,2,7,4,2,1
271150095,8,2,2,7,4,2,1
271150100,8,2,2,7,4,2,7
271150105,8,2,2,7,4,2,1
271150110,8,2,2,7,4,2,1
271150115,8,2,2,7,4,2,1
271150120,8,2,2,7,4,2,1
271150125,8,2,2,7,4,2,1
271150135,8,2,2,7,4,2,1
271150140,8,2,2,7,4,2,1
271150145,8,2,2,7,4,2,1
271150150,8,2,2,7,4,2,1
271150155,8,2,2,7,4,2,1
271150160,8,2,2,7,4,2,1
271150165,8,2,2,7,4,2,1
271150170,8,2,2,7,4,2,1
271150175,8,2,2,7,4,2,7
271150185,8,2,2,7,4,2,7
271150190,8,2,2,7,4,2,7
271150195,8,2,2,7,4,2,7
271150200,8,2,2,7,4,2,7
271150205,8,2,2,7,4,2,7
271150207,8,2,2,7,4,2,1
271150210,8,2,2,7,4,2,1
271150215,8,2,2,7,4,2,1
271150221,8,2,2,7,4,2,1
271150223,8,2,2,7,4,2,1
271150225,8,2,2,7,4,2,1
271150230,8,2,2,7,4,2,1
271150235,8,2,2,7,4,2,1
271150240,8,2,2,7,4,2,1
271170005,7,5,7,3,6,0,4
271170010,7,5,7,3,6,0,6
271170015,7,5,7,3,6,0,6
271170020,7,5,7,3,6,0,6
271170025,7,5,7,3,6,0,6
271170030,7,5,7,3,6,0,6
271170035,7,5,7,3,6,0,6
271170040,7,5,7,3,6,0,6
271170045,7,5,7,3,6,0,6
271170050,7,5,7,3,6,0,6
271170055,7,5,7,3,6,0,6
271170060,7,5,7,3,6,0,6
271170065,7,5,7,3,6,0,6
271170070,7,5,7,3,6,0,6
271170075,7,5,7,3,6,0,6
271170080,7,5,7,3,6,0,6
271170100,7,5,7,3,6,0,6
271170105,7,5,7,3,6,0,4
271170110,7,5,7,3,6,0,6
271170115,7,5,7,3,6,0,6
271170120,7,5,7,3,6,0,6
271170125,7,5,7,3,6,0,6
271190005,7,4,3,3,4,4,1
271190010,7,4,3,3,4,4,1
271190015,7,4,3,3,4,4,1
271190020,7,4,3,3,4,4,1
271190025,7,4,3,3,4,4,1
271190030,7,4,3,3,4,4,1
271190035,7,4,3,3,4,4,1
271190040,7,4,3,3,4,4,1
271190045,7,4,3,3,4,4,1
271190050,7,4,3,3,4,4,1
271190055,7,4,3,3,4,4,1
271190060,7,4,3,3,4,4,4
271190065,7,4,3,3,4,4,1
271190070,7,4,3,3,4,4,1
271190075,7,4,3,3,4,4,1
271190080,7,4,3,3,4,4,1
271190085,7,4,3,3,4,4,1
271190090,7,4,3,3,4,4,1
271190105,7,4,3,3,4,4,1
271190110,7,4,3,3,4,4,1
271190120,7,4,3,3,4,4,1
271190130,7,4,3,3,4,4,1
271190140,7,4,3,3,4,4,1
271190150,7,4,3,3,4,4,1
271190160,7,4,3,3,4,4,1
271190165,7,4,3,3,4,4,1
271190170,7,4,3,3,4,4,1
271190175,7,4,3,3,4,4,1
271190180,7,4,3,3,4,4,1
271190185,7,4,3,3,4,4,1
271190190,7,4,3,3,4,4,1
271190195,7,4,3,3,4,4,1
271190200,7,4,3,3,4,4,1
271190205,7,4,3,3,4,4,1
271190210,7,4,3,3,4,4,1
271190220,7,4,3,3,4,4,1
271190225,7,4,3,3,4,4,1
271190230,7,4,3,3,4,4,1
271190235,7,4,3,3,4,4,1
271190240,7,4,3,3,4,4,1
271190245,7,4,3,3,4,4,1
271190250,7,4,3,3,4,4,1
271190255,7,4,3,3,4,4,1
271190260,7,4,3,3,4,4,1
271190265,7,4,3,3,4,4,1
271190270,7,4,3,3,4,4,1
271190275,7,4,3,3,4,4,1
271190280,7,4,3,3,4,4,1
271190285,7,4,3,3,4,4,1
271190290,7,4,3,3,4,4,1
271190295,7,4,3,3,4,4,1
271190300,7,4,3,3,4,4,1
271190305,7,4,3,3,4,4,1
271190310,7,4,3,3,4,4,1
271190315,7,4,3,3,4,4,4
271190320,7,4,3,3,4,4,1
271190325,7,4,3,3,4,4,1
271190330,7,4,3,3,4,4,1
271190335,7,4,3,3,4,4,1
271190340,7,4,3,3,4,4,1
271190345,7,4,3,3,4,4,1
271190350,7,4,3,3,4,4,1
271190355,7,4,3,3,4,4,1
271190360,7,4,3,3,4,4,1
271190365,7,4,3,3,4,4,1
271190370,7,4,3,3,4,4,1
271190375,7,4,3,3,4,4,1
271190380,7,4,3,3,4,4,1
271190385,7,4,3,3,4,4,1
271190390,7,4,3,3,4,4,1
271190395,7,4,3,3,4,4,1
271190400,7,4,3,3,4,4,1
271190405,7,4,3,3,4,4,1
271190410,7,4,3,3,4,4,1
271190415,7,4,3,3,4,4,1
271190420,7,4,3,3,4,4,1
271190430,7,4,3,3,4,4,1
271190435,7,4,3,3,4,4,1
271190440,7,4,3,3,4,4,1
271190445,7,4,3,3,4,4,1
271190450,7,4,3,3,4,4,1
271190455,7,4,3,3,4,4,1
271210005,7,5,4,3,5,1,4
271210010,7,5,4,3,5,1,1
271210015,7,5,4,3,5,1,1
271210020,7,5,4,3,5,1,1
271210022,7,5,4,3,5,1,4
271210025,7,5,4,3,5,1,4
271210030,7,5,4,3,5,1,4
271210035,7,5,4,3,5,1,1
271210040,7,5,4,3,5,1,4
271210045,7,5,4,3,5,1,1
271210050,7,5,4,3,5,1,1
271210055,7,5,4,3,5,1,1
271210060,7,5,4,3,5,1,4
271210065,7,5,4,3,5,1,4
271210070,7,5,4,3,5,1,4
271210075,7,5,4,3,5,1,4
271210080,7,5,4,3,5,1,1
271210085,7,5,4,3,5,1,1
271210090,7,5,4,3,5,1,1
271210095,7,5,4,3,5,1,1
271210100,7,5,4,3,5,1,4
271210105,7,5,4,3,5,1,4
271210110,7,5,4,3,5,1,1
271210115,7,5,4,3,5,1,4
271210120,7,5,4,3,5,1,4
271210125,7,5,4,3,5,1,1
271210130,7,5,4,3,5,1,1
271210135,7,5,4,3,5,1,1
271210140,7,5,4,3,5,1,1
271210145,7,5,4,3,5,1,1
271210150,7,5,4,3,5,1,1
271230010,4,1,1,1,2,5,7
271230020,4,1,1,1,2,5,7
271230030,4,1,1,1,2,5,7
271230050,4,1,1,1,2,5,5
271230060,4,1,1,1,2,5,7
271230070,4,1,1,1,2,5,7
271230080,4,1,2,1,2,5,7
271230090,4,1,1,1,2,5,7
271230100,4,1,1,1,2,5,7
271230110,4,1,1,1,2,5,7
271230120,4,1,1,1,2,5,7
271230130,4,1,1,1,2,5,0
271230140,4,1,1,1,2,5,7
271230150,4,1,1,1,2,5,7
271230160,4,1,1,1,2,5,7
271230170,4,1,1,1,2,5,7
271230180,4,1,2,1,2,5,7
271230190,4,1,2,1,2,5,7
271230200,4,1,2,1,2,5,7
271230210,4,1,1,1,2,5,7
271230220,4,1,1,1,2,7,2
271230230,4,1,1,1,2,7,2
271230240,4,1,1,1,2,7,2
271230250,4,1,1,1,2,7,2
271230290,4,1,2,1,2,5,7
271230300,4,1,1,1,2,5,7
271230310,4,1,2,1,2,5,7
271230320,4,1,1,1,2,5,7
271230330,4,1,1,1,2,5,7
271230335,4,1,2,1,2,5,7
271230340,4,1,1,1,2,5,7
271230345,4,1,2,1,2,5,7
271230350,4,1,1,1,2,5,7
271230355,4,1,2,1,2,5,7
271230360,4,1,1,1,2,5,7
271230365,4,1,2,1,2,5,7
271230370,4,1,1,1,2,5,7
271230380,4,1,2,1,2,5,7
271230390,4,1,1,1,2,5,7
271230400,4,1,2,1,2,5,7
271230410,4,1,1,1,2,5,7
271230420,4,1,2,1,2,5,2
271230430,4,1,1,1,2,5,7
271230440,4,1,1,1,2,5,7
271230450,4,1,1,1,2,5,7
271230460,4,1,1,1,2,5,7
271230470,4,1,1,1,2,5,0
271230480,4,1,1,1,2,5,7
271230490,4,1,1,1,2,5,0
271230500,4,1,1,1,2,5,0
271230510,4,1,1,1,2,5,7
271230520,4,1,1,1,2,5,0
271230530,5,1,2,1,2,5,7
271230540,4,1,1,1,2,7,3
271230550,4,1,1,1,2,7,0
271230560,4,1,1,1,2,7,0
271230570,4,1,1,1,2,7,0
271230580,4,1,1,1,2,7,3
271230590,4,1,1,1,2,7,3
271230600,4,1,1,1,2,7,3
271230610,4,1,1,1,2,7,3
271230620,4,1,1,1,2,7,0
271230630,4,1,1,1,2,7,0
271230640,4,1,1,1,2,7,3
271230650,4,1,1,1,2,7,3
271230660,4,1,1,1,2,7,3
271230670,4,1,1,1,2,7,0
271230675,4,1,1,1,2,7,0
271230678,4,1,1,1,2,7,0
271230680,4,1,1,1,2,7,3
271230690,4,1,1,1,2,7,3
271230700,4,1,1,1,2,7,3
271230710,4,1,1,1,2,7,3
271230720,4,1,1,1,2,7,3
271230730,4,1,1,1,2,7,3
271230740,4,1,1,1,2,7,3
271230750,4,1,1,1,2,7,3
271230760,4,1,1,1,2,7,3
271230770,4,1,1,1,2,7,0
271230780,4,1,1,1,2,7,3
271230790,4,1,1,1,2,7,2
271230800,4,1,1,1,3,7,2
271230810,4,1,1,1,3,7,2
271230820,4,1,1,1,2,7,3
271230840,4,1,1,1,2,7,3
271230850,4,1,1,1,2,7,3
271230860,4,1,1,1,2,7,3
271230870,4,1,1,1,2,7,3
271230880,4,1,1,1,2,7,3
271230890,4,1,1,1,2,7,3
271230900,4,1,1,1,2,7,3
271230910,4,1,1,1,2,7,3
271230920,4,1,1,1,2,7,3
271230930,4,1,1,1,2,7,3
271230940,4,1,1,1,2,7,3
271230950,4,1,1,1,2,7,3
271230960,4,1,1,1,2,7,3
271230970,4,1,1,1,2,7,3
271231000,4,1,1,1,2,7,0
271231010,4,1,1,1,2,5,7
271231020,4,1,1,1,2,7,0
271231030,4,1,1,1,2,7,3
271231040,4,1,1,1,2,7,3
271231050,4,1,1,1,2,7,3
271231060,4,1,1,1,2,7,3
271231070,4,1,1,1,2,7,0
271231080,4,1,1,1,2,7,0
271231090,4,1,1,1,2,7,3
271231100,4,1,1,1,2,5,7
271231110,4,1,1,1,2,7,0
271231120,4,1,1,1,2,7,0
271231130,4,1,1,1,2,7,0
271231140,4,1,1,1,2,7,0
271231160,4,1,1,1,2,5,7
271231170,4,1,1,1,2,7,0
271231180,4,1,1,1,2,7,0
271231190,4,1,1,1,2,7,7
271231200,4,1,1,1,2,7,0
271231210,4,1,1,1,2,7,0
271231220,4,1,1,1,2,7,0
271231230,4,1,1,1,2,7,0
271231240,4,1,1,1,2,7,0
271231250,4,1,1,1,2,7,0
271231290,4,1,1,1,2,7,0
271231300,4,1,1,1,2,7,7
271231310,4,1,1,1,2,5,7
271231320,4,1,1,1,2,7,2
271231330,4,1,1,1,2,7,2
271231340,4,1,1,1,2,7,2
271231350,4,1,1,1,2,7,0
271231360,4,1,1,1,2,7,2
271231370,4,1,1,1,2,7,2
271231380,4,1,1,1,2,5,2
271231390,4,1,1,1,2,5,2
271231400,4,1,1,1,2,7,2
271231430,4,1,1,1,2,7,2
271231440,4,1,1,1,2,7,2
271231450,4,1,1,1,2,7,2
271231460,4,1,1,1,2,7,2
271231470,4,1,1,1,2,7,2
271231480,4,1,1,1,2,7,2
271231490,4,1,1,1,2,7,2
271231500,4,1,1,1,2,7,2
271231510,4,1,1,1,2,7,2
271231520,4,1,1,1,2,7,2
271231530,4,1,1,1,2,7,2
271231540,4,1,1,1,2,7,2
271231550,4,1,1,1,2,7,2
271231580,4,1,1,1,2,5,7
271231600,4,1,1,1,2,5,7
271231610,4,1,1,1,2,5,7
271231620,4,1,1,1,2,5,7
271231630,4,1,1,1,2,5,7
271231640,4,1,1,1,2,5,7
271231650,4,1,2,1,2,5,7
271231660,4,1,2,1,2,5,7
271231670,4,1,2,1,2,5,7
271231680,4,1,2,1,2,5,7
271231690,4,1,2,1,2,5,7
271231700,4,1,2,1,2,5,7
271231710,4,1,2,1,2,5,7
271231720,4,1,2,1,2,5,7
271231730,4,1,2,1,2,5,7
271231740,4,1,2,1,2,5,7
271231750,4,1,2,1,2,5,7
271231760,4,1,2,1,2,5,7
271231765,4,1,2,1,2,5,7
271231770,4,1,2,1,2,5,2
271231780,4,1,2,1,2,5,7
271250005,7,4,3,3,4,4,1
271250010,7,4,3,3,4,4,1
271250015,7,4,3,3,4,4,1
271250020,7,4,3,3,4,4,1
271250025,7,4,3,3,4,4,1
271250030,7,4,3,3,4,4,1
271250035,7,4,3,3,4,4,1
271250040,7,4,3,3,4,4,1
271250045,7,4,3,3,4,4,1
271250050,7,4,3,3,4,4,1
271250055,7,4,3,3,4,4,1
271250060,7,4,3,3,4,4,1
271250065,7,4,3,3,4,4,1
271250070,7,4,3,3,4,4,1
271250075,7,4,3,3,4,4,1
271250080,7,4,3,3,4,4,1
271250085,7,4,3,3,4,4,1
271250087,7,4,3,3,4,4,1
271250090,7,4,3,3,4,4,1
271250095,7,4,3,3,4,4,1
271250100,7,4,3,3,4,4,1
271270005,7,5,7,4,6,1,4
271270010,7,5,7,4,6,1,4
271270015,7,5,7,4,6,0,4
271270020,7,5,7,4,6,1,4
271270025,7,5,7,4,6,1,4
271270030,7,5,7,4,6,1,4
271270035,7,5,7,4,6,1,4
271270040,7,5,7,4,6,1,4
271270045,7,5,7,4,6,1,4
271270050,7,5,7,4,6,1,4
271270055,7,5,7,4,6,1,4
271270060,7,5,7,4,6,0,4
271270065,7,5,7,4,6,0,4
271270070,7,5,7,4,6,1,4
271270075,7,5,7,4,6,1,4
271270080,7,5,7,4,6,1,4
271270085,7,5,7,4,6,1,4
271270090,7,5,7,4,6,1,4
271270095,7,5,7,4,6,0,4
271270105,7,5,7,4,6,1,4
271270110,7,5,7,4,6,1,4
271270115,7,5,7,4,6,1,4
271270120,7,5,7,4,6,1,4
271270125,7,5,7,4,6,1,4
271270130,7,5,7,4,6,0,4
271270135,7,5,7,4,6,0,4
271270140,7,5,7,4,6,1,4
271270145,7,5,7,4,6,1,4
271270150,7,5,7,4,6,1,4
271270155,7,5,7,4,6,0,4
271270160,7,5,7,4,6,1,4
271270165,7,5,7,4,6,1,4
271270170,7,5,7,4,6,1,4
271270175,7,5,7,4,6,1,4
271270180,7,5,7,4,6,1,4
271270185,7,5,7,4,6,1,4
271270190,7,5,7,4,6,1,4
271270195,7,5,7,4,6,1,4
271270200,7,5,7,4,6,0,4
271270205,7,5,7,4,6,1,4
271270210,7,5,7,4,6,1,4
271270215,7,5,7,4,6,1,4
271270220,7,5,7,4,6,1,4
271290005,7,5,4,4,5,1,4
271290010,7,5,4,4,5,1,4
271290015,7,5,4,4,5,1,4
271290020,7,5,4,4,5,1,4
271290025,7,5,4,4,5,1,4
271290030,7,5,4,4,5,1,4
271290035,7,5,4,4,5,1,4
271290040,7,5,4,4,5,1,4
271290045,7,5,4,4,5,1,4
271290050,7,5,4,4,5,1,4
271290055,7,5,4,4,5,1,4
271290060,7,5,4,4,5,1,4
271290065,7,5,4,4,5,1,4
271290070,7,5,4,4,5,1,4
271290075,7,5,4,4,5,1,4
271290080,7,5,4,4,5,1,4
271290085,7,5,4,4,5,1,4
271290090,7,5,4,4,5,1,4
271290095,7,5,4,4,5,1,4
271290100,7,5,4,4,5,1,4
271290105,7,5,4,4,5,1,4
271290110,7,5,4,4,5,1,4
271290115,7,5,4,4,5,1,4
271290120,7,5,4,4,5,1,4
271290125,7,5,4,4,5,1,4
271290130,7,5,4,4,5,1,4
271290135,7,5,4,4,5,1,4
271290140,7,5,4,4,5,1,4
271290145,7,5,4,4,5,1,4
271290150,7,5,4,4,5,1,4
271290152,7,5,4,4,5,1,4
271290155,7,5,4,4,5,1,4
271290160,7,5,4,4,5,1,4
271290165,7,5,4,4,5,1,4
271290170,7,5,4,4,5,1,4
271290175,7,5,4,4,5,1,4
271290180,7,5,4,4,5,1,4
271290185,7,5,4,4,5,1,4
271310005,2,6,7,4,3,6,2
271310010,1,6,7,4,3,6,2
271310012,2,6,7,4,3,6,2
271310015,2,6,7,4,3,6,2
271310020,1,6,7,4,3,3,2
271310025,1,6,7,4,3,6,2
271310030,1,6,7,4,3,6,2
271310035,1,6,7,4,3,0,2
271310040,1,6,7,4,3,6,2
271310055,1,6,7,4,3,6,2
271310060,1,6,7,4,3,3,6
271310065,1,6,7,4,3,0,6
271310070,1,6,7,4,3,0,6
271310075,2,6,7,4,3,6,2
271310080,2,6,7,4,3,6,2
271310085,2,6,7,4,3,6,2
271310090,2,6,7,4,3,6,2
271310095,2,6,7,4,3,6,2
271310105,2,6,7,4,3,6,2
271310113,2,6,7,4,3,6,2
271310114,2,6,7,4,3,6,2
271310115,2,6,7,4,3,6,2
271310120,2,6,7,4,3,0,2
271310125,1,6,7,4,3,0,2
271310130,1,6,7,4,3,0,2
271310135,1,6,7,4,3,0,2
271310140,1,6,7,4,3,6,6
271310142,2,6,7,4,3,6,2
271310145,1,6,7,4,3,6,2
271310150,1,6,7,4,3,3,6
271310155,2,6,7,4,3,6,2
271330005,1,5,7,3,6,0,6
271330010,1,5,7,3,6,0,6
271330015,1,5,7,3,6,0,6
271330020,1,5,7,3,6,0,6
271330025,1,5,7,3,6,0,6
271330030,1,5,7,3,6,0,6
271330035,1,5,7,3,6,0,6
271330040,1,5,7,3,6,0,6
271330045,1,5,7,3,6,0,6
271330050,1,5,7,3,6,0,6
271330055,1,5,7,3,6,0,6
271330060,1,5,7,3,6,0,6
271330065,1,5,7,3,6,0,6
271330070,1,5,7,3,6,0,6
271330075,1,5,7,3,6,0,6
271330077,1,5,7,3,6,0,6
271330080,1,5,7,3,6,0,6
271330085,1,5,7,3,6,0,6
271330090,1,5,7,3,6,0,6
271330095,1,5,7,3,6,0,6
271330100,1,5,7,3,6,0,6
271330105,1,5,7,3,6,0,6
271330110,1,5,7,3,6,0,6
271330115,1,5,7,3,6,0,6
271350005,7,4,3,3,4,4,1
271350010,7,4,3,3,4,4,1
271350015,7,4,3,3,4,4,1
271350020,7,4,3,3,4,4,1
271350025,7,4,3,3,4,4,1
271350028,7,4,3,3,4,4,1
271350030,7,4,3,3,4,4,1
271350035,7,4,3,3,4,4,1
271350040,7,4,3,3,4,4,1
271350045,7,4,3,3,4,4,1
271350050,7,4,3,3,4,4,1
271350055,7,4,3,3,4,4,1
271350060,7,4,3,3,4,4,1
271350065,7,4,3,3,4,4,1
271350070,7,4,3,3,4,4,1
271350075,7,4,3,3,4,4,1
271350080,7,4,3,3,4,4,1
271350083,7,4,3,3,4,4,1
271350085,7,4,3,3,4,4,1
271350090,7,4,3,3,4,4,1
271350095,7,4,3,3,4,4,1
271350100,7,4,3,3,4,4,1
271350105,7,4,3,3,4,4,1
271350110,7,4,3,3,4,4,1
271350115,7,4,3,3,4,4,1
271350120,7,4,3,3,4,4,1
271350121,7,4,3,3,4,4,1
271350122,7,4,3,3,4,4,1
271350125,7,4,3,3,4,4,1
271350130,7,4,3,3,4,4,1
271350135,7,4,3,3,4,4,1
271350140,7,4,3,3,4,4,1
271350145,7,4,3,3,4,4,1
271350150,7,4,3,3,4,4,1
271350155,7,4,3,3,4,4,1
271350160,7,4,3,3,4,4,1
271350165,7,4,3,3,4,4,1
271350170,7,4,3,3,4,4,1
271350175,7,4,3,3,4,4,1
271350176,7,4,3,3,4,4,1
271350180,7,4,3,3,4,4,1
271350185,7,4,3,3,4,4,1
271350190,7,4,3,3,4,4,1
271350195,7,4,3,3,4,4,1
271370005,8,3,3,7,4,4,1
271370010,8,3,3,7,4,4,1
271370015,8,3,3,7,4,4,1
271370020,8,3,3,7,4,4,1
271370025,8,3,3,7,4,4,1
271370030,8,3,3,7,4,4,1
271370031,8,3,3,7,4,4,1
271370035,8,3,3,7,4,4,1
271370040,8,3,3,7,4,4,1
271370045,8,3,3,7,4,4,1
271370050,8,3,3,7,4,4,1
271370055,8,3,3,7,4,4,1
271370060,8,3,3,7,4,4,1
271370065,8,3,3,7,4,4,1
271370066,8,3,3,7,4,4,1
271370070,8,3,3,7,4,4,1
271370075,8,3,3,7,4,4,1
271370080,8,3,3,7,4,4,1
271370085,8,3,3,7,4,4,1
271370090,8,3,3,7,4,4,1
271370095,8,3,3,7,4,4,1
271370100,8,3,3,7,4,4,1
271370115,8,3,3,7,4,4,1
271370120,8,3,3,7,4,4,1
271370125,8,3,3,7,4,4,1
271370130,8,3,3,7,4,4,1
271370133,8,3,3,7,4,4,1
271370135,8,3,3,7,4,4,1
271370140,8,3,3,7,4,4,1
271370145,8,3,3,7,4,4,1
271370150,8,3,3,7,4,4,1
271370155,8,3,3,7,4,4,1
271370160,8,3,3,7,4,4,1
271370165,8,3,3,7,4,4,1
271370170,8,3,3,7,4,4,1
271370175,8,3,3,7,4,4,1
271370180,8,3,3,7,4,4,1
271370190,8,3,3,7,4,4,1
271370195,8,3,3,7,4,4,1
271370200,8,3,3,7,4,4,1
271370205,8,3,3,7,4,4,1
271370210,8,3,3,7,4,4,1
271370215,8,3,3,7,4,4,1
271370220,8,3,3,7,4,4,1
271370230,8,3,3,7,4,4,1
271370240,8,3,3,7,4,4,1
271370245,8,3,3,7,4,4,1
271370250,8,3,3,7,4,4,1
271370255,8,3,3,7,4,4,1
271370260,8,3,3,7,4,4,1
271370265,8,3,3,7,4,4,1
271370270,8,3,3,7,4,4,1
271370275,8,3,3,7,4,4,1
271370280,8,3,3,7,4,4,1
271370285,8,3,3,7,4,4,1
271370290,8,3,3,7,4,4,1
271370295,8,3,3,7,4,4,1
271370300,8,3,3,7,4,4,1
271370305,8,3,3,7,4,4,1
271370315,8,3,3,7,4,4,1
271370320,8,3,3,7,4,4,1
271370325,8,3,3,7,4,4,1
271370435,8,3,3,7,4,4,1
271370437,8,3,3,7,4,4,1
271370440,8,3,3,7,4,4,1
271370445,8,3,3,7,4,4,1
271370450,8,3,3,7,4,4,1
271370470,8,3,3,7,4,4,1
271370475,8,3,3,7,4,4,1
271370480,8,3,3,7,4,4,1
271370505,8,3,3,7,4,4,1
271370510,8,3,3,7,4,4,1
271370515,8,3,3,7,4,4,1
271370520,8,3,3,7,4,4,7
271370525,8,3,3,7,4,4,7
271370530,8,3,3,7,4,4,7
271370540,8,3,3,7,4,4,1
271370545,8,3,3,7,4,4,1
271370550,8,3,3,7,4,4,1
271370565,8,3,3,7,4,4,1
271370570,8,3,3,7,4,4,1
271370575,8,3,3,7,4,4,1
271370580,8,3,3,7,4,4,1
271370585,8,3,3,7,4,4,1
271370590,8,3,3,7,4,4,7
271370591,8,3,3,7,4,4,7
271370595,8,3,3,7,4,4,1
271370600,8,3,3,7,4,4,1
271370605,8,3,3,7,4,4,1
271370615,8,3,3,7,4,4,1
271370620,8,3,3,7,4,4,1
271370625,8,3,3,7,4,4,1
271370630,8,3,3,7,4,4,1
271370635,8,3,3,7,4,4,1
271370640,8,3,3,7,4,4,1
271370645,8,3,3,7,4,4,1
271370735,8,3,3,7,4,4,1
271370750,8,3,3,7,4,4,1
271370755,8,3,3,7,4,4,1
271370760,8,3,3,7,4,4,1
271370765,8,3,3,7,4,4,1
271370770,8,3,3,7,4,4,1
271370775,8,3,3,7,4,4,1
271370780,8,3,3,7,4,4,1
271370785,8,3,3,7,4,4,1
271370790,8,3,3,7,4,4,1
271370795,8,3,3,7,4,4,1
271370797,8,3,3,7,4,4,1
271370799,8,3,3,7,4,4,1
271370800,8,3,3,7,4,4,1
271370805,8,3,3,7,4,4,1
271370810,8,3,3,7,4,4,1
271370815,8,3,3,7,4,4,1
271370820,8,3,3,7,4,4,1
271370821,8,3,3,7,4,4,1
271370825,8,3,3,7,4,4,1
271370840,8,3,3,7,4,4,1
271370845,8,3,3,7,4,4,1
271370850,8,3,3,7,4,4,1
271370852,8,3,3,7,4,4,1
271370855,8,3,3,7,4,4,1
271370857,8,3,3,7,4,4,1
271370860,8,3,3,7,4,4,1
271370865,8,3,3,7,4,4,1
271370875,8,3,3,7,4,4,1
271370880,8,3,3,7,4,4,1
271370881,8,3,3,7,4,4,1
271370885,8,3,3,7,4,4,1
271370890,8,3,3,7,4,4,7
271370895,8,3,3,7,4,4,1
271370910,8,3,3,7,4,4,1
271370915,8,3,3,7,4,4,1
271370920,8,3,3,7,4,4,1
271370925,8,3,3,7,4,4,1
271370930,8,3,3,7,4,4,1
271370935,8,3,3,7,4,4,1
271370940,8,3,3,7,4,4,1
271370942,8,3,3,7,4,4,1
271370945,8,3,3,7,4,4,1
271370950,8,3,3,7,4,4,1
271370960,8,3,3,7,4,4,1
271370962,8,3,3,7,4,4,1
271370965,8,3,3,7,4,4,1
271370970,8,3,3,7,4,4,1
271370971,8,3,3,7,4,4,1
271370973,8,3,3,7,4,4,1
271370975,8,3,3,7,4,4,1
271370976,8,3,3,7,4,4,1
271370979,8,3,3,7,4,4,1
271370990,8,3,3,7,4,4,1
271370999,8,3,3,7,4,4,1
271371000,8,3,3,7,4,4,1
271371001,8,3,3,7,4,4,1
271371002,8,3,3,7,4,4,1
271371005,8,3,3,7,4,4,1
271371011,8,3,3,7,4,4,1
271371030,8,3,3,7,4,4,1
271371035,8,3,3,7,4,4,1
271371040,8,3,3,7,4,4,1
271371045,8,3,3,7,4,4,1
271371050,8,3,3,7,4,4,1
271371055,8,3,3,7,4,4,1
271371060,8,3,3,7,4,4,1
271371125,8,3,3,7,4,4,1
271371130,8,3,3,7,4,4,1
271371135,8,3,3,7,4,4,1
271371136,8,3,3,7,4,4,1
271371140,8,3,3,7,4,4,1
271371145,8,3,3,7,4,4,1
271371150,8,3,3,7,4,4,1
271371155,8,3,3,7,4,4,1
271371160,8,3,3,7,4,4,1
271390005,2,6,7,4,3,3,6
271390010,2,6,7,4,3,3,6
271390015,2,6,7,4,3,3,6
271390020,2,6,7,4,3,3,6
271390025,2,6,7,4,3,6,3
271390037,2,6,7,4,3,6,2
271390040,2,6,7,4,3,3,6
271390045,2,6,7,4,3,3,3
271390050,2,6,7,4,3,3,6
271390055,2,6,7,4,3,3,6
271390060,2,6,7,4,3,3,6
271390070,2,6,7,4,3,6,2
271390075,2,6,7,4,3,3,6
271390080,2,6,7,4,3,3,3
271390084,2,6,7,4,3,3,3
271390090,2,6,7,4,3,3,3
271390091,2,6,7,4,3,3,3
271390092,2,6,7,4,3,3,3
271390093,2,6,7,4,3,3,3
271390094,2,6,7,4,3,3,3
271390097,2,6,7,4,3,3,3
271390099,2,6,7,4,3,3,6
271390100,2,6,7,4,3,3,6
271390105,2,6,7,4,3,3,3
271390110,2,6,7,4,3,3,3
271390111,2,6,7,4,3,3,3
271390112,2,6,7,4,3,3,3
271390113,2,6,7,4,3,3,3
271390114,2,6,7,4,3,3,3
271390116,2,6,7,4,3,3,3
271390117,2,6,7,4,3,3,3
271390118,2,6,7,4,3,3,3
271390119,2,6,7,4,3,3,3
271390120,2,6,7,4,3,3,3
271390125,2,6,7,4,3,3,3
271390130,2,6,7,4,3,3,3
271390135,2,6,7,4,3,3,3
271390136,2,6,7,4,3,3,3
271390137,2,6,7,4,3,3,3
271390138,2,6,7,4,3,3,3
271390145,2,6,7,4,3,3,3
271390150,2,6,7,4,3,3,3
271390153,2,6,7,4,3,3,3
271390156,2,6,7,4,3,3,3
271390157,2,6,7,4,3,3,3
271390158,2,6,7,4,3,3,3
271390160,2,6,7,4,3,3,3
271410005,6,3,2,5,0,2,5
271410010,6,3,2,5,0,2,5
271410015,6,3,2,5,0,2,5
271410020,6,3,2,5,0,2,5
271410022,6,3,2,5,0,2,5
271410024,6,3,2,5,0,2,5
271410025,6,3,2,5,0,2,5
271410030,6,3,2,5,0,2,5
271410035,6,3,2,5,0,1,4
271410040,6,3,2,5,0,1,4
271410045,6,3,2,5,0,2,5
271410050,6,3,2,5,0,2,5
271410055,6,3,2,5,0,2,5
271410060,6,3,2,5,0,2,5
271410065,6,3,2,5,0,1,5
271410070,6,3,2,5,0,2,5
271410075,6,3,2,5,0,2,5
271410080,6,3,2,5,0,2,4
271410085,6,3,2,5,0,2,5
271410090,6,3,2,5,0,1,5
271410095,6,3,2,5,0,1,4
271410100,6,3,2,5,0,1,5
271410105,6,3,2,5,0,2,5
271410110,6,3,2,5,0,2,5
271410111,6,3,2,5,0,2,5
271410120,6,3,2,5,0,2,5
271410121,6,3,2,5,0,2,0
271410122,6,3,2,5,0,2,5
271410125,6,3,2,5,0,2,5
271410130,6,3,2,5,0,2,5
271410135,6,3,2,5,0,2,5
271410140,6,3,2,5,0,2,5
271410145,6,3,2,5,0,2,5
271410150,6,3,2,5,0,2,5
271410155,6,3,2,5,0,2,5
271430005,7,5,5,4,3,1,6
271430010,7,5,5,4,3,1,6
271430015,7,5,5,4,3,1,6
271430020,7,5,5,4,3,1,6
271430025,7,5,5,4,3,1,6
271430030,7,5,5,4,3,1,6
271430035,7,5,5,4,3,3,6
271430040,7,5,5,4,3,1,6
271430045,7,5,5,4,3,1,4
271430050,7,5,5,4,3,1,4
271430055,7,5,5,4,3,1,6
271430060,7,5,5,4,3,1,6
271430065,7,5,5,4,3,3,6
271430070,7,5,5,4,3,1,6
271430075,7,5,5,4,3,1,6
271430080,7,5,5,4,3,1,6
271430082,7,5,5,4,3,1,6
271430085,7,5,5,4,3,1,4
271430090,7,5,5,4,3,1,4
271430095,7,5,5,4,3,1,4
271430100,7,5,5,4,3,1,4
271430105,7,5,5,4,3,1,6
271430110,7,5,5,4,3,1,6
271430115,7,5,5,4,3,1,6
271430120,7,5,5,4,3,1,6
271450005,7,4,4,5,5,1,4
271450010,7,4,4,5,5,1,4
271450015,7,4,4,5,5,1,1
271450020,6,4,4,5,5,1,4
271450025,6,4,4,5,5,1,4
271450027,6,4,4,5,5,1,4
271450030,7,4,4,5,5,1,4
271450035,6,4,4,5,5,1,7
271450040,7,4,4,5,5,1,4
271450042,6,4,4,5,5,1,4
271450045,6,4,4,5,5,1,4
271450050,6,4,4,5,5,1,4
271450055,6,4,4,5,5,1,4
271450060,7,4,4,5,5,1,4
271450065,7,4,4,5,5,1,4
271450070,6,4,4,5,5,1,4
271450075,7,4,4,5,5,1,4
271450080,7,4,4,5,5,1,4
271450085,6,4,4,5,5,1,4
271450090,7,4,4,5,5,1,4
271450095,7,4,4,5,5,1,4
271450100,7,4,4,5,5,1,4
271450105,7,4,4,5,5,1,4
271450110,7,4,4,5,5,1,4
271450115,6,4,4,5,5,1,7
271450120,6,4,4,5,5,1,7
271450125,6,4,4,5,5,1,4
271450130,7,4,4,5,5,1,4
271450135,7,4,4,5,5,1,4
271450137,7,4,4,5,5,1,4
271450140,7,4,4,5,5,1,4
271450145,6,4,4,5,5,1,4
271450150,6,4,4,5,5,1,4
271450155,6,4,4,5,5,1,4
271450160,6,4,4,5,5,1,4
271450165,7,4,4,5,5,1,4
271450170,7,4,4,5,5,1,4
271450180,7,4,4,5,5,1,4
271450185,7,4,4,5,5,1,4
271450190,7,4,4,5,5,1,4
271450192,6,4,4,5,5,1,4
271450195,7,4,4,5,5,1,4
271450200,7,4,4,5,5,1,4
271450205,7,4,4,5,5,1,4
271450210,7,4,4,5,5,1,4
271450215,7,4,4,5,5,1,4
271450225,7,4,4,5,5,1,4
271450230,6,4,4,5,5,1,4
271450235,6,4,4,5,5,1,4
271450245,7,4,4,5,5,1,4
271450250,7,4,4,5,5,1,4
271450255,6,4,4,5,5,1,4
271450260,6,4,4,5,5,1,4
271450265,6,4,4,5,5,1,4
271450270,6,4,4,5,5,1,4
271450275,6,4,4,5,5,1,4
271450280,6,4,4,5,5,1,4
271450285,6,4,4,5,5,1,4
271450290,6,4,4,5,5,1,4
271450295,6,4,4,5,5,1,4
271450305,6,4,4,5,5,1,4
271450307,6,4,4,5,5,1,4
271450310,6,4,4,5,5,1,4
271450312,6,4,4,5,5,1,4
271450315,6,4,4,5,5,1,4
271450317,6,4,4,5,5,1,4
271450320,6,4,4,5,5,1,4
271450330,6,4,4,5,5,1,4
271450335,6,4,4,5,5,1,4
271450340,6,4,4,5,5,1,4
271450345,6,4,4,5,5,1,4
271450350,6,4,4,5,5,1,4
271450355,6,4,4,5,5,1,4
271450360,6,4,4,5,5,1,4
271450380,6,4,4,5,5,1,4
271450385,6,4,4,5,5,1,4
271450390,6,4,4,5,5,1,4
271450399,7,4,4,5,5,1,4
271450400,7,4,4,5,5,1,4
271450404,7,4,4,5,5,1,4
271450405,6,4,4,5,5,1,7
271450410,6,4,4,5,5,1,4
271450414,6,4,4,5,5,1,4
271450415,6,4,4,5,5,1,4
271450416,6,4,4,5,5,1,4
271450417,6,4,4,5,5,1,4
271450418,6,4,4,5,5,1,4
271450419,6,4,4,5,5,1,4
271450420,7,4,4,5,5,1,1
271450430,7,4,4,5,5,1,1
271450434,7,4,4,5,5,1,4
271450435,7,4,4,5,5,1,4
271450440,6,4,4,5,5,1,4
271450441,6,4,4,5,5,1,4
271450442,6,4,4,5,5,1,4
271450443,6,4,4,5,5,1,4
271450445,6,4,4,5,5,1,4
271450450,7,4,4,5,5,1,4
271470005,1,6,7,4,6,0,2
271470010,1,6,7,4,6,0,6
271470015,1,6,7,4,6,0,6
271470020,1,6,7,4,6,0,6
271470025,1,6,7,4,6,0,2
271470030,1,6,7,4,6,0,6
271470035,1,6,7,4,6,0,6
271470040,1,6,7,4,6,0,2
271470045,1,6,7,4,6,0,6
271470050,1,6,7,4,6,0,2
271470055,1,6,7,4,6,0,2
271470060,1,6,7,4,6,0,2
271470065,1,6,7,4,6,0,2
271470070,1,6,7,4,6,0,2
271470075,1,6,7,4,6,0,2
271470085,1,6,7,4,6,0,2
271470090,1,6,7,4,6,0,2
271470100,1,6,7,4,6,0,2
271470105,1,6,7,4,6,0,2
271470115,1,6,7,4,6,0,2
271470120,1,6,7,4,6,0,2
271470130,1,6,7,4,6,0,2
271470135,1,6,7,4,6,0,2
271470145,1,6,7,4,6,0,2
271470150,1,6,7,4,6,0,2
271470155,1,6,7,4,6,0,6
271490005,7,5,4,3,5,1,4
271490010,7,5,4,3,5,1,4
271490015,7,5,4,3,5,1,4
271490020,7,5,4,3,5,1,4
271490025,7,5,4,3,5,1,4
271490030,7,5,4,3,5,1,4
271490035,7,5,4,3,5,1,4
271490040,7,5,4,3,5,1,4
271490045,7,5,4,3,5,1,4
271490050,7,5,4,3,5,1,4
271490055,7,5,4,3,5,1,1
271490060,7,5,4,3,5,1,4
271490065,7,5,4,3,5,1,4
271490072,7,5,4,3,5,1,4
271490073,7,5,4,3,5,1,4
271490075,7,5,4,3,5,1,4
271490076,7,5,4,3,5,1,4
271490080,7,5,4,3,5,1,4
271490081,7,5,4,3,5,1,4
271490085,7,5,4,3,5,1,4
271490090,7,5,4,3,5,1,4
271490095,7,5,4,3,5,1,4
271490100,7,5,4,3,5,1,4
271490105,7,5,4,3,5,1,4
271490110,7,5,4,3,5,1,4
271490115,7,5,4,3,5,1,4
271510005,7,5,4,3,5,1,4
271510010,7,5,4,3,5,1,4
271510015,7,5,4,3,5,1,4
271510020,7,5,4,3,5,1,4
271510025,7,5,4,3,5,1,4
271510030,7,5,4,3,5,1,4
271510035,7,5,4,3,5,1,4
271510040,7,5,4,3,5,1,4
271510045,7,5,4,3,5,1,4
271510050,7,5,4,3,5,1,4
271510055,7,5,4,3,5,1,4
271510060,7,5,4,3,5,1,4
271510065,7,5,4,3,5,1,4
271510070,7,5,4,3,5,1,4
271510075,7,5,4,3,5,1,4
271510080,7,5,4,3,5,1,4
271510085,7,5,4,3,5,1,4
271510090,7,5,4,3,5,1,4
271510095,7,5,4,3,5,1,4
271510100,7,5,4,3,5,1,4
271510105,7,5,4,3,5,1,4
271510110,7,5,4,3,5,1,4
271510115,7,5,4,3,5,1,4
271510120,7,5,4,3,5,1,4
271510125,7,5,4,3,5,1,4
271510130,7,5,4,3,5,1,4
271510135,7,5,4,3,5,1,4
271510140,7,5,4,3,5,1,4
271510145,7,5,4,3,5,1,4
271510150,7,5,4,3,5,1,4
271530005,7,4,4,5,5,1,4
271530010,7,4,4,5,5,1,4
271530015,7,4,4,5,5,1,4
271530020,7,4,4,5,5,1,1
271530025,7,4,4,5,5,1,1
271530030,7,4,4,5,5,1,1
271530035,7,4,4,5,5,1,1
271530040,7,4,4,5,5,1,1
271530045,7,4,4,5,5,1,1
271530050,7,4,4,5,5,1,4
271530055,7,4,4,5,5,1,4
271530060,7,4,4,5,5,1,4
271530065,7,4,4,5,5,1,4
271530070,7,4,4,5,5,1,4
271530075,7,4,4,5,5,1,1
271530080,7,4,4,5,5,1,1
271530085,7,4,4,5,5,1,1
271530090,7,4,4,5,5,1,1
271530095,7,4,4,5,5,1,4
271530100,7,4,4,5,5,1,4
271530105,7,4,4,5,5,1,1
271530110,7,4,4,5,5,1,1
271530115,7,4,4,5,5,1,1
271530120,7,4,4,5,5,1,1
271530126,7,4,4,5,5,1,1
271530135,7,4,4,5,5,1,1
271530140,7,4,4,5,5,1,4
271530145,7,4,4,5,5,1,1
271530150,7,4,4,5,5,1,1
271530155,7,4,4,5,5,1,1
271530160,7,4,4,5,5,1,4
271530165,7,4,4,5,5,1,4
271530170,7,4,4,5,5,1,4
271530173,7,4,4,5,5,1,1
271530175,7,4,4,5,5,1,4
271530180,7,4,4,5,5,1,4
271530185,7,4,4,5,5,1,4
271530188,7,4,4,5,5,1,1
271530190,7,4,4,5,5,1,1
271530195,7,4,4,5,5,1,4
271550005,7,5,4,3,5,1,4
271550010,7,5,4,3,5,1,4
271550015,7,5,4,3,5,1,4
271550020,7,5,4,3,5,1,4
271550025,7,5,4,3,5,1,4
271550027,7,5,4,3,5,1,4
271550030,7,5,4,3,5,1,4
271550035,7,5,4,3,5,1,4
271550040,7,5,4,3,5,1,4
271550045,7,5,4,3,5,1,4
271550050,7,5,4,3,5,1,4
271550055,7,5,4,3,5,1,4
271550060,7,5,4,3,5,1,4
271550065,7,5,4,3,5,1,4
271550070,7,5,4,3,5,1,4
271550075,7,5,4,3,5,1,4
271550080,7,5,4,3,5,1,4
271550085,7,5,4,3,5,1,4
271550090,7,5,4,3,5,1,4
271550095,7,5,4,3,5,1,4
271570005,2,6,6,6,6,6,6
271570010,2,6,6,6,6,6,6
271570015,2,6,6,6,6,0,6
271570020,2,6,6,6,6,0,6
271570025,2,6,6,6,6,6,6
271570030,2,6,6,6,6,6,6
271570035,2,6,6,6,6,6,6
271570040,2,6,6,6,6,0,6
271570045,2,6,6,6,6,0,6
271570050,2,6,6,6,6,0,6
271570055,2,6,6,6,6,6,6
271570060,2,6,6,6,6,6,6
271570065,2,6,6,6,6,6,6
271570070,2,6,6,6,6,6,6
271570075,2,6,6,6,6,6,6
271570080,2,6,6,6,6,0,2
271570085,2,6,6,6,6,0,6
271570090,2,6,6,6,6,0,6
271570095,2,6,6,6,6,0,6
271570100,2,6,6,6,6,0,6
271570105,2,6,6,6,6,6,6
271570110,2,6,6,6,6,0,6
271570115,2,6,6,6,6,6,6
271570120,2,6,6,6,6,0,6
271570125,2,6,6,6,6,0,6
271570130,2,6,6,6,6,0,6
271570140,2,6,6,6,6,6,6
271570145,2,6,6,6,6,6,6
271570150,2,6,6,6,6,6,6
271570155,2,6,6,6,6,0,6
271570160,2,6,6,6,6,6,6
271570165,2,6,6,6,6,0,6
271570170,2,6,6,6,6,0,6
271590005,8,3,4,5,4,1,4
271590010,8,3,4,5,4,1,4
271590015,8,3,4,5,4,4,4
271590020,8,3,4,5,4,4,4
271590025,8,3,4,5,4,4,4
271590030,8,3,4,5,4,4,4
271590032,8,3,4,5,4,4,4
271590035,8,3,4,5,4,4,4
271590040,8,3,4,5,4,4,4
271590045,8,3,4,5,4,4,4
271590050,8,3,4,5,4,4,4
271590055,8,3,4,5,4,4,4
271590060,8,3,4,5,4,4,4
271590065,8,3,4,5,4,4,4
271590070,8,3,4,5,4,4,4
271590075,8,3,4,5,4,4,4
271590080,8,3,4,5,4,4,4
271590085,8,3,4,5,4,1,4
271590090,8,3,4,5,4,1,4
271590095,8,3,4,5,4,1,4
271590100,8,3,4,5,4,4,4
271590105,8,3,4,5,4,4,4
271590110,8,3,4,5,4,1,4
271590120,8,3,4,5,4,1,4
271590125,8,3,4,5,4,4,4
271610005,1,5,7,4,3,0,6
271610010,1,5,7,4,3,0,6
271610015,1,5,7,4,3,0,6
271610020,1,5,7,4,3,0,6
271610025,1,5,7,4,3,0,6
271610030,1,5,7,4,3,0,6
271610035,1,5,7,4,3,0,6
271610045,1,5,7,4,3,0,6
271610050,1,5,7,4,3,0,6
271610055,1,5,7,4,3,0,6
271610060,1,5,7,4,3,0,6
271610065,1,5,7,4,3,0,6
271610070,1,5,7,4,3,0,6
271610075,1,5,7,4,3,0,6
271610080,1,5,7,4,3,0,2
271610085,1,5,7,4,3,0,6
271610090,1,5,7,4,3,0,2
271610095,1,5,7,4,3,0,2
271610100,1,5,7,4,3,0,6
271610105,1,5,7,4,3,0,2
271610110,1,5,7,4,3,0,6
271610115,1,5,7,4,3,0,2
271630005,4,0,1,7,1,6,7
271630010,4,0,1,7,1,6,7
271630015,4,0,1,7,1,6,7
271630020,4,0,1,7,1,7,7
271630025,4,0,1,7,1,5,7
271630030,4,0,1,7,1,5,7
271630035,4,0,1,7,1,5,7
271630040,2,0,1,7,1,6,7
271630045,2,0,1,7,1,6,7
271630050,2,0,1,7,1,6,7
271630055,2,0,1,7,1,6,7
271630060,2,0,1,7,1,6,7
271630065,2,0,1,7,1,6,7
271630070,2,0,1,7,1,6,7
271630075,2,0,1,7,1,6,7
271630080,2,0,1,7,1,6,7
271630085,2,0,1,7,1,6,7
271630090,2,0,1,7,1,6,2
271630095,4,0,1,7,1,5,7
271630100,2,0,1,7,1,6,7
271630105,6,0,1,7,1,2,5
271630110,6,0,1,7,1,2,5
271630115,6,0,1,7,1,2,5
271630120,6,0,1,7,1,2,7
271630125,6,0,1,7,1,2,7
271630130,4,0,1,7,1,5,7
271630135,2,0,1,7,1,6,2
271630140,2,0,1,7,1,6,7
271630145,6,0,1,7,1,5,7
271630150,6,0,1,7,1,2,7
271630155,6,0,1,7,1,2,7
271630160,6,0,1,7,1,2,7
271630165,6,0,1,7,1,5,7
271630170,4,0,1,7,1,7,7
271630175,4,0,1,7,1,5,7
271630180,4,0,1,7,1,7,7
271630185,4,0,1,7,1,7,7
271630190,4,0,1,7,1,7,7
271630195,4,0,1,7,1,7,2
271630200,4,0,1,7,1,5,7
271630205,4,0,1,7,1,5,7
271630210,6,0,1,7,1,2,7
271630215,6,0,1,7,1,2,7
271630220,4,0,1,7,1,6,7
271630225,4,0,1,7,1,7,2
271630230,4,0,1,7,1,7,2
271630235,4,0,1,7,1,7,2
271630240,4,0,1,7,1,5,2
271630245,4,0,1,7,1,5,2
271630250,4,0,1,7,1,5,2
271630255,4,0,1,7,1,7,2
271630260,4,0,1,7,1,7,7
271630270,4,0,1,7,1,5,7
271630275,4,0,1,7,1,5,2
271630280,4,0,1,7,1,6,7
271630285,2,0,1,7,1,6,2
271630290,4,0,1,7,1,6,7
271630295,2,0,1,7,1,6,7
271630300,2,0,1,7,1,6,7
271630305,6,0,1,7,1,2,7
271630310,4,0,1,7,1,5,7
271630315,4,0,1,7,1,5,7
271630320,4,0,1,7,1,5,7
271630325,4,0,1,7,1,5,7
271630330,4,0,1,7,1,5,7
271630340,4,0,1,7,1,5,7
271630345,4,0,1,7,1,5,7
271630350,4,0,1,7,1,5,7
271630360,4,0,1,7,1,7,7
271630365,4,0,1,7,1,5,2
271630370,4,0,1,7,1,5,7
271630375,4,0,1,7,1,7,2
271630380,4,0,1,7,1,7,7
271630385,4,0,1,7,1,7,2
271630390,4,0,1,7,1,7,7
271630395,4,0,1,7,1,7,2
271630400,4,0,1,7,1,7,7
271630405,4,0,1,7,1,7,7
271630410,4,0,1,7,1,7,7
271630415,4,0,1,7,1,7,7
271630420,4,0,1,7,1,7,7
271630425,4,0,1,7,1,7,7
271630430,4,0,1,7,1,7,7
271630435,4,0,1,7,1,7,7
271630440,4,0,1,7,1,6,7
271630445,4,0,1,7,1,6,7
271630450,4,0,1,7,1,6,7
271650005,1,5,7,4,6,0,4
271650010,1,5,7,4,6,0,6
271650015,1,5,7,4,6,0,4
271650020,1,5,7,4,6,0,4
271650025,1,5,7,4,6,0,4
271650030,1,5,7,4,6,0,6
271650035,1,5,7,4,6,0,4
271650040,1,5,7,4,6,0,6
271650045,1,5,7,4,6,0,4
271650050,1,5,7,4,6,0,6
271650060,1,5,7,4,6,0,6
271650065,1,5,7,4,6,0,4
271650070,1,5,7,4,6,0,4
271650075,1,5,7,4,6,0,4
271650080,1,5,7,4,6,0,4
271650085,1,5,7,4,6,0,4
271650090,1,5,7,4,6,0,4
271650095,1,5,7,4,6,0,4
271650110,1,5,7,4,6,0,4
271650125,1,5,7,4,6,0,4
271650135,1,5,7,4,6,0,6
271670005,7,4,4,3,5,1,4
271670010,7,4,4,3,5,1,4
271670015,7,4,4,3,5,4,4
271670020,7,4,4,3,5,1,4
271670025,7,4,4,3,5,1,4
271670030,7,4,4,3,5,1,4
271670035,7,4,4,3,5,1,4
271670040,7,4,4,3,5,1,4
271670050,7,4,4,3,5,1,4
271670055,7,4,4,3,5,1,4
271670060,7,4,4,3,5,1,4
271670065,7,4,4,3,5,1,4
271670070,7,4,4,3,5,1,4
271670072,7,4,4,3,5,1,4
271670075,7,4,4,3,5,4,4
271670080,7,4,4,3,5,1,4
271670085,7,4,4,3,5,1,4
271670090,7,4,4,3,5,1,4
271670095,7,4,4,3,5,1,4
271670100,7,4,4,3,5,4,4
271670105,7,4,4,3,5,1,4
271670110,7,4,4,3,5,4,4
271670113,7,4,4,3,5,1,4
271670115,7,4,4,3,5,1,4
271670120,7,4,4,3,5,1,4
271670125,7,4,4,3,5,4,4
271670130,7,4,4,3,5,4,4
271670135,7,4,4,3,5,4,4
271670140,7,4,4,3,5,1,4
271670145,7,4,4,3,5,4,4
271670150,7,4,4,3,5,4,4
271670155,7,4,4,3,5,4,4
271690005,1,6,6,6,6,0,6
271690010,1,6,6,6,6,0,6
271690015,1,6,6,6,6,0,6
271690020,1,6,6,6,6,0,6
271690025,1,6,6,6,6,0,6
271690030,1,6,6,6,6,0,6
271690035,1,6,6,6,6,0,6
271690040,1,6,6,6,6,0,6
271690042,1,6,6,6,6,0,6
271690045,1,6,6,6,6,0,6
271690050,1,6,6,6,6,0,6
271690055,1,6,6,6,6,0,6
271690058,1,6,6,6,6,0,6
271690060,1,6,6,6,6,0,6
271690065,1,6,6,6,6,0,6
271690070,1,6,6,6,6,0,6
271690075,1,6,6,6,6,0,6
271690080,1,6,6,6,6,0,6
271690085,1,6,6,6,6,0,6
271690090,1,6,6,6,6,0,6
271690095,1,6,6,6,6,0,6
271690100,1,6,6,6,6,0,6
271690105,1,6,6,6,6,0,6
271690110,1,6,6,6,6,0,6
271690115,1,6,6,6,6,0,6
271690120,1,6,6,6,6,0,6
271690125,1,6,6,6,6,0,6
271690130,1,6,6,6,6,0,6
271690135,1,6,6,6,6,0,6
271690140,1,6,6,6,6,0,6
271690145,1,6,6,6,6,0,6
271690150,1,6,6,6,6,0,6
271690155,1,6,6,6,6,0,6
271690160,1,6,6,6,6,0,6
271690165,1,6,6,6,6,0,6
271690170,1,6,6,6,6,0,6
271690175,1,6,6,6,6,0,6
271690180,1,6,6,6,6,0,6
271690185,1,6,6,6,6,0,6
271690190,1,6,6,6,6,0,6
271690195,1,6,6,6,6,0,6
271690200,1,6,6,6,6,0,6
271690205,1,6,6,6,6,0,6
271690210,1,6,6,6,6,0,6
271690215,1,6,6,6,6,0,6
271690220,1,6,6,6,6,0,6
271690225,1,6,6,6,6,0,6
271690230,1,6,6,6,6,0,6
271690240,1,6,6,6,6,0,6
271710005,6,4,4,5,0,2,0
271710010,6,4,4,5,0,1,5
271710015,6,4,4,5,0,1,4
271710020,6,4,4,5,0,2,5
271710025,6,4,4,5,0,2,5
271710030,6,4,4,5,0,2,5
271710031,6,4,4,5,0,2,5
271710035,6,4,4,5,0,2,5
271710040,6,4,4,5,0,2,5
271710045,6,4,4,5,0,1,4
271710050,6,4,4,5,0,1,4
271710055,6,4,4,5,0,1,4
271710060,6,4,4,5,0,1,4
271710065,6,4,4,5,0,1,5
271710070,6,4,4,5,0,2,5
271710075,6,4,4,5,0,3,0
271710085,6,4,4,5,0,3,0
271710090,6,4,4,5,0,1,4
271710095,6,4,4,5,0,2,0
271710096,6,4,4,5,0,3,0
271710100,6,4,4,5,0,1,0
271710105,6,4,4,5,0,1,5
271710110,6,4,4,5,0,2,5
271710111,6,4,4,5,0,1,5
271710115,6,4,4,5,0,1,0
271710120,6,4,4,5,0,1,0
271710125,6,4,4,5,0,2,5
271710130,6,4,4,5,0,2,0
271710135,6,4,4,5,0,1,0
271710140,6,4,4,5,0,2,0
271710141,6,4,4,5,0,2,5
271710142,6,4,4,5,0,2,5
271710145,6,4,4,5,0,3,0
271710150,6,4,4,5,0,3,0
271710155,6,4,4,5,0,2,0
271710156,6,4,4,5,0,2,0
271710160,6,4,4,5,0,2,5
271710165,6,4,4,5,0,1,4
271710170,6,4,4,5,0,1,4
271710175,6,4,4,5,0,1,4
271710180,6,4,4,5,0,1,4
271710185,6,4,4,5,0,1,0
271710190,6,4,4,5,0,1,0
271730005,7,5,4,3,5,1,4
271730010,7,5,4,3,5,1,6
271730020,7,5,4,3,5,1,4
271730025,7,5,4,3,5,1,4
271730030,7,5,4,3,5,1,4
271730035,7,5,4,3,5,1,4
271730040,7,5,4,3,5,1,6
271730045,7,5,4,3,5,1,4
271730050,7,5,4,3,5,1,4
271730065,7,5,4,3,5,1,4
271730070,7,5,4,3,5,1,4
271730075,7,5,4,3,5,1,4
271730080,7,5,4,3,5,1,4
271730085,7,5,4,3,5,1,4
271730090,7,5,4,3,5,1,4
271730095,7,5,4,3,5,1,6
271730100,7,5,4,3,5,1,4
271730105,7,5,4,3,5,1,4
271730110,7,5,4,3,5,1,4
271730115,7,5,4,3,5,1,4
271730120,7,5,4,3,5,1,4
271730125,7,5,4,3,5,1,4
271730130,7,5,4,3,5,1,4
271730135,7,5,4,3,5,1,4
271730140,7,5,4,3,5,1,4
271730145,7,5,4,3,5,1,4
271730150,7,5,4,3,5,1,4
271730155,7,5,4,3,5,1,4
271730160,7,5,4,3,5,1,4
271730165,7,5,4,3,5,1,4
