VTDID,Plan1,Plan2,Plan3,Plan4,Plan5,Plan6
270830035,7,7,7,7,7,1
271730090,7,7,7,7,7,1
270830045,7,7,7,7,7,0
271730095,7,7,7,7,7,1
271730105,7,7,7,7,7,1
271730110,7,7,7,7,7,1
270830065,7,7,7,7,7,1
271730120,7,7,7,7,7,1
270830075,7,7,7,7,7,1
271730130,7,7,7,7,7,1
271730100,7,7,7,7,7,1
270830050,7,7,7,7,7,0
271730145,7,7,7,7,7,1
271730150,7,7,7,7,7,1
271730155,7,7,7,7,7,1
270830125,7,7,7,7,7,1
270830090,7,7,7,7,7,1
270830135,7,7,7,7,7,1
270830140,7,7,7,7,7,0
270830145,7,7,7,7,7,1
270830150,7,7,7,7,7,0
270830095,7,7,7,7,7,1
270830160,7,7,7,7,7,1
270830165,7,7,7,7,7,1
270830170,7,7,7,7,7,0
270830180,7,7,7,7,7,1
270830185,7,7,7,7,7,1
270850005,7,7,7,7,7,1
271050125,1,7,1,1,1,0
270850015,7,7,7,7,7,1
270850020,7,7,7,7,7,1
270850025,7,7,7,7,7,1
270850030,7,7,7,7,7,1
270850035,7,7,7,7,7,1
270850040,7,7,7,7,7,1
270850045,7,7,7,7,7,1
270850050,7,7,7,7,7,1
270150085,1,1,1,1,1,0
270850060,7,7,7,7,7,1
270850065,7,7,7,7,7,1
270850070,7,7,7,7,7,1
270850075,7,7,7,7,7,1
270850080,7,7,7,7,7,1
270850095,7,7,7,7,7,1
270830010,7,7,7,7,7,0
270850105,7,7,7,7,7,1
270850110,7,7,7,7,1,1
270850115,7,7,7,7,7,1
270850120,7,7,7,7,7,1
270850125,7,7,7,7,7,1
270810080,7,7,7,7,7,1
270850135,7,7,7,7,7,1
270850140,7,7,7,7,7,1
270830025,7,7,7,7,7,1
271050175,1,1,1,1,1,0
270830030,7,7,7,7,7,0
270830040,7,7,7,7,7,1
270810085,7,7,7,7,7,1
271730025,7,7,7,7,7,1
271730030,7,7,7,7,7,1
270830055,7,7,7,7,7,1
271730035,7,7,7,7,7,1
270830060,7,7,7,7,7,1
271730045,7,7,7,7,7,1
270830070,7,7,7,7,7,1
270150075,1,1,1,1,1,0
271730065,7,7,7,7,7,1
270830080,7,7,7,7,7,1
270810075,7,7,7,7,7,1
271730070,7,7,7,7,7,1
270830085,7,7,7,7,7,1
271730085,7,7,7,7,7,1
270830105,7,7,7,7,7,1
270910005,1,1,1,1,1,0
270830115,7,7,7,7,7,1
270910010,1,1,1,1,1,0
270910015,1,1,1,1,1,0
270910020,1,1,1,1,1,0
270910025,1,1,1,1,1,0
270910030,1,1,1,1,1,0
270910035,1,1,1,1,1,0
270910040,1,1,1,1,1,0
270910050,1,1,1,1,1,0
270910055,1,1,1,1,1,0
270910065,1,1,1,1,1,0
270910070,1,1,1,1,1,0
270910080,1,1,1,1,1,0
270910085,1,1,1,1,1,0
270910095,1,1,1,1,1,0
270910100,1,1,1,1,1,0
270910105,1,1,1,1,1,0
270910110,1,1,1,1,1,0
270910115,1,1,1,1,1,0
270910120,1,1,1,1,1,0
270910125,1,1,1,1,1,0
270910130,1,1,1,1,1,0
270910135,1,1,1,1,1,0
270910140,1,1,1,1,1,0
270910145,1,1,1,1,1,0
270910150,1,1,1,1,1,0
270910155,1,1,1,1,1,0
270910160,1,1,1,1,1,0
270910165,1,1,1,1,1,0
270910170,1,1,1,1,1,0
270910175,1,1,1,1,1,0
270910180,1,1,1,1,1,0
270910185,1,1,1,1,1,0
270910195,1,1,1,1,1,0
270910200,1,1,1,1,1,0
270910205,1,1,1,1,1,0
270910210,1,1,1,1,1,0
270930005,7,7,7,7,7,1
270930010,7,7,7,7,7,1
270930015,7,7,7,7,7,1
270930020,7,7,7,7,7,1
270930025,7,7,7,7,7,1
270930030,7,7,7,7,7,1
270930035,7,7,7,7,7,1
271730135,7,7,7,7,7,1
270930065,7,7,7,7,7,1
271730140,7,7,7,7,7,1
270930080,7,7,7,7,7,1
270930085,7,7,7,7,7,1
271730160,7,7,7,7,7,1
271730165,7,7,7,7,7,1
271010005,7,7,7,7,7,0
271010010,7,7,7,7,1,0
271010015,7,7,7,7,7,0
271010020,7,7,7,7,7,0
271010025,7,7,7,7,7,0
271010030,7,7,7,7,7,0
271010035,7,7,7,7,7,0
271010040,7,7,7,7,7,0
271010045,7,7,7,7,7,0
271010046,7,7,7,7,7,0
271010050,7,7,7,7,7,0
271010055,7,7,7,7,1,0
271010060,7,7,7,7,7,0
271010065,7,7,7,7,7,0
271010070,7,7,7,7,7,0
271010075,7,7,7,7,7,0
271010080,7,7,7,7,7,0
271010085,7,7,7,7,7,0
271010090,7,7,7,7,7,0
271010095,7,7,7,7,7,0
271010100,7,7,7,7,7,0
271010105,7,7,7,7,7,0
270110070,7,7,7,7,7,1
271010115,7,7,7,7,7,0
271010110,7,7,7,7,7,0
271010125,7,7,7,7,7,0
271010130,7,7,7,7,7,0
271010135,7,7,7,7,7,0
271010140,7,7,7,7,7,0
271030005,1,1,1,1,1,0
270130005,1,1,1,1,1,0
270130015,1,1,1,1,1,0
270130020,1,1,1,1,1,0
270130025,1,1,1,1,1,0
271030030,1,1,1,1,1,0
271030010,1,1,1,1,1,1
271030015,1,1,1,1,1,0
270130010,1,1,1,1,1,0
271030025,1,1,1,1,1,0
270130030,1,1,1,1,1,0
270130060,1,1,1,1,1,0
270130065,1,1,1,1,1,0
271030060,1,1,1,1,1,0
270130075,1,1,1,1,1,0
270130080,1,1,1,1,1,0
271030065,1,1,1,1,1,0
271030075,1,1,1,1,1,0
271030080,1,1,1,1,1,0
270130100,1,1,1,1,1,0
271030110,1,1,1,1,1,0
271030085,1,1,1,1,1,0
271030120,1,1,1,1,1,0
271030125,1,1,1,1,1,0
271030090,1,1,1,1,1,0
270130085,1,1,1,1,1,0
271030115,1,1,1,1,1,1
271030145,1,1,1,1,1,1
271030130,1,1,1,1,1,0
271030140,1,1,1,1,1,0
271030135,1,1,1,1,1,0
270130110,1,1,1,1,1,0
270130155,1,1,1,1,1,0
270130160,1,1,1,1,1,0
270130150,1,1,1,1,1,0
270130170,1,1,1,1,1,0
270130175,1,1,1,1,1,0
270130195,1,1,1,1,1,0
270130197,1,1,1,1,1,0
270130200,1,1,1,1,1,0
270130205,1,1,1,1,1,0
270130165,1,1,1,1,1,0
270130212,1,1,1,1,1,0
270130213,1,1,1,1,1,0
271050050,1,1,1,1,1,0
270130220,1,1,1,1,1,0
270130225,1,1,1,1,1,0
271050070,1,1,1,1,1,0
270130235,1,1,1,1,1,0
270130240,1,1,1,1,1,0
270130245,1,1,1,1,1,0
270130250,1,1,1,1,1,0
270130255,1,1,1,1,1,0
271050130,1,1,1,1,1,0
271050135,1,1,1,1,1,0
271050140,1,1,1,1,1,0
271050145,1,1,1,1,1,0
271050150,1,1,1,1,1,0
271050155,1,1,1,1,1,0
271050160,1,1,1,1,1,0
270130260,1,1,1,1,1,0
271050166,1,1,1,1,1,0
270150010,1,1,1,1,1,0
271050165,1,1,1,1,1,0
271050180,1,1,1,1,1,0
271050185,1,1,1,1,1,0
270150065,1,1,1,1,1,0
271050186,1,1,1,1,1,0
271050190,1,1,1,1,1,0
271050170,1,1,1,1,1,0
270150070,1,1,1,1,1,0
270150050,1,1,1,1,1,1
270150060,1,1,1,1,1,0
270150095,1,1,1,1,1,0
270150100,1,1,1,1,1,0
270150105,1,1,1,1,1,0
270150110,1,1,1,1,1,0
270150115,1,1,1,1,1,0
270150080,1,1,1,1,1,0
270150090,1,1,1,1,1,0
270150120,1,1,1,1,1,0
270150125,1,1,1,1,1,1
270150130,1,1,1,1,1,1
270150135,1,1,1,1,1,1
270150140,1,1,1,1,1,1
270150145,1,1,1,1,1,0
270150150,1,1,1,1,1,0
270150155,1,1,1,1,1,1
270150160,1,1,1,1,1,0
270190005,7,6,6,6,6,3
270190015,7,6,6,3,7,3
270190040,7,3,3,3,7,3
270190045,7,3,3,3,7,3
270190065,7,6,6,6,6,3
270190070,7,6,6,6,6,3
270190072,3,6,3,6,7,3
270190075,6,6,6,6,6,1
270190080,7,7,6,6,7,1
270190090,3,3,3,3,3,3
270190105,6,6,6,6,6,1
270190110,7,7,6,6,7,3
270190119,7,3,3,3,3,3
270190120,6,6,6,6,6,3
270190125,6,6,6,6,6,3
270190130,6,6,6,6,6,1
270190150,6,6,6,6,6,1
270230025,7,7,7,7,7,1
270230030,7,7,7,7,7,1
270230032,7,7,7,7,7,1
270230035,7,7,7,7,7,1
270230040,7,7,7,7,7,1
270230045,7,7,7,7,7,1
270230070,7,7,7,7,7,1
270230075,7,7,7,7,7,1
270230090,7,7,7,7,7,1
270230110,7,7,7,7,7,1
270230115,7,7,7,7,7,1
270230125,7,7,7,7,7,1
270230130,7,7,7,7,7,1
271170005,7,7,7,7,7,0
271170010,7,7,7,7,7,0
271170015,7,7,7,7,7,0
271170020,7,7,7,7,7,0
271170025,7,7,7,7,7,0
271170030,7,7,7,7,7,0
271170035,7,7,7,7,7,0
271170040,7,7,7,7,7,0
271170045,7,7,7,7,7,0
271170050,7,7,7,7,7,0
271170055,7,7,7,7,7,0
271170060,7,7,7,7,7,0
271170065,7,7,7,7,7,0
271170070,7,7,7,7,7,0
271170075,7,7,7,7,7,0
271170080,7,7,7,7,7,0
271170100,7,7,7,7,7,0
271170105,7,7,7,7,7,0
271170110,7,7,7,7,7,0
271170115,7,7,7,7,7,0
271170120,7,7,7,7,7,0
271170125,7,7,7,7,7,0
270330005,7,7,7,7,7,0
270330010,7,7,7,7,7,0
270330015,7,7,7,7,7,0
270330020,1,1,1,1,1,0
270330025,1,1,1,1,1,0
270330030,1,1,1,1,1,0
270330035,7,7,7,7,7,0
270330040,1,1,1,1,1,0
270330045,1,1,1,1,7,0
270830130,7,7,7,7,7,0
270330050,7,7,7,7,7,0
270330055,7,7,7,7,7,0
270330060,7,7,7,7,7,0
270330065,1,1,1,1,1,0
270330070,1,1,1,1,1,0
270330075,1,1,1,1,1,0
270330085,1,1,1,1,1,0
270330090,7,7,7,7,7,0
270330095,1,1,1,1,1,0
270330100,7,7,7,7,1,0
270330105,7,7,7,7,7,0
270330110,7,7,7,7,7,0
270330115,7,7,7,7,7,0
270330120,7,7,7,7,7,0
270330125,7,7,7,7,7,0
270330130,7,7,7,7,7,0
270330135,7,7,7,7,7,0
270330140,7,7,7,7,7,0
270330145,7,7,7,7,7,0
271050110,1,1,1,1,1,0
270150055,1,1,1,1,1,0
271730115,7,7,7,7,7,1
270371010,2,2,2,2,2,6
270371030,2,2,2,2,2,6
270371210,2,2,2,2,2,6
270371220,2,2,2,2,2,6
270371230,2,2,2,2,2,6
270371240,2,2,2,2,2,6
270371250,2,2,2,2,2,6
270371260,2,2,2,2,2,6
270371270,2,2,2,2,2,6
270371280,2,2,2,2,2,6
270371290,2,2,2,2,2,6
270371300,2,2,2,2,2,6
270371330,2,2,2,2,2,6
270371340,2,2,2,2,2,6
270371350,2,2,2,2,2,6
270371370,2,2,2,2,2,6
271730125,7,7,7,7,7,1
270830155,7,7,7,7,7,1
270430005,1,1,1,1,1,0
270430010,1,1,1,1,1,0
270430015,1,1,1,1,1,0
270430020,1,1,1,1,1,0
270430025,1,1,1,1,1,0
270430030,1,1,1,1,1,0
270430035,1,1,1,1,1,0
270430045,1,1,1,1,1,0
271270005,7,7,7,7,7,1
271270010,7,7,7,7,1,0
270430050,1,1,1,1,1,0
271270020,7,7,7,7,7,1
271270025,7,7,7,7,7,1
271270030,7,7,7,7,7,1
271270035,7,7,7,7,7,1
271270040,7,7,7,7,7,1
271270045,7,7,7,7,7,1
271270050,7,7,7,7,7,1
271270055,7,7,7,7,7,1
270430085,1,1,1,1,1,0
270430105,1,1,1,1,1,0
271270070,7,7,7,7,7,1
271270075,7,7,7,7,7,1
271270080,7,7,7,7,7,1
271270085,7,7,7,7,7,1
271270090,7,7,7,7,7,1
270430140,1,1,1,1,1,0
271270105,7,7,7,7,7,1
271270110,7,7,7,7,7,1
271270115,7,7,7,7,7,1
271270120,7,7,7,7,7,1
271270125,7,7,7,7,7,1
270430125,1,1,1,1,1,0
270430130,1,1,1,1,1,0
271270140,7,7,7,7,7,1
271270145,7,7,7,7,7,1
270430145,1,1,1,1,1,0
270430160,1,1,1,1,1,0
270430165,1,1,1,1,1,0
271270165,7,7,7,7,7,1
271270150,7,7,7,7,7,1
271270170,7,7,7,7,7,1
271270175,7,7,7,7,7,1
271270180,7,7,7,7,7,1
271270185,7,7,7,7,7,1
271270190,7,7,7,7,7,1
271270195,7,7,7,7,7,1
271270160,7,7,7,7,7,1
271270200,7,7,7,7,7,0
271270215,7,7,7,7,7,1
271270220,7,7,7,7,7,1
271290005,7,7,7,7,1,1
270430060,1,1,1,1,1,0
271290010,7,7,7,7,7,1
271290015,7,7,7,7,7,1
271290025,7,7,7,7,7,1
271290030,7,7,7,7,7,1
271290035,7,7,7,7,7,1
271290040,7,7,7,7,7,1
271290045,7,7,7,7,1,1
271290050,7,7,7,7,1,1
270430065,1,1,1,1,1,0
270430070,1,1,1,1,1,0
271290020,7,7,7,7,7,1
271290075,7,7,7,7,1,1
271290080,7,7,7,7,7,1
271290085,7,7,7,7,7,1
270430075,1,1,1,1,1,0
271290095,7,7,7,7,7,1
271290100,7,7,7,7,7,1
271290105,7,7,7,7,7,1
271290110,7,7,7,7,7,1
271290115,7,7,7,7,1,1
271290120,7,7,7,7,7,1
271290125,7,7,7,7,7,1
271290130,7,7,7,7,7,1
271290090,7,7,7,7,7,1
271290140,7,7,7,7,7,1
271290145,7,7,7,7,1,1
271290150,7,7,7,7,7,1
271290152,7,7,7,7,7,1
271290155,7,7,7,7,7,1
270430090,1,1,1,1,1,0
271290165,7,7,7,7,7,1
271290160,7,7,7,7,7,1
271290180,7,7,7,7,1,1
270430110,1,1,1,1,1,0
270430115,1,1,1,1,1,0
270430120,1,1,1,1,1,0
271270015,7,1,7,7,7,0
271330005,1,1,1,1,1,0
271330010,1,1,1,1,1,0
271330015,1,1,1,1,1,0
271330020,1,1,1,1,1,0
271330025,1,7,1,1,1,0
271330030,1,7,1,1,1,0
270430135,1,1,1,1,1,0
271330035,1,1,1,1,1,0
271330045,1,1,1,1,1,0
271330040,1,7,1,7,1,0
271330055,1,1,1,1,1,0
271330060,1,1,1,1,1,0
271330065,1,1,1,1,1,0
271330070,1,1,1,1,1,0
271330075,1,1,1,1,1,0
271330077,1,1,1,1,1,0
271330080,1,1,1,1,1,0
271330085,1,1,1,1,1,0
271330090,1,1,1,1,1,0
271330095,1,1,1,1,1,0
271330100,1,7,1,1,1,0
271330105,1,1,1,1,1,0
271330110,1,1,1,1,1,0
271330115,1,1,1,1,1,0
271270060,7,7,7,7,7,0
271270065,7,7,7,7,7,0
270530005,3,2,3,3,3,6
270530010,3,3,3,2,3,6
270530015,3,3,3,3,3,6
270530020,3,3,3,2,3,6
270530025,3,3,3,3,3,6
270530030,3,3,3,3,3,6
270530035,3,3,3,2,3,6
270530036,3,3,3,3,3,6
270530040,3,3,3,3,3,6
270530045,3,3,3,3,3,3
270530055,3,3,3,3,3,3
270530060,3,3,3,3,3,3
270530065,3,3,3,3,3,3
270530070,3,3,3,3,3,3
270530071,3,3,3,3,3,3
270530080,3,3,3,3,3,6
270530090,3,3,3,3,3,3
270530100,3,3,3,3,3,6
271270095,7,7,7,7,7,0
270530107,3,3,3,3,3,6
270530120,3,3,3,3,3,6
270530125,3,3,3,3,3,6
270530130,3,3,3,3,3,6
270530131,3,3,3,3,3,6
270530132,3,3,3,3,3,6
271270130,7,7,7,7,7,0
271270135,7,1,7,7,7,0
271270155,7,7,7,7,7,0
270810040,7,7,7,7,7,1
270530750,3,3,3,3,3,3
270530755,3,3,3,3,3,3
271050090,1,1,1,1,1,0
270530770,3,3,3,3,3,3
270530785,3,3,3,3,3,3
271270205,7,7,7,7,7,1
271270210,7,7,7,7,7,0
271390005,2,2,7,7,2,3
271390010,2,2,7,2,2,3
271390015,2,1,7,2,2,3
271390040,2,2,2,2,2,3
271390050,2,2,2,7,2,3
271390055,2,2,2,7,2,3
271390060,2,2,2,2,2,3
271390075,2,1,2,2,2,3
271390080,2,2,2,2,2,3
271390084,2,2,2,2,2,3
271390090,1,2,2,2,2,3
271390091,1,2,2,2,2,3
271390092,2,2,2,2,2,3
271390093,2,2,2,2,2,3
271390094,2,2,2,2,2,3
271390097,2,2,2,2,2,3
271390099,2,7,7,7,2,3
271390100,2,2,2,2,2,3
271390105,2,2,2,2,2,3
271390110,2,2,2,2,2,3
271390111,2,2,2,2,2,3
271390112,2,2,2,2,2,3
271390113,2,2,2,2,2,3
271390114,2,2,2,2,2,3
271390116,2,2,2,2,2,3
271390117,2,2,2,2,2,3
271390118,2,2,2,2,2,3
271390120,2,2,2,2,2,3
271390125,2,2,2,2,2,3
271390130,2,2,2,2,2,3
271390137,2,2,2,2,2,3
271390138,2,2,2,2,2,3
271390145,2,2,2,2,2,3
271390150,2,2,2,2,2,3
271390153,2,2,2,2,2,3
271390156,2,2,2,2,2,3
271390157,2,2,2,2,2,3
271390158,2,2,2,2,2,3
271390160,1,2,2,2,2,3
271430005,7,7,7,7,1,1
271430010,7,7,7,7,7,1
271430015,7,7,7,7,7,1
271430020,7,7,7,7,7,1
271430025,7,7,7,7,7,1
271430030,7,7,7,7,7,1
271430035,7,7,7,7,7,1
271430040,7,7,7,7,7,1
271430045,7,7,7,7,7,1
271430050,7,7,7,7,7,1
271430055,7,7,7,7,7,1
271430060,7,7,7,7,7,1
271430065,7,7,7,7,7,3
271430070,7,7,7,7,7,1
271430075,7,7,7,7,7,1
271430080,7,7,7,7,7,1
271430082,7,1,7,7,7,1
271430085,7,7,7,7,1,1
271430090,7,7,7,7,7,1
271430095,7,7,7,7,7,1
271430100,7,7,7,7,7,1
271430105,7,7,7,7,1,1
271430110,7,7,7,7,1,1
271430115,7,7,7,7,7,1
271430120,7,7,7,7,7,1
271050100,1,1,1,1,1,0
270532595,5,5,5,3,5,6
270810060,7,7,7,7,7,0
270730130,7,7,7,7,7,1
270810100,7,7,7,7,7,0
270330047,7,7,7,7,7,0
271330050,1,1,1,1,1,0
270130035,1,1,1,1,1,0
270130040,1,1,1,1,1,0
271010120,7,7,7,7,7,0
270130045,1,1,1,1,1,0
270130050,1,1,1,1,1,0
270630005,1,1,1,1,1,0
270630010,1,1,1,1,1,0
270630015,1,1,1,1,1,0
270630020,1,1,1,1,1,0
270630025,1,1,1,1,1,0
270130055,1,1,1,1,1,0
270630030,1,1,1,1,1,0
270630035,1,1,1,1,1,0
270630040,1,1,1,1,1,0
270630045,1,1,1,1,1,0
270630050,1,1,1,1,1,0
270630055,1,1,1,1,1,0
270630060,1,1,1,1,1,0
270630070,1,1,1,1,1,0
270630080,1,1,1,1,1,0
270630085,1,1,1,1,1,0
270630090,1,1,1,1,1,0
270630095,1,1,1,1,1,0
270630100,1,1,1,1,1,0
270630105,1,1,1,1,1,0
270130070,1,1,1,1,1,0
270630115,1,1,1,1,1,0
270630120,1,1,1,1,1,0
270630125,1,1,1,1,1,0
270630130,1,1,1,1,1,0
270630135,1,1,1,1,1,0
270630140,1,1,1,1,1,0
270630110,1,1,1,1,1,0
270630150,1,1,1,1,1,0
270630145,1,1,1,1,1,0
271030020,1,1,1,1,1,0
270130095,1,1,1,1,1,0
271030035,1,7,1,7,1,1
270810025,7,7,7,7,7,1
270670010,7,7,7,7,7,1
271030040,1,1,1,1,1,0
270670035,7,7,7,7,7,1
270130105,1,1,1,1,1,0
270670045,7,7,7,7,7,1
270670050,7,7,7,7,7,1
271030045,1,1,1,1,1,1
270130106,1,1,1,1,1,0
271050120,1,1,1,1,1,0
271030050,1,1,1,1,1,0
270670090,7,7,7,7,7,1
270670095,7,7,7,7,7,1
270670100,7,7,7,7,7,1
271030055,1,1,1,1,1,1
270130115,1,1,1,1,1,0
270810030,7,7,7,7,7,1
271050080,1,7,1,1,1,0
270130120,1,1,1,1,1,0
270130125,1,1,1,1,1,0
271030070,1,1,1,1,1,0
270130130,1,1,1,1,1,0
270130135,1,1,1,1,1,0
270130140,1,1,1,1,1,0
270810035,7,7,7,7,7,1
270130142,1,1,1,1,1,0
270130145,1,1,1,1,1,0
271030095,1,1,1,1,1,0
271030100,1,1,1,1,1,0
271650005,1,1,1,1,1,0
271650010,1,1,1,1,1,0
271650015,1,1,1,1,1,0
271650020,1,1,1,1,1,0
271650025,1,1,1,1,1,0
271650030,1,1,1,1,1,0
271650035,1,1,1,1,1,0
271650040,1,1,1,1,1,0
271650045,1,1,1,1,1,0
271650050,1,1,1,1,1,0
271650060,1,1,1,1,1,0
271650065,1,1,1,1,1,0
271650070,1,1,1,1,1,0
271650075,1,1,1,1,1,0
271650080,1,1,1,1,1,0
271650085,1,1,1,1,1,0
271650090,1,1,1,1,1,0
271650095,1,1,1,1,1,0
271650110,1,1,1,1,1,0
271650125,1,1,1,1,1,0
271650135,1,1,1,1,1,0
271050115,1,1,1,1,1,0
270810045,7,7,7,7,7,0
270730005,7,7,7,7,7,1
271050005,1,1,1,1,1,0
270730015,7,7,7,7,7,1
270730010,7,7,7,7,7,1
270730020,7,7,7,7,7,1
270730025,7,7,7,7,7,1
270730030,7,7,7,7,7,1
271050010,1,1,1,1,1,0
270730040,7,7,7,7,7,1
270730045,7,7,7,7,7,1
270730035,7,7,7,7,7,1
270730060,7,7,7,7,7,1
271050015,1,1,1,1,1,0
270730070,7,7,7,7,7,1
270730080,7,7,7,7,7,1
270730065,7,7,7,7,7,1
271050020,1,1,1,1,7,0
270730085,7,7,7,7,7,1
270730115,7,7,7,7,7,1
270730095,7,7,7,7,7,1
270730110,7,7,7,7,7,1
270730090,7,7,7,7,7,1
270730120,7,7,7,7,7,1
270730125,7,7,7,7,7,1
271050025,1,1,1,1,1,0
270730135,7,7,7,7,7,1
270730140,7,7,7,7,7,1
270730145,7,7,7,7,7,1
270730150,7,7,7,7,7,1
271050030,1,1,1,1,1,0
270730155,7,7,7,7,7,1
270730165,7,7,7,7,7,1
270730160,7,7,7,7,7,1
271050035,1,1,1,7,1,0
271050040,1,1,1,1,1,0
270810055,7,7,7,7,7,0
271050045,1,1,1,1,1,0
271050105,1,1,1,1,1,0
270810070,7,7,7,7,7,1
271050055,1,1,1,1,1,0
271050060,1,1,1,1,1,0
270810010,7,7,7,7,7,1
271050065,1,1,1,1,1,0
270790005,1,1,1,1,1,0
270790010,1,1,1,1,1,0
270790015,1,1,1,1,1,0
270150005,1,1,1,1,1,0
270790020,1,1,1,1,1,3
270790025,1,1,1,1,1,0
270790035,1,1,1,1,1,3
270790030,1,1,1,1,1,0
270790040,1,1,1,1,1,0
270790045,1,1,1,1,1,0
270790047,1,1,1,1,1,0
270790050,1,1,1,1,1,0
270790062,1,1,1,1,1,3
270150015,1,1,1,1,1,0
270790055,1,1,1,1,1,0
271050075,1,1,1,1,1,0
270790065,1,1,1,1,1,3
270790075,1,1,1,7,1,1
270150020,1,1,1,1,1,0
270790090,1,1,1,1,1,3
270790105,1,1,1,1,1,3
270790080,1,1,1,1,1,3
270790085,1,1,1,1,1,3
270150025,1,1,1,1,1,0
270790087,1,1,1,1,1,0
271050085,1,1,1,1,1,0
270790100,1,1,1,1,1,3
270790110,1,1,1,1,1,1
270150030,1,1,1,1,1,0
270790115,1,1,1,1,1,3
270810020,7,7,7,7,7,1
270790120,1,1,1,1,1,3
270790125,1,1,1,1,1,0
270150035,1,1,1,1,1,1
271050095,1,1,1,1,1,0
270810005,7,7,7,7,7,1
270810050,7,7,7,7,7,1
270810015,7,7,7,7,7,1
270150040,1,1,1,1,1,1
270810065,7,7,7,7,7,1
271730005,7,7,7,7,7,1
271730010,7,7,7,7,7,1
271730020,7,7,7,7,7,1
270150045,1,1,1,1,1,0
270810090,7,7,7,7,7,1
270810095,7,7,7,7,7,1
271730040,7,7,7,7,7,1
270830005,7,7,7,7,7,1
271730050,7,7,7,7,7,1
270830015,7,7,7,7,7,1
270830020,7,7,7,7,7,1
271730075,7,7,7,7,7,1
271730080,7,7,7,7,7,1
270532315,5,5,5,3,5,5
270532320,5,5,5,5,5,5
270532330,5,5,5,5,5,5
270532335,5,5,5,3,5,5
270532415,3,3,3,3,3,3
270532455,3,3,3,3,3,3
270532460,3,3,3,5,3,3
270532465,3,3,3,3,3,3
270532470,3,3,3,3,3,3
270532475,3,3,3,5,3,3
270532480,3,3,3,3,3,3
270532485,3,3,3,3,3,3
270532490,3,3,3,3,3,3
270532495,3,3,3,3,3,3
270532500,3,3,3,3,3,3
270532505,3,3,3,3,3,3
270532510,3,3,3,3,3,3
270532575,5,5,5,5,5,6
270532580,5,5,5,5,5,6
270532585,5,5,5,3,5,6
270532590,5,5,5,3,5,6
270532600,5,5,5,3,5,6
270532605,5,5,5,5,5,6
270532645,5,5,5,5,5,5
270532655,5,5,5,5,5,5
270532665,5,5,5,5,5,5
270532675,5,5,5,5,5,5
270532765,5,5,5,5,5,5
270532790,5,5,5,5,5,7
270532795,5,5,5,5,5,3
270532800,5,5,5,5,5,7
270532805,5,5,5,5,5,3
270532810,5,5,5,5,5,3
270532815,5,5,5,5,5,7
270532820,5,5,5,5,5,7
270532825,5,5,5,5,5,3
270532830,5,5,5,5,5,3
270532835,5,5,5,5,5,3
270532840,5,5,5,5,5,3
270532845,5,5,5,5,5,3
270532850,5,5,5,5,5,3
270532855,5,5,5,5,5,3
270532860,5,5,5,5,5,3
270532865,5,5,5,5,5,7
270530050,3,3,3,3,3,3
270530075,3,3,3,3,3,6
270530085,3,3,3,3,3,3
270530095,3,3,5,3,3,6
270530105,3,3,3,3,3,6
270530106,3,3,3,3,3,3
270530200,5,5,5,5,5,5
270530225,5,5,5,5,5,5
270530230,5,5,5,5,5,5
270530397,3,3,3,5,3,5
270530550,5,5,5,5,5,5
270530555,5,5,5,3,5,5
270530557,5,5,5,3,5,5
270530560,5,5,5,5,5,5
270530565,5,5,5,5,5,5
270530567,5,5,5,3,5,5
270530570,5,5,5,5,5,5
270530575,5,5,5,3,5,5
270530577,5,5,5,5,5,5
270530585,5,5,5,5,5,5
270530590,5,5,5,3,5,5
270530690,3,3,3,3,3,3
270530695,3,3,3,3,3,3
270530700,3,3,3,3,3,3
270530705,3,3,3,3,3,3
270530720,3,3,3,3,3,3
270530725,3,3,3,3,3,3
270530735,3,3,3,3,3,3
270530740,3,3,3,3,3,3
270530745,3,3,3,3,3,3
270530760,3,3,3,3,3,3
270530765,3,3,3,3,3,3
270530850,3,3,3,3,3,3
270530855,3,3,3,5,3,3
270530860,3,3,3,5,3,3
270530865,5,5,5,5,5,7
270530870,5,5,5,5,5,7
270530875,3,3,3,3,3,3
270530880,3,3,3,5,3,3
270530885,3,3,3,5,5,3
270530890,5,5,5,5,5,7
270530895,5,5,5,5,5,7
270530900,3,3,3,3,3,3
270530905,3,3,3,3,3,3
270530910,3,3,3,3,3,6
270530915,3,3,5,3,3,6
270530920,5,5,5,5,5,7
270530925,3,3,3,3,3,3
270530930,3,3,3,5,3,6
270530935,3,3,5,5,3,6
270530940,3,3,5,3,3,6
270530945,3,3,3,3,3,3
270530985,5,5,5,5,5,5
270530990,5,5,5,5,5,5
270531000,5,5,5,5,5,3
270531005,5,5,5,5,5,3
270531010,5,5,5,5,5,3
270531015,5,5,5,5,5,3
270531020,5,5,5,3,5,3
270531025,5,5,5,5,5,3
270531110,5,5,5,5,5,3
270531115,5,5,5,3,5,3
270531120,5,5,5,3,5,3
270531125,5,5,5,3,5,3
270531130,5,5,5,3,5,3
270531135,5,5,5,3,5,3
270531250,3,3,3,3,3,3
270531255,3,3,3,5,3,3
270531345,3,3,3,3,3,3
270531360,5,5,5,5,5,5
270531375,5,5,5,5,5,5
270531380,5,5,5,4,5,5
270531385,5,5,5,5,5,5
270531390,5,5,5,5,5,5
270531395,5,5,5,5,5,5
270531400,5,5,5,5,5,5
270531405,5,5,5,5,5,5
270531420,5,5,5,5,5,5
270531430,5,5,5,5,5,7
270531465,5,5,5,5,5,5
270531470,5,5,5,5,5,5
270531475,5,5,5,5,5,5
270531480,5,5,5,5,5,5
270531485,5,5,5,5,5,5
271230430,4,4,4,4,4,5
270531490,5,5,5,5,5,5
270531495,5,5,5,5,5,5
270531500,5,5,5,4,5,7
270531501,5,5,5,5,5,5
270531502,5,5,5,5,5,5
270531503,5,5,5,5,5,7
270531505,5,5,5,5,5,5
270531510,5,5,5,5,5,5
270531520,5,5,5,5,5,5
270531525,5,5,5,5,5,5
270531530,5,5,5,5,5,5
270531535,5,5,5,5,5,5
270531515,5,5,5,5,5,5
270531555,5,5,5,5,5,5
270531560,5,5,5,5,5,5
270531565,5,5,5,5,5,5
270531540,5,5,5,5,5,5
270531575,5,5,5,5,5,5
270531580,5,5,5,5,5,7
270531585,5,5,5,5,5,5
270531590,5,5,5,5,5,5
270531595,5,5,5,5,5,5
270531570,5,5,5,5,5,5
270531615,5,5,5,5,5,7
270531620,5,5,5,4,5,7
271230470,4,4,4,4,4,5
270531630,5,5,5,4,5,7
270531635,5,5,5,5,5,7
270531640,5,5,5,5,5,7
270531642,5,5,5,5,5,7
270531645,5,5,5,5,5,7
270531650,5,5,5,5,5,7
270531655,5,5,5,5,5,7
270531660,5,5,5,5,5,7
270531665,5,5,5,5,5,7
270531670,5,5,5,4,5,7
270531675,5,5,5,5,5,7
270531680,5,5,5,5,5,7
270531685,5,5,5,5,5,7
270531690,5,5,5,5,5,7
270531700,5,5,5,5,5,7
270531705,5,5,5,5,5,7
270531715,5,5,5,5,5,7
270531720,5,5,5,5,5,7
270531725,5,5,5,5,5,7
270531730,5,5,5,5,5,7
270531750,5,5,5,5,5,7
270531760,5,5,5,5,5,7
270531805,5,5,5,5,5,7
270531810,5,5,5,5,5,7
270531815,5,5,5,5,5,7
270531817,5,5,5,5,5,7
270531820,5,5,5,5,5,7
270531825,5,5,5,5,5,7
270531827,5,5,5,5,5,7
270531830,5,5,5,5,5,7
270531835,5,5,5,5,5,7
270531840,5,5,5,5,5,7
270531845,5,5,5,5,5,7
270531850,5,5,5,5,5,7
270531860,5,5,5,5,5,7
270531865,5,5,5,5,5,7
270531870,5,5,5,3,5,6
270531875,5,5,5,4,5,7
270531880,5,5,5,5,5,7
270531885,5,5,5,5,5,7
270531890,5,5,5,2,5,6
270531895,5,5,5,5,5,7
270531902,5,5,5,5,5,6
270531960,5,5,5,5,5,7
270531965,5,5,5,5,5,7
270531970,5,5,5,5,5,7
270531975,5,5,5,5,5,7
270531980,5,5,5,5,5,7
270531985,5,5,5,3,5,7
270531990,5,5,5,3,5,6
270531995,5,5,5,5,5,7
270532000,5,5,5,3,5,6
270532005,5,5,5,5,5,7
270532010,5,5,5,5,5,7
270532015,5,5,5,5,5,7
270532020,5,5,5,3,5,7
270532090,3,3,3,3,3,3
270532095,3,3,3,3,3,3
270532100,3,3,3,3,3,3
270532105,3,3,3,3,3,3
270532110,3,3,3,3,3,3
270532115,3,3,3,3,3,3
270532120,3,3,3,3,3,3
270532125,3,3,3,3,3,3
270532130,3,3,3,5,3,3
270532135,3,3,3,3,3,3
270532140,3,3,3,5,3,3
270532145,3,3,3,3,3,3
270532150,3,3,3,3,3,3
270532155,3,3,3,3,3,3
270532170,3,3,3,3,3,3
270532195,3,3,3,3,3,3
270532200,3,3,3,3,3,3
270532205,3,3,3,3,3,3
270532210,3,3,3,3,3,3
270532290,5,5,5,3,5,5
270532295,5,5,5,3,5,5
270532300,5,5,5,3,5,5
270532310,5,5,5,3,5,5
270990005,1,1,1,1,1,0
270990010,1,1,1,1,1,0
270990015,1,1,1,1,1,0
270990020,1,1,1,1,1,0
270990025,1,1,1,1,1,0
270990030,1,1,1,1,1,0
270990035,1,1,1,1,1,0
270990050,1,1,1,1,1,0
270990055,1,1,1,1,1,0
270990070,1,1,1,1,1,0
270990075,1,1,1,1,1,0
270990080,1,1,1,1,1,0
270990085,1,1,1,1,1,0
270990090,1,1,1,1,1,0
270990095,1,1,1,1,1,0
270990100,1,1,1,1,1,0
270990105,1,1,1,1,1,0
270990110,1,1,1,1,1,0
270990115,1,1,1,1,1,0
270990120,1,1,1,1,1,0
270990125,1,1,1,1,1,0
270990130,1,1,1,1,1,0
270990135,1,1,1,1,1,0
270990140,1,1,1,1,1,0
270990145,1,1,1,1,1,0
270990150,1,1,1,1,1,0
270990155,1,1,1,1,1,0
270990160,1,1,1,1,1,0
270990165,1,1,1,1,1,0
270990170,1,1,1,1,1,0
270990175,1,1,1,1,1,0
270990180,1,1,1,1,1,0
270990185,1,1,1,1,1,0
270990190,1,1,1,1,1,0
270990195,1,1,1,1,1,0
270990200,1,1,1,1,1,0
270990205,1,1,1,1,1,0
270990210,1,1,1,1,1,0
270990215,1,1,1,1,1,0
270990220,1,1,1,1,1,0
270130090,1,1,1,1,1,0
270130210,1,1,1,1,1,0
270130215,1,1,1,1,1,0
270130230,1,1,1,1,1,0
271090005,1,1,1,1,1,0
271090010,1,1,1,1,1,0
271090011,1,1,1,1,1,0
271090012,1,1,1,1,1,0
271090013,1,1,1,1,1,0
271090015,1,1,1,1,1,0
271090020,1,1,1,1,1,0
271090025,1,1,1,1,1,0
271090030,1,1,1,1,1,0
271090035,1,1,1,1,1,0
271090040,1,1,1,1,1,0
271090045,1,1,1,1,1,0
271090050,1,1,1,1,1,0
271090055,1,1,1,1,1,0
271090060,1,1,1,1,1,0
271090065,1,1,1,1,1,0
271090066,1,1,1,1,1,0
271090070,1,1,1,1,1,0
271090075,1,1,1,1,1,0
271090080,1,1,1,1,1,0
271090085,1,1,1,1,1,0
271090088,1,1,1,1,1,0
271090090,1,1,1,1,1,0
271090095,1,1,1,1,1,0
271090096,1,1,1,1,1,0
271090098,1,1,1,1,1,0
271090100,1,1,1,1,1,0
271090102,1,1,1,1,1,0
271090104,1,1,1,1,1,0
271090106,1,1,1,1,1,0
271090108,1,1,1,1,1,0
271090110,1,1,1,1,1,0
271090112,1,1,1,1,1,0
271090114,1,1,1,1,1,0
271090116,1,1,1,1,1,0
271090118,1,1,1,1,1,0
271090122,1,1,1,1,1,0
271090124,1,1,1,1,1,0
271090126,1,1,1,1,1,0
271090128,1,1,1,1,1,0
271090130,1,1,1,1,1,0
271090132,1,1,1,1,1,0
271090134,1,1,1,1,1,0
271090136,1,1,1,1,1,0
271090140,1,1,1,1,1,0
271090142,1,1,1,1,1,0
271090144,1,1,1,1,1,0
271090146,1,1,1,1,1,0
271090148,1,1,1,1,1,0
271090150,1,1,1,1,1,0
271090152,1,1,1,1,1,0
271090154,1,1,1,1,1,0
271090156,1,1,1,1,1,0
271090158,1,1,1,1,1,0
271090160,1,1,1,1,1,0
271090162,1,1,1,1,1,0
271090164,1,1,1,1,1,0
271090166,1,1,1,1,1,0
271090168,1,1,1,1,1,0
271090170,1,1,1,1,1,0
271090172,1,1,1,1,1,0
271090174,1,1,1,1,1,0
271090176,1,1,1,1,1,0
271090178,1,1,1,1,1,0
271090180,1,1,1,1,1,0
271090182,1,1,1,1,1,0
271090184,1,1,1,1,1,0
271090186,1,1,1,1,1,0
271090194,1,1,1,1,1,0
271090196,1,1,1,1,1,0
271090198,1,1,1,1,1,0
271090200,1,1,1,1,1,0
271090202,1,1,1,1,1,0
271090204,1,1,1,1,1,0
271090206,1,1,1,1,1,0
271090208,1,1,1,1,1,0
271090210,1,1,1,1,1,0
271090211,1,1,1,1,1,0
271090212,1,1,1,1,1,0
271090213,1,1,1,1,1,0
271090215,1,1,1,1,1,0
271090220,1,1,1,1,1,0
271090225,1,1,1,1,1,0
271090230,1,1,1,1,1,0
270371020,2,2,2,2,2,6
270371070,2,2,2,2,2,6
270371090,2,2,2,2,2,6
270371150,2,2,2,2,2,6
270371310,2,2,2,2,2,6
270371320,2,2,2,2,2,6
270371360,2,2,2,2,2,6
270371410,2,2,2,2,2,6
270371510,2,2,2,2,2,6
270371610,2,2,2,2,2,6
270372010,2,2,2,2,2,6
270372110,2,2,2,2,2,6
270372210,2,2,2,2,2,6
270372220,2,2,2,2,2,6
270372230,2,2,2,2,2,6
270372240,2,2,2,2,2,6
270372250,2,2,2,2,2,6
270372260,2,2,2,2,2,6
270372310,2,1,2,2,2,6
270372410,2,2,2,2,2,6
270372510,2,2,2,2,2,6
270372910,2,2,2,2,2,6
270372920,2,2,2,2,2,6
270372930,2,2,2,2,2,6
270372940,2,2,2,2,2,6
270372950,2,2,2,2,2,6
270372960,2,2,2,2,2,6
270372970,2,2,2,2,2,6
270372980,2,2,2,2,2,6
270372990,2,2,2,2,2,6
270373000,2,2,2,2,2,6
270373010,2,2,2,2,2,6
270373020,2,2,2,2,2,6
270373030,2,2,2,2,2,6
270373040,2,2,2,2,2,6
270373050,2,2,2,2,2,6
270373060,2,2,2,2,2,6
270373070,2,2,2,2,2,6
270373510,2,2,2,2,2,6
270373610,2,2,2,2,2,6
270373810,2,2,2,2,1,6
270373910,2,2,2,2,2,6
270374010,2,2,2,2,2,6
270374220,2,2,2,2,2,6
270374230,2,2,2,2,2,6
270374240,2,2,2,2,2,6
270374250,2,2,2,2,2,6
270374260,2,2,2,2,2,6
270374310,2,2,2,2,1,6
270374610,2,2,2,2,2,6
270374710,2,2,2,2,2,6
270374810,2,2,2,2,1,6
270390005,1,1,1,1,1,0
270390007,1,1,1,1,1,0
270390010,1,1,1,1,1,0
270390015,1,1,1,1,1,0
270390020,1,1,1,1,1,0
270390025,1,1,1,1,1,0
270390030,1,1,1,1,1,0
270390032,1,1,1,1,1,0
270390035,1,1,1,1,1,0
270390040,1,1,1,1,1,0
270390045,1,1,1,1,1,0
270390050,1,1,1,1,1,0
270390051,1,1,1,1,1,0
270390052,1,1,1,1,1,0
270390055,1,1,1,1,1,0
270390060,1,1,1,1,1,0
270390065,1,1,1,1,1,0
270390070,1,1,1,1,1,0
270390075,1,1,1,1,1,0
270390080,1,1,1,1,1,0
270390085,1,1,1,1,1,0
270390090,1,1,1,1,1,0
270430040,1,1,1,1,1,0
270430055,1,1,1,1,1,0
270430080,1,1,1,1,1,0
270430095,1,1,1,1,1,0
270430100,1,1,1,1,1,0
270430150,1,1,1,1,1,0
270430155,1,1,1,1,1,0
270450005,1,1,1,1,1,0
270450010,1,1,1,1,1,0
270450015,1,1,1,1,1,0
270450020,1,1,1,1,1,0
270450025,1,1,1,1,1,0
270450030,1,1,1,1,1,0
270450035,1,1,1,1,1,0
270450040,1,1,1,1,1,0
270450045,1,1,1,1,1,0
270450050,1,1,1,1,1,0
270450055,1,1,1,1,1,0
270450060,1,1,1,1,1,0
270450065,1,1,1,1,1,0
270450070,1,1,1,1,1,0
270450075,1,1,1,1,1,0
270450080,1,1,1,1,1,0
270450085,1,1,1,1,1,0
270450090,1,1,1,1,1,0
270450095,1,1,1,1,1,0
270450100,1,1,1,1,1,0
270450105,1,1,1,1,1,0
270450110,1,1,1,1,1,0
270450115,1,1,1,1,1,0
270450120,1,1,1,1,1,0
270450125,1,1,1,1,1,0
270450130,1,1,1,1,1,0
270450135,1,1,1,1,1,0
270450140,1,1,1,1,1,0
270450150,1,1,1,1,1,0
270450155,1,1,1,1,1,0
270450160,1,1,1,1,1,0
270450165,1,1,1,1,1,0
270450175,1,1,1,1,1,0
270450180,1,1,1,1,1,0
270450185,1,1,1,1,1,0
270450190,1,1,1,1,1,0
270450195,1,1,1,1,1,0
270470005,1,1,1,1,1,0
270470010,1,1,1,1,1,0
270470015,1,1,1,1,1,0
270470025,1,1,1,1,1,0
270470035,1,1,1,1,1,0
270470045,1,1,1,1,1,0
270470050,1,1,1,1,1,0
270470060,1,1,1,1,1,0
270470061,1,1,1,1,1,0
270470065,1,1,1,1,1,0
270470070,1,1,1,1,1,0
270470075,1,1,1,1,1,0
270470080,1,1,1,1,1,0
270470085,1,1,1,1,1,0
270470090,1,1,1,1,1,0
270470095,1,1,1,1,1,0
270470100,1,1,1,1,1,0
270470105,1,1,1,1,1,0
270470110,1,1,1,1,1,0
270470115,1,1,1,1,1,0
271310005,2,2,2,1,1,6
271310010,1,1,1,1,1,6
271310012,2,2,1,2,1,6
271310015,2,2,2,1,2,6
271310020,1,1,1,1,1,0
271310025,1,1,1,1,1,6
270470125,1,1,1,1,1,0
270470120,1,1,1,1,1,0
270470160,1,1,1,1,1,0
271310055,1,1,1,1,1,6
271310060,1,1,1,1,1,3
271310065,1,1,1,1,1,0
271310070,1,1,1,1,1,0
271310075,2,2,1,2,2,6
270470190,1,1,1,1,1,0
271310085,2,2,2,1,2,6
270470200,1,1,1,1,1,0
271310090,2,2,2,1,2,6
271310095,2,2,2,1,2,6
271310105,2,2,2,1,2,6
271310113,2,2,2,1,2,6
270490005,2,1,2,2,1,6
271310120,2,1,1,2,1,0
270490015,2,1,2,2,2,6
270490020,2,2,2,2,2,6
271310114,2,2,2,1,2,6
271310115,2,2,2,2,1,6
270490010,2,2,2,2,2,6
271310125,1,1,1,1,1,0
271310130,1,1,1,1,1,0
270490045,2,2,2,2,2,6
270490050,2,2,2,2,2,6
271310135,1,1,1,1,1,0
271310140,1,1,1,1,1,6
270490035,2,1,1,2,2,0
271310150,1,1,1,1,1,3
270490055,2,2,2,2,2,6
270490060,2,2,2,2,2,6
271310155,2,2,1,2,2,6
270490070,2,2,1,2,2,0
270490075,2,2,1,2,2,0
270490080,2,1,1,2,2,0
270490090,2,2,2,2,2,0
270490095,2,2,1,2,2,6
270490100,2,2,1,2,2,0
270490105,2,2,1,2,2,0
270490110,2,2,2,2,2,6
270490125,2,2,2,2,2,6
270490130,2,2,2,2,2,6
270490140,2,2,2,2,2,6
270490145,2,2,2,2,2,6
270490155,2,2,2,2,2,6
270490180,2,2,2,2,2,6
270490160,2,2,2,2,2,6
270490170,2,2,1,2,2,0
270490185,2,2,2,2,2,6
270490190,2,2,1,2,2,6
270490195,2,1,1,2,2,0
270490200,2,2,1,2,1,0
270490210,2,2,2,2,2,6
270490215,2,2,2,2,2,6
270490220,2,2,2,2,2,0
270490205,2,2,2,2,2,6
271390020,1,2,2,2,2,3
271390025,2,2,2,2,2,6
271390037,2,2,2,2,2,6
271390070,2,2,2,2,2,6
270470130,1,1,1,1,1,0
270470135,1,1,1,1,1,0
270470140,1,1,1,1,1,0
270470145,1,1,1,1,1,0
270470150,1,1,1,1,1,0
270470155,1,1,1,1,1,0
270470165,1,1,1,1,1,0
270470170,1,1,1,1,1,0
270470175,1,1,1,1,1,0
270470180,1,1,1,1,1,0
270470185,1,1,1,1,1,0
270470195,1,1,1,1,1,0
270470205,1,1,1,1,1,0
270470210,1,1,1,1,1,0
271310030,1,1,1,1,1,6
270470215,1,1,1,1,1,0
271310035,1,1,1,1,1,0
270470220,1,1,1,1,1,0
271310040,1,1,1,1,1,0
271470005,1,1,1,1,1,0
271470010,1,1,1,1,1,0
271470015,1,1,1,1,1,0
271470020,1,1,1,1,1,0
271470025,1,1,1,1,1,0
271470030,1,1,1,1,1,0
271470035,1,1,1,1,1,0
271470040,1,1,1,1,1,0
271470045,1,1,1,1,1,0
271470050,1,1,1,1,1,0
271470055,1,1,1,1,1,0
271470060,1,1,1,1,1,0
271470065,1,1,1,1,1,0
271470070,1,1,1,1,1,0
271470075,1,1,1,1,1,0
271470085,1,1,1,1,1,0
271470090,1,1,1,1,1,0
271470100,1,1,1,1,1,0
271470105,1,1,1,1,1,0
271470115,1,1,1,1,1,0
271470120,1,1,1,1,1,0
271470130,1,1,1,1,1,0
271470135,1,1,1,1,1,0
271470145,1,1,1,1,1,0
270490040,2,2,1,2,1,0
271470150,1,1,1,1,1,0
271470155,1,1,1,1,1,0
270550005,1,1,1,1,1,0
270550010,1,1,1,1,1,0
270550015,1,1,1,1,1,0
270550020,1,1,1,1,1,0
270550025,1,1,1,1,1,0
270550030,1,1,1,1,1,0
270550035,1,1,1,1,1,0
270550040,1,1,1,1,1,0
270550045,1,1,1,1,1,0
270550050,1,1,1,1,1,0
270550055,1,1,1,1,1,0
270550060,1,1,1,1,1,0
270550065,1,1,1,1,1,0
270550070,1,1,1,1,1,0
270550075,1,1,1,1,1,0
270550076,1,1,1,1,1,0
270550080,1,1,1,1,1,0
270550085,1,1,1,1,1,0
270550090,1,1,1,1,1,0
270550095,1,1,1,1,1,0
270550100,1,1,1,1,1,0
270490065,2,2,2,2,2,6
270550110,1,1,1,1,1,0
270550115,1,1,1,1,1,0
270550120,1,1,1,1,1,0
270550125,1,1,1,1,1,0
270550105,1,1,1,1,1,0
270550130,1,1,1,1,1,0
270490085,2,2,2,2,2,6
271310142,2,1,2,2,2,6
271310145,1,1,1,1,1,0
270490115,2,2,2,2,2,6
270490175,2,2,2,2,2,0
271570005,2,1,2,2,1,0
271570010,2,1,2,2,1,0
271570015,2,2,2,2,2,0
271570020,2,2,2,2,2,0
271570025,2,1,2,2,2,0
271570030,2,2,2,2,2,0
271570035,2,2,2,2,2,6
271570040,2,1,2,2,2,0
271570045,2,1,2,2,2,0
271570050,2,1,2,2,2,0
271570055,2,2,2,2,2,6
271570060,2,2,2,2,2,6
271570065,2,2,2,2,2,6
271570070,2,2,2,2,2,6
271570075,2,2,2,2,2,6
271570080,2,1,2,2,1,0
271570085,2,1,2,2,1,0
271570090,2,2,2,2,2,0
271570095,2,1,2,2,1,0
271570100,2,1,2,2,1,0
271570105,2,1,2,2,2,0
271570110,2,2,2,2,2,0
271570115,2,2,2,2,2,6
271570120,2,2,2,2,2,0
271570125,2,2,2,2,2,0
271570130,2,2,2,2,2,0
271570140,2,2,2,2,2,6
271570145,2,2,2,2,2,6
271570150,2,2,2,2,2,0
271570155,2,1,2,2,1,6
271570160,2,2,2,2,2,0
271570165,2,2,2,2,1,0
271570170,2,1,2,2,1,0
271610005,1,1,1,1,1,0
271610010,1,1,1,1,1,0
271610015,1,1,1,1,1,0
271610020,1,1,1,1,1,0
271610025,1,1,1,1,1,0
271610030,1,1,1,1,1,0
271610035,1,1,1,1,1,0
271610045,1,1,1,1,1,0
271610050,1,1,1,1,1,0
271610055,1,1,1,1,1,0
271610060,1,1,1,1,1,0
271610065,1,1,1,1,1,0
271610070,1,1,1,1,1,0
271610075,1,1,1,1,1,0
271610080,1,1,1,1,1,0
271610085,1,1,1,1,1,0
271610090,1,1,1,1,1,0
271610095,1,1,1,1,1,0
271610100,1,1,1,1,1,0
271610105,1,1,1,1,1,0
271610110,1,1,1,1,1,0
271610115,1,1,1,1,1,0
270490025,2,2,2,2,2,6
270490030,2,2,2,2,2,6
271310080,2,2,2,1,2,6
271690005,1,1,1,1,1,0
271690010,1,1,1,1,1,0
271690015,1,1,1,1,1,0
271690020,1,1,1,1,1,0
271690025,1,1,1,1,1,0
271690030,1,1,1,1,1,0
271690035,1,1,1,1,1,0
271690040,1,1,1,1,1,0
271690042,1,1,1,1,1,0
271690045,1,1,1,1,1,0
271690050,1,1,1,1,1,0
271690055,1,1,1,1,1,0
271690058,1,1,1,1,1,0
271690060,1,1,1,1,1,0
271690065,1,1,1,2,1,0
271690070,1,1,1,1,1,0
271690075,1,1,1,1,1,0
271690080,1,1,1,1,1,0
271690085,1,1,1,1,1,0
271690090,1,1,1,1,1,0
271690095,1,1,1,1,1,0
271690100,1,1,1,1,1,0
271690105,1,1,1,1,1,0
271690110,1,1,1,1,1,0
271690115,1,1,1,1,1,0
271690120,1,1,1,1,1,0
271690125,1,1,1,1,1,0
271690130,1,1,1,1,1,0
271690135,1,1,1,1,1,0
271690140,1,1,1,1,1,0
271690145,1,1,1,1,1,0
271690150,1,1,1,1,1,0
271690155,1,1,1,1,1,0
271690160,1,1,1,1,1,0
271690165,1,1,1,1,1,0
271690170,1,1,1,1,1,0
271690175,1,1,1,1,1,0
271690180,1,1,1,1,1,0
271690185,1,1,1,1,1,0
271690190,1,1,1,1,1,0
271690195,1,1,1,1,1,0
271690200,1,1,1,1,1,0
271690205,1,1,1,1,1,0
271690210,1,1,1,1,1,0
271690215,1,1,1,1,1,0
271690220,1,1,1,1,1,0
271690225,1,1,1,1,1,0
271690230,1,1,1,1,1,0
271690240,1,1,1,1,1,0
270790130,1,1,1,1,1,0
270790140,1,1,1,1,1,0
271630405,4,4,4,4,4,7
270531450,5,5,5,5,5,7
270531957,5,5,5,4,2,7
271630410,4,4,4,4,4,7
270532610,5,5,5,2,5,6
270532615,5,5,5,2,5,6
270371080,2,2,2,2,2,6
270531456,5,5,5,5,5,7
271630420,2,4,4,4,4,7
270371140,2,2,2,2,2,6
271630425,4,4,4,4,4,7
271230230,4,4,4,4,4,7
271630430,4,4,4,4,4,7
270371840,2,2,2,2,2,6
271630435,4,4,4,4,4,7
271630440,2,4,4,4,4,6
270530110,3,3,3,2,3,6
270530115,3,3,3,3,3,6
270531930,5,5,5,2,2,7
271630445,4,4,4,4,4,6
270371770,2,2,2,2,2,6
271630320,4,4,4,4,4,5
271630450,4,4,4,4,4,6
270371780,2,2,2,2,2,6
271230170,4,4,4,4,4,5
271630340,4,4,4,4,4,5
271630345,4,4,4,4,4,5
271630350,4,4,4,4,4,5
271230210,4,4,4,4,4,5
270531920,5,5,5,4,5,7
271230220,4,4,4,4,4,7
271630035,4,4,4,4,8,5
271630005,4,4,4,4,4,6
271630365,4,4,4,4,8,5
271630015,4,4,4,4,4,6
271630020,4,4,4,4,4,7
271630025,4,4,4,4,4,5
271630030,4,4,4,4,4,5
271630370,4,4,4,4,4,5
271630040,2,2,2,2,2,6
271630045,2,2,2,2,2,6
271630050,2,2,2,2,2,6
271630055,2,2,2,2,2,6
271630060,2,2,2,2,2,6
271630065,2,2,2,2,2,6
271630070,2,2,2,2,2,6
271630075,2,2,2,2,2,6
271630080,2,2,2,2,2,6
271630085,2,2,2,2,2,6
271630090,2,2,2,2,2,6
271630095,4,4,4,4,8,5
271630100,2,2,2,2,2,6
271630380,4,4,4,4,4,7
271630385,4,4,4,4,4,7
271230250,4,4,4,4,4,7
270371860,2,2,2,2,2,6
271630130,4,6,4,4,8,5
271630135,2,2,2,2,2,6
271630140,2,2,2,2,2,6
270530975,5,5,5,2,2,7
270531435,5,4,5,5,5,7
271630395,4,4,4,4,4,7
271630170,4,4,4,4,4,7
271630175,4,4,4,4,4,5
271630180,4,4,4,4,4,7
271630185,4,4,4,4,4,7
271630190,4,4,4,4,4,7
271630195,4,4,4,4,4,7
271630200,4,4,4,4,4,5
271630205,4,4,4,4,8,5
270371050,2,2,2,2,2,6
270371040,2,2,2,2,2,6
270371060,2,2,2,2,2,6
270371055,2,2,2,2,2,6
271630220,4,2,4,4,4,6
271630225,4,4,4,4,4,7
270371100,2,2,2,2,2,6
270371110,2,2,2,2,2,6
270371120,2,2,2,2,2,6
270371130,2,2,2,2,2,6
271630260,4,4,4,4,4,7
271630230,4,4,4,4,4,7
271630235,4,4,4,4,4,7
271630240,4,4,4,4,4,5
271630245,4,4,4,4,4,5
271630250,4,4,4,4,4,5
271630255,4,4,4,4,4,7
271630270,4,4,4,4,4,5
271630275,4,4,4,4,8,5
271630280,4,4,4,4,4,7
271630285,2,2,2,2,2,6
271630290,4,2,4,2,2,6
271630295,2,2,2,2,2,6
271630300,2,2,2,2,2,6
271630310,4,4,4,4,4,5
271230080,4,4,4,4,4,5
271630315,4,4,4,4,4,5
271230150,4,4,4,4,4,5
271230160,4,4,4,4,4,5
271630360,4,4,4,4,4,7
271630325,4,4,4,4,4,5
271630330,4,4,4,4,4,5
270371710,2,2,2,2,2,6
270371720,2,2,2,2,2,6
270371730,2,2,2,2,2,6
271630400,4,4,4,4,4,7
270371740,2,2,2,2,3,6
270371750,2,2,2,2,3,6
270371755,2,2,2,2,2,6
271630415,4,4,4,4,4,7
270371760,2,2,2,2,2,6
270371765,2,2,2,2,2,6
271630390,4,4,4,4,4,7
270371790,2,2,2,2,2,6
270371795,2,2,2,2,2,6
270531410,5,5,5,5,5,7
270371800,2,2,2,2,2,6
270371810,2,2,2,2,2,6
270371820,2,2,2,2,2,6
270371830,2,2,2,2,2,6
270531415,5,5,5,4,5,7
270531425,5,5,5,5,5,7
270531440,5,5,5,5,5,7
270531445,5,5,5,4,5,7
271230400,4,4,4,4,4,5
271230240,4,4,4,4,4,7
270371870,2,2,2,2,2,6
271630375,4,4,4,4,4,7
271230390,4,4,4,4,4,5
270371850,2,2,2,2,2,6
271230410,4,4,4,4,4,5
271230420,4,4,4,4,4,5
270531455,5,5,5,5,5,7
270531460,5,5,5,5,5,5
270372610,2,2,2,2,2,6
270372620,2,2,2,2,2,6
270372630,2,2,2,2,2,6
270372635,2,2,2,2,2,6
270372640,2,2,2,2,2,6
270372645,2,2,2,2,2,6
270372650,2,2,2,2,2,6
270372660,2,2,2,2,2,6
270372710,2,2,2,2,2,6
270372720,2,2,2,2,2,6
270372730,2,2,2,2,2,6
270372740,2,2,2,2,2,6
270372750,2,2,2,2,2,6
270372760,2,2,2,2,2,6
270372770,2,2,2,2,2,6
270372780,2,2,2,2,2,6
270372790,2,2,2,2,2,6
270372800,2,2,2,2,2,6
270531605,5,5,5,4,5,7
270531610,5,5,5,4,5,7
270531625,5,5,5,4,5,7
270373110,2,2,2,2,2,7
270373210,2,2,2,2,2,6
270373310,2,2,2,4,2,6
271230840,4,4,4,4,4,7
270373420,2,2,2,2,2,6
270373430,2,2,2,2,2,6
270373440,2,2,2,2,2,6
271230880,4,4,4,2,4,7
270531710,5,5,5,5,5,7
271230860,4,4,4,2,4,7
270373710,2,2,2,2,2,6
270373450,2,2,2,2,2,6
270531735,5,5,5,5,5,7
270374110,2,2,2,2,2,6
270374210,2,2,2,2,2,6
270531755,5,5,5,5,5,7
270531765,5,5,5,5,5,7
270531770,5,5,5,5,5,7
270531780,5,5,5,5,5,7
270531775,5,5,5,5,5,7
270374270,2,2,2,2,2,6
270531790,5,5,5,5,5,7
271231050,4,4,4,4,4,7
271231030,4,4,4,5,4,7
271231020,4,4,4,5,5,7
271231080,4,4,4,5,4,7
271231070,4,4,4,5,4,7
271231090,4,4,4,5,4,7
270531785,5,5,5,5,5,7
271231120,4,4,4,4,4,7
270374450,2,2,2,2,2,6
270374510,2,2,2,2,2,6
271231140,4,4,4,4,4,7
271230550,4,4,4,4,4,7
271231130,4,4,4,4,4,7
271630010,4,4,4,4,4,6
271230560,4,4,4,4,4,7
271231290,4,4,4,4,4,7
271231300,4,4,4,4,4,7
271231310,4,4,4,4,4,5
271231320,4,4,4,4,4,7
271231330,4,4,4,4,4,7
270531905,5,5,5,5,5,7
270531910,5,5,5,4,5,7
270531915,5,5,5,4,5,7
271231340,4,4,4,4,4,7
270531925,5,5,5,4,5,7
270531900,5,5,5,4,5,7
271231360,4,4,4,4,4,7
270531940,5,5,5,5,5,7
270531945,5,5,5,4,5,7
271231370,4,4,4,4,4,7
271231380,4,4,4,4,4,7
271231390,4,4,4,4,4,5
271231400,4,4,4,4,4,7
270531935,5,5,5,2,2,7
271231440,4,4,4,4,4,7
271231450,4,4,4,4,4,7
271231480,4,4,4,4,4,7
270531955,5,5,5,2,2,7
270531950,5,5,5,2,2,7
271231510,4,4,4,4,4,7
271231520,4,4,4,4,4,7
271231530,4,4,4,4,4,7
271231540,4,4,4,4,4,7
271231550,4,4,4,4,4,7
271231710,4,4,4,4,4,5
271231720,4,4,4,4,4,5
271231740,4,4,4,4,4,5
271231750,4,4,4,4,4,5
271231760,4,4,4,4,4,5
271231770,4,4,4,4,4,5
270531956,5,5,5,5,5,7
270030005,6,6,6,6,6,2
270030010,6,6,6,6,6,2
270030015,6,6,6,6,6,2
270030020,6,6,6,6,6,2
270030025,6,6,6,6,6,2
270030030,6,6,6,6,6,2
270532770,5,5,5,5,5,5
270030040,6,6,6,6,6,2
270030050,6,6,6,6,6,2
270030105,6,6,6,3,6,2
270030120,6,6,6,3,6,2
270030125,6,6,6,6,6,2
270030130,6,6,6,6,6,2
270030135,6,6,6,3,6,2
270030140,6,6,6,6,6,2
270030305,6,6,6,6,6,5
270030310,6,6,6,6,6,5
270030315,6,6,6,6,6,5
270030320,6,6,6,6,6,5
270030325,6,6,6,6,6,2
270030330,6,6,6,6,6,2
270030335,6,6,6,6,6,2
270030340,6,6,6,6,6,2
270030405,6,6,6,6,6,2
270030410,6,6,6,6,6,5
270030415,6,6,6,6,6,2
270030420,6,6,6,6,6,2
270030425,6,6,6,6,6,2
270030430,6,6,6,6,6,2
270030505,6,6,6,6,6,2
270030605,6,6,6,6,6,2
270030705,6,6,6,6,6,2
270030710,6,6,6,6,6,5
270030805,5,5,5,5,5,5
270030810,5,5,5,5,5,5
270030815,5,5,5,5,5,5
270030820,5,5,5,5,5,5
270030825,5,5,5,4,5,5
270030830,5,5,5,4,5,5
270030835,5,5,5,4,5,5
270030840,5,5,5,4,5,5
270031005,3,6,3,3,3,2
270031010,3,3,3,3,3,2
270031015,3,3,3,3,3,2
270031020,3,3,3,3,3,2
270031105,3,3,3,3,3,2
270031110,3,3,3,3,3,2
270031115,3,3,3,3,3,2
270031120,3,3,3,3,3,2
270031125,3,3,3,3,3,2
270031205,3,3,3,3,3,2
270031210,3,3,3,6,3,2
270031215,3,3,3,3,3,2
270031220,3,3,3,3,3,2
270031305,3,6,3,6,3,2
270031310,3,3,3,6,3,2
270031315,3,3,3,3,3,2
270031320,3,3,3,3,3,2
270031405,3,3,3,6,3,2
270031410,3,3,3,6,3,2
270031415,3,3,3,6,3,2
270031420,3,3,3,3,3,5
270031425,3,3,3,3,3,5
270031605,5,6,6,5,5,5
270031610,5,5,6,5,5,5
270031615,5,5,5,5,5,5
270031620,5,5,5,4,5,5
270031705,5,5,6,5,5,5
270031710,5,5,6,5,5,5
270031715,5,5,6,5,4,5
270031720,5,5,5,4,5,5
270031805,5,5,6,5,6,5
270031810,5,5,6,5,5,5
270031820,5,5,5,5,5,5
270032005,5,5,5,5,5,5
270032105,6,6,6,6,6,5
270032205,6,6,6,6,6,2
270032210,6,6,6,6,6,2
270032215,6,6,6,6,6,2
270032220,6,6,6,6,6,2
270032225,6,6,6,6,6,5
270032230,6,6,6,6,6,5
270032235,6,6,6,6,6,5
270032605,6,6,6,6,6,2
270032910,6,6,6,6,6,2
270033105,5,6,6,6,6,5
270033110,5,6,6,5,5,5
270033115,5,6,6,6,5,5
270530335,3,3,3,3,3,5
270530350,3,3,3,5,3,5
270530360,3,3,3,5,3,5
270530362,3,3,3,5,3,5
270530365,3,3,3,3,3,5
270530370,3,3,3,5,3,5
270530450,3,3,3,3,3,2
270530465,3,3,3,3,3,2
271630120,6,6,8,6,6,2
271630145,6,6,6,6,6,5
271630150,6,6,6,6,6,2
271630155,6,6,6,6,6,2
271630160,6,6,6,6,6,2
271630165,6,6,6,6,6,5
271230010,4,4,4,4,4,5
271230020,4,4,4,4,4,5
271230030,4,4,4,4,4,5
271230050,4,6,4,6,6,2
271230060,4,4,4,4,4,5
271230070,4,4,4,4,4,5
271230090,4,4,4,4,4,5
271230100,4,4,4,4,4,5
271230110,4,4,4,4,4,5
271230120,4,4,4,4,4,5
271230130,4,4,4,4,4,5
271230140,4,4,4,4,4,5
271230180,4,4,4,4,4,5
271230190,4,4,4,4,4,5
271230200,4,4,4,4,4,5
270531365,5,5,5,5,5,5
270531370,5,5,5,5,5,5
271230290,4,6,4,4,4,5
271230300,4,4,4,4,4,2
271230310,4,4,4,4,4,5
271230320,4,4,4,4,4,2
271230330,4,4,4,5,4,5
271230335,4,4,4,5,4,5
271230340,4,4,4,5,4,5
271230345,4,4,4,4,4,5
271230350,4,4,4,4,4,5
271230355,4,4,4,5,4,5
271230360,4,4,4,5,4,5
271230365,4,4,4,5,4,5
271230370,4,4,4,4,4,5
271230380,4,4,4,4,4,5
271230440,4,4,4,4,4,5
271230450,4,4,4,4,4,5
271230460,4,4,4,4,4,5
271230480,4,4,4,4,4,5
271230490,4,4,4,4,4,5
271230500,4,4,4,4,4,5
271230510,4,4,4,4,4,5
271230520,4,4,4,4,4,5
271230530,5,5,5,5,5,5
271230540,4,4,4,4,4,7
271230570,4,4,4,5,4,7
271230580,4,4,4,4,4,7
271230590,4,4,4,4,4,7
271230600,4,4,4,4,4,7
271230610,4,4,4,4,4,7
271230620,4,4,4,5,4,7
271230630,4,4,4,5,4,7
271230640,4,4,4,5,4,7
271230650,4,4,4,4,4,7
271230660,4,4,4,4,4,7
271230670,4,4,4,5,4,7
271230675,4,4,4,4,4,7
271230678,4,4,4,4,4,7
271230680,4,4,4,4,4,7
271230690,4,4,4,4,4,7
271230700,4,4,2,4,4,7
271230710,4,4,4,4,4,7
271230720,4,4,4,4,4,7
271230730,4,4,2,4,4,7
271230740,4,4,4,4,4,7
271230750,4,4,4,4,4,7
271230760,4,4,4,4,4,7
271230770,4,4,4,4,4,7
271230780,4,4,4,4,4,7
271230790,4,4,4,4,4,7
271230800,4,4,4,4,4,7
271230810,4,4,4,4,4,7
271230820,4,4,4,4,4,7
271230850,4,4,4,4,4,7
270373410,2,2,2,2,2,6
271230870,4,4,4,4,4,7
271230890,4,4,4,4,4,7
271230900,4,4,4,5,4,7
271230910,4,4,4,4,4,7
271230920,4,4,4,4,4,7
271230930,4,4,4,4,4,7
271230940,4,4,2,4,4,7
271230950,4,4,4,4,4,7
271230960,4,4,4,5,4,7
271230970,4,4,4,4,4,7
271231000,4,4,4,5,4,7
271231010,4,4,4,5,4,5
271231040,4,4,4,4,4,7
271231060,4,4,4,4,4,7
270374410,2,2,2,2,2,6
271231100,4,4,4,4,4,5
271231110,4,4,4,5,4,7
270374430,2,2,2,2,2,6
270374420,2,2,2,2,2,6
270374440,2,2,2,2,2,6
271231160,4,4,4,4,4,5
271231170,4,4,4,4,4,7
271231180,4,4,4,5,4,7
271231190,4,4,4,4,4,7
271231200,4,4,4,4,4,7
270374920,2,2,2,2,2,6
271231210,4,4,4,5,4,7
271231220,4,4,4,4,4,7
270374910,2,2,2,2,2,7
270374940,2,2,2,4,2,7
271231250,4,4,4,4,4,7
270374970,2,2,2,2,2,7
270374950,2,2,2,2,2,6
270374980,2,2,2,2,2,6
271231240,4,4,4,4,4,7
271231230,4,4,4,4,4,7
271231350,4,4,4,4,4,7
271231430,4,4,4,4,4,7
271231460,4,4,4,4,4,7
271231470,4,4,4,4,4,7
271231490,4,4,4,4,4,7
271231500,4,4,4,4,4,7
271231580,4,4,4,4,4,5
271231600,4,4,4,4,4,5
271231610,4,4,4,4,4,5
271231620,4,4,4,4,4,5
271231630,4,4,4,6,4,5
271231640,4,4,4,6,4,2
271231650,4,6,4,6,6,5
271231660,4,4,4,4,4,5
271231670,4,4,4,4,4,5
271231680,4,4,4,4,4,5
271231690,4,4,4,4,4,5
271231700,4,4,4,4,4,5
271231730,4,4,4,4,4,5
271231765,4,4,4,4,4,5
271231780,4,4,4,4,4,5
270010015,8,8,8,8,8,4
270010020,8,8,8,8,8,4
270010025,8,8,8,8,8,4
270010030,8,8,8,8,8,4
270010035,8,8,8,8,8,4
270010038,8,8,8,8,8,4
270010055,8,8,8,8,8,4
270010065,8,8,8,8,8,4
270010070,8,8,8,8,8,4
270010080,8,8,8,8,8,4
270010100,8,8,8,8,8,4
270010105,8,8,8,8,8,4
270010110,8,8,8,8,8,4
270010120,8,8,8,8,8,4
270010125,8,8,8,8,8,4
270010130,8,8,8,8,8,4
270010132,8,8,8,8,8,4
270010150,8,8,8,8,8,4
270010155,8,8,8,8,8,4
270010160,8,8,8,8,8,4
270010165,8,8,8,8,8,4
270010175,8,8,8,8,8,4
270010180,8,8,8,8,8,4
270010190,8,8,8,8,8,4
270010195,8,8,8,8,8,4
270010200,8,8,8,8,8,4
270010205,8,8,8,8,8,4
270010210,8,8,8,8,8,4
270010220,8,8,8,8,8,4
270010230,8,8,8,8,8,4
270010240,8,8,8,8,8,4
270010260,8,8,8,8,8,4
270010285,8,8,8,8,8,4
270010290,8,8,8,8,8,4
270050005,7,7,7,7,7,4
270050010,7,7,7,7,7,4
270050015,7,7,7,7,7,4
270050020,7,7,7,7,7,4
270050025,7,7,7,7,7,4
270050030,7,7,7,7,7,4
270050035,7,7,7,7,7,4
270050040,7,7,7,7,7,4
270050045,7,7,7,7,7,4
270050050,7,7,7,7,7,4
270050051,7,7,7,7,7,4
270050052,7,7,7,7,7,4
270050055,7,7,7,7,7,4
270050065,7,7,7,7,7,4
270050075,7,7,7,7,7,4
270050082,7,7,7,7,7,4
270050085,7,7,7,7,7,4
270050090,7,7,7,7,7,4
270050095,7,7,7,7,8,4
270050100,7,7,7,7,7,4
270050105,7,7,7,7,7,4
270050110,7,7,7,7,7,4
270050115,7,7,7,7,7,4
270050120,7,7,7,7,7,4
270050125,7,7,7,7,7,4
270050130,7,7,7,7,7,4
270050135,7,7,7,7,7,4
270050140,7,7,7,7,7,4
270050145,7,7,7,7,7,4
270050150,7,7,7,7,7,4
270050155,7,7,7,7,7,4
270050160,7,7,7,7,8,4
270050165,7,7,7,7,7,4
270050170,7,7,7,7,7,4
270050175,7,7,7,7,7,4
270050180,7,7,7,7,7,4
270050185,7,8,7,7,8,4
270050190,7,7,7,7,7,4
270050195,7,7,7,7,7,4
270050200,7,7,7,7,7,4
270050205,7,7,7,7,7,4
270050210,7,7,7,7,7,4
270050215,7,7,7,7,7,4
270050220,7,7,7,7,8,4
270050225,7,7,7,7,7,4
270050230,7,7,7,7,7,4
270050235,7,7,7,7,7,4
270050240,7,7,7,7,7,4
270070005,7,7,7,7,7,4
270070010,7,7,7,7,8,4
270070015,8,7,7,7,7,4
270070020,8,7,7,7,7,4
270070025,8,7,7,7,7,4
270070030,8,7,7,7,7,4
270070032,8,8,8,7,8,4
270070035,8,7,7,7,7,4
270070040,8,7,7,8,7,4
270070045,7,7,7,7,7,4
270070050,8,8,8,8,8,4
270070055,8,8,8,8,8,4
270070060,7,7,7,7,7,4
270070065,8,8,8,8,8,4
270070070,8,8,8,8,8,4
270070075,7,7,7,7,7,4
270070080,8,8,8,8,8,4
270070085,8,8,8,8,8,4
270070090,8,7,7,7,7,4
270070095,8,8,8,8,8,4
270070100,7,8,7,7,7,4
270070105,8,8,8,8,8,4
270070110,8,8,8,8,8,4
270070115,7,7,7,7,7,4
270070120,7,7,7,7,7,4
270070125,7,7,7,7,7,4
270070130,7,7,7,7,7,4
270070135,8,8,8,8,8,4
270070140,7,7,7,7,7,4
270070145,7,7,7,7,7,4
270070150,7,7,7,7,7,4
270070155,7,8,7,7,8,4
270070160,8,8,8,8,8,4
270070165,8,7,8,8,8,4
270070170,8,8,8,8,8,4
270070172,7,7,7,7,7,4
270070175,8,8,8,8,8,4
270070180,7,7,7,7,7,4
270070185,8,8,8,8,8,4
270070190,8,8,8,8,8,4
270070195,7,7,7,7,7,4
270070200,7,7,7,7,7,4
270070202,7,7,7,7,7,4
270070205,7,7,7,7,7,4
270070210,8,8,8,8,8,4
270070215,7,7,7,7,7,4
270070220,7,7,7,7,7,4
270070225,7,8,7,7,8,4
270070230,7,7,7,7,7,4
270070235,8,8,8,8,8,4
270070240,8,8,8,8,8,4
270070245,8,8,8,8,8,4
270070250,8,8,8,8,8,4
270070255,8,8,8,8,8,4
270070260,8,8,8,8,8,4
270070265,8,8,8,8,8,4
270070270,8,8,8,8,8,4
270070275,7,8,7,7,8,4
270070280,7,7,7,7,8,4
270070285,8,8,8,8,8,4
270070290,7,7,7,7,7,4
270070295,7,7,7,7,7,4
270070300,7,7,7,7,7,4
270170005,8,8,8,8,8,4
270170010,8,8,8,8,8,4
270170015,8,8,8,8,8,4
270170020,8,8,8,8,8,4
270170025,8,8,8,8,8,4
270170030,8,8,8,8,8,4
270170035,8,8,8,8,8,4
270170040,8,8,8,8,8,4
270170045,8,8,8,8,8,4
270170050,8,8,8,8,8,4
270170055,8,8,8,8,8,4
270170060,8,8,8,8,8,4
270170065,8,8,8,8,8,4
270170068,8,8,8,8,8,4
270170070,8,8,8,8,8,4
270170075,8,8,8,8,8,4
270170080,8,8,8,8,8,4
270170085,8,8,8,8,8,4
270170090,8,8,8,8,8,4
270170095,8,8,8,8,8,4
270170100,8,8,8,8,8,4
270170105,8,8,8,8,8,4
270170110,8,8,8,8,8,4
270170115,8,8,8,8,8,4
270170118,8,8,8,8,8,4
270170120,8,8,8,8,8,4
270170125,8,8,8,8,8,4
270170130,8,8,8,8,8,4
270170135,8,8,8,8,8,4
270170140,8,8,8,8,8,4
270170145,8,8,8,8,8,4
270170150,8,8,8,8,8,4
270170155,8,8,8,8,8,4
270170165,8,8,8,8,8,4
270170170,8,8,8,8,8,4
270170175,8,8,8,8,8,4
270170180,8,8,8,8,8,4
270170185,8,8,8,8,8,4
270210005,8,8,8,8,8,4
270210010,8,8,8,8,8,4
270210015,8,8,8,8,8,4
270210025,8,8,8,8,8,4
270210030,8,8,8,8,8,4
270210035,8,8,8,8,8,4
270210040,8,8,8,8,8,4
270210045,8,8,8,8,8,4
270210050,8,8,8,8,8,4
270210055,8,8,8,8,8,4
270210060,8,8,8,8,8,4
270210065,8,8,8,8,8,4
270210070,8,8,8,8,7,1
270210075,8,8,8,8,8,4
270210080,8,8,8,8,8,4
270210085,8,8,8,8,8,4
270210090,8,8,8,8,8,4
270210105,8,8,8,8,8,4
270210110,8,8,8,8,8,4
270210115,8,8,8,8,8,4
270210118,8,8,8,8,8,4
270210120,8,8,8,8,8,4
270210125,8,8,8,8,8,1
270210130,8,8,8,8,8,4
270210135,8,8,8,8,8,4
270210140,8,8,8,8,8,4
270210145,8,8,8,8,8,4
270210150,8,8,8,8,8,4
270210155,8,8,8,8,8,4
270210160,8,8,8,8,8,4
270210165,8,8,8,8,8,4
270210170,8,8,8,8,8,4
270210180,8,8,8,8,8,4
270210185,8,8,8,8,8,4
270210188,8,8,8,8,8,4
270210190,8,8,8,8,8,4
270210200,8,8,8,8,8,4
270210205,8,8,8,8,8,4
270210210,8,8,8,8,8,4
270210215,8,8,8,8,8,4
270210220,8,8,8,8,8,4
270210225,8,8,8,8,8,4
270210230,8,8,8,8,8,4
270210235,8,8,8,8,8,4
270210237,8,8,8,8,8,4
270210240,8,8,8,8,8,4
270210245,8,8,8,8,8,4
270210247,8,8,8,8,8,4
270210250,8,8,8,8,8,4
270210252,8,8,8,8,8,4
270210255,8,8,8,8,8,4
270210260,8,8,8,8,8,4
270210262,8,8,8,8,8,4
270210270,8,8,8,8,8,4
270210275,8,8,8,8,8,4
270210280,8,8,8,8,8,4
270210285,8,8,8,8,8,4
270210290,8,8,8,8,8,4
270210295,8,8,8,8,8,4
270210300,8,8,8,8,8,4
270210305,8,8,8,8,8,4
270210310,8,8,8,8,8,4
270210312,8,8,8,8,8,4
270210315,8,8,8,8,8,4
270210317,8,8,8,8,8,4
270210320,8,8,8,8,8,4
270270005,7,7,7,7,7,4
270270010,7,7,7,7,7,4
270270015,7,7,7,7,7,4
270270020,7,7,7,7,7,4
270270025,7,7,7,7,7,1
270270030,7,7,7,7,7,4
270270035,7,7,7,7,7,4
270270040,7,7,7,7,7,4
270270045,7,7,7,7,7,4
270270050,7,7,7,7,7,4
270270055,7,7,7,7,7,4
270270060,7,7,7,7,7,4
270270065,7,7,7,7,7,4
270270070,7,7,7,7,7,4
270270075,7,7,7,7,7,4
270270080,7,7,7,7,7,4
270270085,7,7,7,7,7,4
270270090,7,7,7,7,7,4
270270095,7,7,7,7,7,4
270270100,7,7,7,7,7,4
270270105,7,7,7,7,7,4
270270110,7,7,7,7,7,4
270270115,7,7,7,7,7,4
270270120,7,7,7,7,7,4
270270125,7,7,7,7,7,4
270270130,7,7,7,7,7,4
270270135,7,7,7,7,7,4
270270140,7,7,7,7,7,4
270270145,7,7,7,7,7,4
270270150,7,7,7,7,7,4
270270155,7,7,7,7,7,4
270270157,7,7,7,7,7,4
270270160,7,7,7,7,7,4
270270165,7,7,7,7,7,4
270270170,7,7,7,7,7,4
270270175,7,7,7,7,7,4
270270180,7,7,7,7,7,4
270270185,7,7,7,7,7,4
270270190,7,7,7,7,7,4
270270195,7,7,7,7,7,4
270270200,7,7,7,7,7,4
270270205,7,7,7,7,7,4
270270210,7,7,7,7,7,4
270270212,7,7,7,7,7,4
270270214,7,7,7,7,7,4
270270215,7,7,7,7,7,4
270270217,7,7,7,7,7,4
270270220,7,7,7,7,7,4
270270225,7,7,7,7,7,4
270270230,7,7,7,7,7,4
270270235,7,7,7,7,7,4
270270240,7,7,7,7,7,4
270270245,7,7,7,7,7,4
270270250,7,7,7,7,7,4
270270255,7,7,7,7,7,4
270270260,7,7,7,7,7,4
270270265,7,7,7,7,7,4
270270270,7,7,7,7,7,4
270290005,7,7,7,7,7,4
270290010,7,7,7,7,8,4
270290015,7,7,7,7,7,4
270290020,7,7,7,7,7,4
270290025,7,7,7,7,7,4
270290030,7,7,7,7,7,4
270290035,7,7,7,7,7,4
270290040,7,7,7,7,7,4
270290045,7,7,7,7,7,4
270290050,7,7,7,7,7,4
270290055,7,7,7,7,7,4
270290056,7,7,7,7,7,4
270290060,7,7,7,7,7,4
270290065,7,7,7,7,8,4
270290070,7,7,7,7,7,4
270290075,7,7,7,7,7,4
270290080,7,7,7,7,7,4
270290085,7,7,7,7,7,4
270290090,7,7,7,7,7,4
270290095,7,7,7,7,7,4
270290100,7,7,7,7,7,4
270290105,7,7,7,7,7,4
270290110,7,7,7,7,8,4
270290115,7,7,7,7,7,4
270290120,7,7,7,7,7,4
270290125,7,7,7,7,7,4
270290130,7,7,7,7,7,4
270290135,7,7,7,7,8,4
270290140,7,7,7,7,8,4
270310005,8,8,8,8,8,4
270310010,8,8,8,8,8,4
270310015,8,8,8,8,8,4
270310020,8,8,8,8,8,4
270310025,8,8,8,8,8,4
270310030,8,8,8,8,8,4
270310035,8,8,8,8,8,4
270310040,8,8,8,8,8,4
270310045,8,8,8,8,8,4
270310050,8,8,8,8,8,4
270310055,8,8,8,8,8,4
270310060,8,8,8,8,8,4
270310065,8,8,8,8,8,4
270350055,8,8,8,8,8,4
270350075,8,8,8,8,8,4
270350076,8,8,8,8,8,4
270350115,8,8,8,8,8,4
270350120,8,8,8,8,8,4
270350125,8,8,8,8,8,4
270350140,8,8,8,8,8,4
270350155,8,8,8,8,8,4
270350175,8,8,8,8,8,4
270350180,8,8,8,8,8,4
270350195,8,8,8,8,8,4
270350205,8,8,8,8,8,4
270350220,8,8,8,8,8,4
270350235,8,8,8,8,8,4
270350240,8,8,8,8,8,4
270350280,8,8,8,8,8,4
270510010,7,7,7,7,7,1
270510015,7,7,7,7,7,1
270510020,7,7,7,7,7,1
270510025,7,7,7,7,7,1
270510040,7,7,7,7,7,1
270510045,7,7,7,7,7,1
270510060,7,7,7,7,7,1
270510065,7,7,7,7,7,1
270510070,7,7,7,7,7,1
270510075,7,7,7,7,7,1
270510080,7,7,7,7,7,1
270510085,7,7,7,7,7,1
270510095,7,7,7,7,7,1
270510100,7,7,7,7,7,1
270510105,7,7,7,7,7,1
270510110,7,7,7,7,7,1
270510115,7,7,7,7,7,1
270570005,8,8,8,8,8,4
270570010,8,8,8,8,8,4
270570015,8,7,8,8,8,4
270570020,8,8,8,8,8,4
270570022,8,8,8,8,8,4
270570025,8,8,8,8,8,4
270570030,8,8,8,8,8,4
270570035,8,8,8,8,8,4
270570037,8,8,8,8,8,4
270570040,8,8,8,8,8,4
270570045,8,8,8,8,8,4
270570050,8,8,8,8,8,4
270570052,8,8,8,8,8,4
270570055,8,8,8,8,8,4
270570060,8,8,8,8,8,4
270570065,8,8,8,8,8,4
270570070,8,8,8,8,8,4
270570075,8,8,8,8,8,4
270570080,8,8,8,8,8,4
270570085,8,8,8,8,8,4
270570090,8,8,8,8,8,4
270570095,8,8,8,8,8,4
270570097,8,8,8,8,8,4
270570100,8,8,8,8,8,4
270570105,8,8,8,8,8,4
270570110,8,8,8,8,8,4
270570115,8,8,8,8,8,4
270570120,8,8,8,8,8,4
270570122,8,8,8,8,8,4
270570125,8,8,8,8,8,4
270570130,8,8,8,8,8,4
270570135,8,8,8,8,8,4
270570137,8,8,8,8,8,4
270570140,8,8,8,8,8,4
270570145,8,8,8,8,8,4
270570150,8,8,8,8,8,4
270570152,8,8,8,8,8,4
270570155,8,8,8,8,8,4
270610005,8,8,8,8,8,4
270610010,8,8,8,8,8,4
270610015,8,8,8,8,8,4
270610020,8,8,8,8,8,4
270610025,8,8,8,8,8,4
270610030,8,8,8,8,8,4
270610035,8,8,8,8,8,4
270610040,8,8,8,8,8,4
270610045,8,8,8,8,8,4
270610050,8,8,8,8,8,4
270610055,8,8,8,8,8,4
270610060,8,8,8,8,8,4
270610065,8,8,8,8,8,4
270610070,8,8,8,8,8,4
270610074,8,8,8,8,8,4
270610076,8,8,8,8,8,4
270610085,8,8,8,8,8,4
270610090,8,8,8,8,8,4
270610095,8,8,8,8,8,4
270610096,8,8,8,8,8,4
270610100,8,8,8,8,8,4
270610101,8,8,8,8,8,4
270610110,8,8,8,8,8,4
270610120,8,8,8,8,8,4
270610125,8,8,8,8,8,4
270610130,8,8,8,8,8,4
270610135,8,8,8,8,8,4
270610140,8,8,8,8,8,4
270610145,8,8,8,8,8,4
270610151,8,8,8,8,8,4
270610155,8,8,8,8,8,4
270610175,8,8,8,8,8,4
270610184,8,8,8,8,8,4
270610189,8,8,8,8,8,4
270610195,8,8,8,8,8,4
270610200,8,8,8,8,8,4
270610205,8,8,8,8,8,4
270610215,8,8,8,8,8,4
270610220,8,8,8,8,8,4
270610225,8,8,8,8,8,4
270610227,8,8,8,8,8,4
270610230,8,8,8,8,8,4
270610235,8,8,8,8,8,4
270610240,8,8,8,8,8,4
270610244,8,8,8,8,8,4
270610245,8,8,8,8,8,4
270610247,8,8,8,8,8,4
270610249,8,8,8,8,8,4
270610255,8,8,8,8,8,4
270610260,8,8,8,8,8,4
270610265,8,8,8,8,8,4
270610270,8,8,8,8,8,4
270610271,8,8,8,8,8,4
270610280,8,8,8,8,8,4
270610285,8,8,8,8,8,4
270610290,8,8,8,8,8,4
270610295,8,8,8,8,8,4
270610300,8,8,8,8,8,4
270610305,8,8,8,8,8,4
270610310,8,8,8,8,8,4
270610320,8,8,8,8,8,4
270610327,8,8,8,8,8,4
270610330,8,8,8,8,8,4
270610335,8,8,8,8,8,4
270610338,8,8,8,8,8,4
270610339,8,8,8,8,8,4
270610340,8,8,8,8,8,4
270610345,8,8,8,8,8,4
270610350,8,8,8,8,8,4
270610355,8,8,8,8,8,4
270610360,8,8,8,8,8,4
270610365,8,8,8,8,8,4
270610370,8,8,8,8,8,4
270610371,8,8,8,8,8,4
270610372,8,8,8,8,8,4
270610375,8,8,8,8,8,4
270610380,8,8,8,8,8,4
270610385,8,8,8,8,8,4
270650030,8,8,8,8,8,4
270650065,8,8,8,8,8,4
270690005,7,7,7,7,7,4
270690010,7,7,7,7,7,4
270690015,7,7,7,7,7,4
270690020,7,7,7,7,7,4
270690025,7,7,7,7,7,4
270690030,7,7,7,7,7,4
270690035,7,7,7,7,7,4
270690040,7,7,7,7,7,4
270690045,7,7,7,7,7,4
270690050,7,7,7,7,7,4
270690055,7,7,7,7,7,4
270690060,7,7,7,7,7,4
270690065,7,7,7,7,7,4
270690070,7,7,7,7,7,4
270690075,7,7,7,7,7,4
270690080,7,7,7,7,7,4
270690085,7,7,7,7,7,4
270690090,7,7,7,7,7,4
270690092,7,7,7,7,7,4
270690095,7,7,7,7,7,4
270690100,7,7,7,7,7,4
270690105,7,7,7,7,7,4
270690110,7,7,7,7,7,4
270690115,7,7,7,7,7,4
270690118,7,7,7,7,7,4
270690120,7,7,7,7,7,4
270690125,7,7,7,7,7,4
270690130,7,7,7,7,7,4
270690135,7,7,7,7,7,4
270690140,7,7,7,7,7,4
270690145,7,7,7,7,7,4
270690150,7,7,7,7,7,4
270690155,7,7,7,7,7,4
270690160,7,7,7,7,7,4
270690165,7,7,7,7,7,4
270690170,7,7,7,7,7,4
270690175,7,7,7,7,7,4
270690180,7,7,7,7,7,4
270690185,7,7,7,7,7,4
270710005,8,8,8,8,8,4
270710023,8,8,8,8,8,4
270710050,8,8,8,8,8,4
270710055,8,8,8,8,8,4
270710060,8,8,8,8,8,4
270710070,8,8,8,8,8,4
270710075,8,8,8,8,8,4
270710080,8,8,8,8,8,4
270710082,8,8,8,8,8,4
270710083,8,8,8,8,8,4
270710090,8,8,8,8,8,4
270710100,8,8,8,8,8,4
270710115,8,8,8,8,8,4
270710120,8,8,8,8,8,4
270710121,8,8,8,8,8,4
270710140,8,8,8,8,8,4
270710170,8,8,8,8,8,4
270710175,8,8,8,8,8,4
270710180,8,8,8,8,8,4
270710185,8,8,8,8,8,4
270710190,8,8,8,8,8,4
270710195,8,8,8,8,8,4
270750005,8,8,8,8,8,4
270750010,8,8,8,8,8,4
270750020,8,8,8,8,8,4
270750025,8,8,8,8,8,4
270750035,8,8,8,8,8,4
270750040,8,8,8,8,8,4
270750050,8,8,8,8,8,4
270750060,8,8,8,8,8,4
270750065,8,8,8,8,8,4
270750070,8,8,8,8,8,4
270750080,8,8,8,8,8,4
270750090,8,8,8,8,8,4
270750105,8,8,8,8,8,4
270750110,8,8,8,8,8,4
270750115,8,8,8,8,8,4
270750120,8,8,8,8,8,4
270750125,8,8,8,8,8,4
270750130,8,8,8,8,8,4
270750135,8,8,8,8,8,4
270770005,7,7,7,7,7,4
270770010,7,7,7,7,7,4
270770015,7,7,7,7,7,4
270770020,7,7,7,7,7,4
270770030,7,7,7,7,7,4
270770031,7,7,7,7,7,4
270770035,7,7,7,7,7,4
270770040,7,7,7,7,7,4
270770044,7,7,7,7,7,4
270770045,7,7,7,7,7,4
270770046,7,7,7,7,7,4
270770050,7,7,7,7,7,4
270770055,7,7,7,7,7,4
270770065,7,8,7,7,7,4
270770070,7,7,7,7,7,4
270770075,7,7,7,7,7,4
270770080,7,7,7,7,7,4
270870005,7,7,7,7,7,4
270870010,7,7,7,7,7,4
270870015,7,7,7,7,7,4
270870020,7,7,7,7,7,4
270870025,7,7,7,7,7,4
270870030,7,7,7,7,7,4
270870035,7,7,7,7,7,4
270870040,7,7,7,7,7,4
270870045,7,7,7,7,7,4
270870050,7,7,7,7,7,4
270870055,7,7,7,7,7,4
270870060,7,7,7,7,7,4
270870065,7,7,7,7,7,4
270870070,7,7,7,7,7,4
270870075,7,7,7,7,7,4
270870080,7,7,7,7,7,4
270870085,7,7,7,7,7,4
270870090,7,7,7,7,7,4
270870095,7,7,7,7,7,4
270890005,7,7,7,7,7,4
270890010,7,7,7,7,7,4
270890015,7,7,7,7,7,4
270890020,7,7,7,7,7,4
270890025,7,7,7,7,7,4
270890030,7,7,7,7,7,4
270890035,7,7,7,7,7,4
270890040,7,7,7,7,7,4
270890045,7,7,7,7,7,4
270890050,7,7,7,7,7,4
270890055,7,7,7,7,7,4
270890060,7,7,7,7,7,4
270890065,7,7,7,7,7,4
270890070,7,7,7,7,7,4
270890075,7,7,7,7,7,4
270890080,7,7,7,7,8,4
270890085,7,7,7,7,7,4
270890090,7,7,7,7,7,4
270890095,7,7,7,7,7,4
270890100,7,7,7,7,7,4
270890105,7,7,7,7,7,4
270890110,7,7,7,7,7,4
270890115,7,7,7,7,7,4
270890120,7,7,7,7,7,4
270890125,7,7,7,7,7,4
270890130,7,7,7,7,7,4
270890135,7,7,7,7,8,4
270890140,7,7,7,7,7,4
270890145,7,7,7,7,7,4
270890150,7,7,7,7,7,4
270890155,7,7,7,7,7,4
270890160,7,7,7,7,7,4
270890165,7,7,7,7,7,4
270890166,7,7,7,7,7,4
270890170,7,7,7,7,7,4
270890175,7,7,7,7,7,4
270890180,7,7,7,7,7,4
270890185,7,7,7,7,7,4
270890190,7,7,7,7,7,4
270890195,7,7,7,7,7,4
270890200,7,7,7,7,7,4
270890205,7,7,7,7,7,4
270890210,7,7,7,7,8,4
270890215,7,7,7,7,7,4
270890220,7,7,7,7,7,4
270890225,7,7,7,7,7,4
270890230,7,7,7,7,7,4
270890235,7,7,7,7,7,4
270890240,7,7,7,7,7,4
270890245,7,7,7,7,7,4
270890250,7,7,7,7,7,4
270890255,7,7,7,7,8,4
270890260,7,7,7,7,7,4
270890265,7,7,7,7,7,4
270890270,7,7,7,7,7,4
270890275,7,7,7,7,7,4
270890285,7,7,7,7,7,4
270890290,7,7,7,7,7,4
270890295,7,7,7,7,7,4
270890300,7,7,7,7,7,4
271070005,7,7,7,7,7,4
271070010,7,7,7,7,7,4
271070015,7,7,7,7,7,4
271070020,7,7,7,7,7,4
271070025,7,7,7,7,7,4
271070030,7,7,7,7,7,4
271070035,7,7,7,7,7,4
271070040,7,7,7,7,7,4
271070045,7,7,7,7,7,4
271070050,7,7,7,7,7,4
271070055,7,7,7,7,7,4
271070060,7,7,7,7,7,4
271070065,7,7,7,7,7,4
271070070,7,7,7,7,7,4
271070075,7,7,7,7,7,4
271070080,7,7,7,7,7,4
271070085,7,7,7,7,7,4
271070090,7,7,7,7,7,4
271070095,7,7,7,7,7,4
271070100,7,7,7,7,7,4
271070105,7,7,7,7,7,4
271070110,7,7,7,7,7,4
271070115,7,7,7,7,7,4
271070120,7,7,7,7,7,4
271070125,7,7,7,7,7,4
271070130,7,7,7,7,7,4
271070135,7,7,7,7,7,4
271070140,7,7,7,7,7,4
271070145,7,7,7,7,7,4
271070150,7,7,7,7,7,4
271070155,7,7,7,7,7,4
271070160,7,7,7,7,7,4
271070165,7,7,7,7,7,4
271110005,7,7,7,7,7,1
271110010,7,7,7,7,7,1
271110015,7,7,7,7,7,1
271110025,7,7,7,7,7,4
271110040,7,7,7,7,7,1
271110045,7,7,7,7,7,4
271110050,7,7,7,7,7,4
271110055,7,7,7,7,7,1
271110075,7,7,7,7,7,4
271110080,7,7,7,7,7,1
271110085,7,7,7,7,7,1
271110090,7,7,7,7,7,4
271110105,7,7,7,7,7,4
271110110,7,7,7,7,7,4
271110115,7,7,7,7,7,4
271110130,7,7,7,7,7,4
271110140,7,7,7,7,7,1
271110145,7,7,7,7,7,1
271110155,7,7,7,7,7,4
271110160,7,7,7,7,7,4
271110165,7,7,7,7,7,1
271110170,7,7,7,7,7,1
271110175,7,7,7,7,7,1
271110180,7,7,7,7,7,1
271110185,7,7,7,7,7,1
271110186,7,7,7,7,7,1
271110190,7,7,7,7,7,1
271110195,7,7,7,7,7,1
271110200,7,7,7,7,7,1
271110205,7,7,7,7,7,1
271110210,7,7,7,7,7,1
271110220,7,7,7,7,7,1
271110230,7,7,7,7,7,4
271110245,7,7,7,7,7,4
271110250,7,7,7,7,7,4
271110260,7,7,7,7,7,1
271110270,7,7,7,7,7,4
271110275,7,7,7,7,7,1
271110280,7,7,7,7,7,4
271110285,7,7,7,7,7,4
271110290,7,7,7,7,7,4
271110300,7,7,7,7,7,4
271110310,7,7,7,7,7,1
271110315,7,7,7,7,7,1
271110320,7,7,7,7,7,1
271110325,7,7,7,7,7,1
271110330,7,7,7,7,7,1
271110335,7,7,7,7,7,4
271110350,7,7,7,7,7,4
271110355,7,7,7,7,7,4
271110360,7,7,7,7,7,4
271110365,7,7,7,7,7,4
271110370,7,7,7,7,7,4
271110375,7,7,7,7,7,4
271110380,7,7,7,7,7,4
271110385,7,7,7,7,7,4
271110395,7,7,7,7,7,4
271110400,7,7,7,7,7,4
271110405,7,7,7,7,7,1
271110415,7,7,7,7,7,4
271110420,7,7,7,7,7,1
271110435,7,7,7,7,7,4
271110450,7,7,7,7,7,1
271130005,7,7,7,7,7,4
271130010,7,7,7,7,7,4
271130015,7,7,7,7,7,4
271130020,7,7,7,7,7,4
271130025,7,7,7,7,7,4
271130030,7,7,7,7,7,4
271130035,7,7,7,7,7,4
271130040,7,7,7,7,7,4
271130045,7,7,7,7,7,4
271130050,7,7,7,7,7,4
271130055,7,7,7,7,7,4
271130060,7,7,7,7,7,4
271130065,7,7,7,7,7,4
271130070,7,7,7,7,7,4
271130075,7,7,7,7,7,4
271130080,7,7,7,7,7,4
271130085,7,7,7,7,7,4
271130090,7,7,7,7,7,4
271130095,7,7,7,7,7,4
271130100,7,7,7,7,7,4
271130105,7,7,7,7,7,4
271130110,7,7,7,7,7,4
271130115,7,7,7,7,7,4
271130120,7,7,7,7,7,4
271130125,7,7,7,7,7,4
271130135,7,7,7,7,7,4
271130150,7,7,7,7,7,4
271130155,7,7,7,7,7,4
271130165,7,7,7,7,7,4
271130180,7,7,7,7,7,4
271130195,7,7,7,7,7,4
271150010,8,8,8,8,8,2
271150015,8,8,8,8,8,2
271150025,8,8,8,8,8,4
271150030,8,8,8,8,8,4
271150045,8,8,8,8,8,2
271150050,8,8,8,8,8,2
271150070,8,8,8,8,8,4
271150080,8,8,8,8,8,2
271150085,8,8,8,8,8,4
271150090,8,8,8,8,8,4
271150095,8,8,8,8,8,2
271150115,8,8,8,8,8,4
271150120,8,8,8,8,8,4
271150125,8,8,8,8,8,2
271150145,8,8,8,8,8,2
271150150,8,8,8,8,8,4
271150155,8,8,8,8,8,2
271150160,8,8,8,8,8,2
271150165,8,8,8,8,8,2
271150170,8,8,8,8,8,2
271150190,8,8,8,8,8,4
271150207,8,8,8,8,8,2
271150221,8,8,8,8,8,2
271150223,8,8,8,8,8,2
271150225,8,8,8,8,8,2
271150230,8,8,8,8,8,2
271150235,8,8,8,8,8,2
271150240,8,8,8,8,8,2
271190005,7,7,7,7,7,4
271190010,7,7,7,7,7,4
271190015,7,7,7,7,7,4
271190020,7,7,7,7,7,4
271190025,7,7,7,7,7,4
271190030,7,7,7,7,7,4
271190035,7,7,7,7,7,4
271190040,7,7,7,7,7,4
271190045,7,7,7,7,7,4
271190050,7,7,7,7,7,4
271190055,7,7,7,7,7,4
271190060,7,7,7,7,7,4
271190065,7,7,7,7,7,4
271190070,7,7,7,7,7,4
271190075,7,7,7,7,7,4
271190080,7,7,7,7,7,4
271190085,7,7,7,7,7,4
271190090,7,7,7,7,7,4
271190105,7,7,7,7,7,4
271190110,7,7,7,7,7,4
271190120,7,7,7,7,7,4
271190130,7,7,7,7,7,4
271190140,7,7,7,7,7,4
271190150,7,7,7,7,7,4
271190160,7,7,7,7,7,4
271190165,7,7,7,7,7,4
271190170,7,7,7,7,7,4
271190175,7,7,7,7,7,4
271190180,7,7,7,7,7,4
271190185,7,7,7,7,7,4
271190190,7,7,7,7,7,4
271190195,7,7,7,7,7,4
271190200,7,7,7,7,7,4
271190205,7,7,7,7,7,4
271190210,7,7,7,7,7,4
271190220,7,7,7,7,7,4
271190225,7,7,7,7,7,4
271190230,7,7,7,7,7,4
271190235,7,7,7,7,7,4
271190240,7,7,7,7,7,4
271190245,7,7,7,7,7,4
271190250,7,7,7,7,7,4
271190255,7,7,7,7,7,4
271190260,7,7,7,7,7,4
271190265,7,7,7,7,7,4
271190270,7,7,7,7,7,4
271190275,7,7,7,7,7,4
271190280,7,7,7,7,7,4
271190285,7,7,7,7,7,4
271190290,7,7,7,7,7,4
271190295,7,7,7,7,7,4
271190300,7,7,7,7,7,4
271190305,7,7,7,7,7,4
271190310,7,7,7,7,7,4
271190315,7,7,7,7,7,4
271190320,7,7,7,7,7,4
271190325,7,7,7,7,7,4
271190330,7,7,7,7,7,4
271190335,7,7,7,7,7,4
271190340,7,7,7,7,7,4
271190345,7,7,7,7,7,4
271190350,7,7,7,7,7,4
271190355,7,7,7,7,7,4
271190360,7,7,7,7,7,4
271190365,7,7,7,7,7,4
271190370,7,7,7,7,7,4
271190375,7,7,7,7,7,4
271190380,7,7,7,7,7,4
271190385,7,7,7,7,7,4
271190390,7,7,7,7,7,4
271190395,7,7,7,7,7,4
271190400,7,7,7,7,7,4
271190405,7,7,7,7,7,4
271190410,7,7,7,7,7,4
271190415,7,7,7,7,7,4
271190420,7,7,7,7,7,4
271190430,7,7,7,7,7,4
271190435,7,7,7,7,7,4
271190440,7,7,7,7,7,4
271190445,7,7,7,7,7,4
271190450,7,7,7,7,7,4
271190455,7,7,7,7,7,4
271250005,7,7,7,7,7,4
271250010,7,7,7,7,7,4
271250015,7,7,7,7,7,4
271250020,7,7,7,7,7,4
271250025,7,7,7,7,7,4
271250030,7,7,7,7,7,4
271250035,7,7,7,7,7,4
271250040,7,7,7,7,7,4
271250045,7,7,7,7,7,4
271250050,7,7,7,7,7,4
271250055,7,7,7,7,7,4
271250060,7,7,7,7,7,4
271250065,7,7,7,7,7,4
271250070,7,7,7,7,7,4
271250075,7,7,7,7,7,4
271250080,7,7,7,7,7,4
271250085,7,7,7,7,7,4
271250087,7,7,7,7,7,4
271250090,7,7,7,7,7,4
271250095,7,7,7,7,7,4
271250100,7,7,7,7,7,4
271350005,7,7,7,7,7,4
271350010,7,7,7,7,7,4
271350015,7,7,7,7,7,4
271350020,7,7,7,7,7,4
271350025,7,7,7,7,7,4
271350028,7,7,7,7,7,4
271350030,7,7,7,7,7,4
271350035,7,7,7,7,7,4
271350040,7,7,7,7,7,4
271350045,7,7,7,7,7,4
271350050,7,7,7,7,7,4
271350055,7,7,7,7,8,4
271350060,7,7,7,7,7,4
271350065,7,7,7,7,7,4
271350070,7,7,7,7,7,4
271350075,7,7,7,7,7,4
271350080,7,7,7,7,7,4
271350083,7,7,7,7,7,4
271350085,7,7,7,7,7,4
271350090,7,7,7,7,7,4
271350095,7,7,7,7,7,4
271350100,7,7,7,7,7,4
271350105,7,7,7,7,7,4
271350110,7,7,7,7,7,4
271350115,7,7,7,7,7,4
271350120,7,7,7,7,7,4
271350121,7,7,7,7,7,4
271350122,7,7,7,7,7,4
271350125,7,7,7,7,7,4
271350130,7,7,7,7,7,4
271350135,7,7,7,7,7,4
271350140,7,7,7,7,7,4
271350145,7,7,7,7,7,4
271350150,7,7,7,7,7,4
271350155,7,7,7,7,7,4
271350160,7,7,7,7,7,4
271350165,7,7,7,7,7,4
271350170,7,7,7,7,7,4
271350175,7,7,7,7,7,4
271350176,7,7,7,7,7,4
271350180,7,7,7,7,7,4
271350185,7,7,7,7,7,4
271350190,7,7,7,7,7,4
271350195,7,7,7,7,7,4
271370005,8,8,8,8,8,4
271370010,8,8,8,8,8,4
271370015,8,8,8,8,8,4
271370020,8,8,8,8,8,4
271370025,8,8,8,8,8,4
271370030,8,8,8,8,8,4
271370031,8,8,8,8,8,4
271370035,8,8,8,8,8,4
271370040,8,8,8,8,8,4
271370045,8,8,8,8,8,4
271370050,8,8,8,8,8,4
271370055,8,8,8,8,8,4
271370060,8,8,8,8,8,4
271370065,8,8,8,8,8,4
271370066,8,8,8,8,8,4
271370070,8,8,8,8,8,4
271370075,8,8,8,8,8,4
271370080,8,8,8,8,8,4
271370085,8,8,8,8,8,4
271370090,8,8,8,8,8,4
271370095,8,8,8,8,8,4
271370100,8,8,8,8,8,4
271370115,8,8,8,8,8,4
271370120,8,8,8,8,8,4
271370125,8,8,8,8,8,4
271370130,8,8,8,8,8,4
271370133,8,8,8,8,8,4
271370135,8,8,8,8,8,4
271370140,8,8,8,8,8,4
271370145,8,8,8,8,8,4
271370150,8,8,8,8,8,4
271370155,8,8,8,8,8,4
271370160,8,8,8,8,8,4
271370165,8,8,8,8,8,4
271370170,8,8,8,8,8,4
271370175,8,8,8,8,8,4
271370180,8,8,8,8,8,4
271370190,8,8,8,8,8,4
271370195,8,8,8,8,8,4
271370200,8,8,8,8,8,4
271370205,8,8,8,8,8,4
271370210,8,8,8,8,8,4
271370215,8,8,8,8,8,4
271370220,8,8,8,8,8,4
271370230,8,8,8,8,8,4
271370240,8,8,8,8,8,4
271370245,8,8,8,8,8,4
271370250,8,8,8,8,8,4
271370255,8,8,8,8,8,4
271370260,8,8,8,8,8,4
271370265,8,8,8,8,8,4
271370270,8,8,8,8,8,4
271370275,8,8,8,8,8,4
271370280,8,8,8,8,8,4
271370285,8,8,8,8,8,4
271370290,8,8,8,8,8,4
271370295,8,8,8,8,8,4
271370300,8,8,8,8,8,4
271370305,8,8,8,8,8,4
271370315,8,8,8,8,8,4
271370320,8,8,8,8,8,4
271370325,8,8,8,8,8,4
271370435,8,8,8,8,8,4
271370437,8,8,8,8,8,4
271370440,8,8,8,8,8,4
271370445,8,8,8,8,8,4
271370450,8,8,8,8,8,4
271370470,8,8,8,8,8,4
271370475,8,8,8,8,8,4
271370480,8,8,8,8,8,4
271370505,8,8,8,8,8,4
271370510,8,8,8,8,8,4
271370515,8,8,8,8,8,4
271370520,8,8,8,8,8,4
271370525,8,8,8,8,8,4
271370530,8,8,8,8,8,4
271370540,8,8,8,8,8,4
271370545,8,8,8,8,8,4
271370550,8,8,8,8,8,4
271370565,8,8,8,8,8,4
271370570,8,8,8,8,8,4
271370575,8,8,8,8,8,4
271370580,8,8,8,8,8,4
271370585,8,8,8,8,8,4
271370590,8,8,8,8,8,4
271370591,8,8,8,8,8,4
271370595,8,8,8,8,8,4
271370600,8,8,8,8,8,4
271370605,8,8,8,8,8,4
271370615,8,8,8,8,8,4
271370620,8,8,8,8,8,4
271370625,8,8,8,8,8,4
271370630,8,8,8,8,8,4
271370635,8,8,8,8,8,4
271370640,8,8,8,8,8,4
271370645,8,8,8,8,8,4
271370735,8,8,8,8,8,4
271370750,8,8,8,8,8,4
271370755,8,8,8,8,8,4
271370760,8,8,8,8,8,4
271370765,8,8,8,8,8,4
271370770,8,8,8,8,8,4
271370775,8,8,8,8,8,4
271370780,8,8,8,8,8,4
271370785,8,8,8,8,8,4
271370790,8,8,8,8,8,4
271370795,8,8,8,8,8,4
271370797,8,8,8,8,8,4
271370799,8,8,8,8,8,4
271370800,8,8,8,8,8,4
271370805,8,8,8,8,8,4
271370810,8,8,8,8,8,4
271370815,8,8,8,8,8,4
271370820,8,8,8,8,8,4
271370821,8,8,8,8,8,4
271370825,8,8,8,8,8,4
271370840,8,8,8,8,8,4
271370845,8,8,8,8,8,4
271370850,8,8,8,8,8,4
271370852,8,8,8,8,8,4
271370855,8,8,8,8,8,4
271370857,8,8,8,8,8,4
271370860,8,8,8,8,8,4
271370865,8,8,8,8,8,4
271370875,8,8,8,8,8,4
271370880,8,8,8,8,8,4
271370881,8,8,8,8,8,4
271370885,8,8,8,8,8,4
271370890,8,8,8,8,8,4
271370895,8,8,8,8,8,4
271370910,8,8,8,8,8,4
271370915,8,8,8,8,8,4
271370920,8,8,8,8,8,4
271370925,8,8,8,8,8,4
271370930,8,8,8,8,8,4
271370935,8,8,8,8,8,4
271370940,8,8,8,8,8,4
271370942,8,8,8,8,8,4
271370945,8,8,8,8,8,4
271370950,8,8,8,8,8,4
271370960,8,8,8,8,8,4
271370962,8,8,8,8,8,4
271370965,8,8,8,8,8,4
271370970,8,8,8,8,8,4
271370971,8,8,8,8,8,4
271370973,8,8,8,8,8,4
271370975,8,8,8,8,8,4
271370976,8,8,8,8,8,4
271370979,8,8,8,8,8,4
271370990,8,8,8,8,8,4
271370999,8,8,8,8,8,4
271371000,8,8,8,8,8,4
271371001,8,8,8,8,8,4
271371002,8,8,8,8,8,4
271371005,8,8,8,8,8,4
271371011,8,8,8,8,8,4
271371030,8,8,8,8,8,4
271371035,8,8,8,8,8,4
271371040,8,8,8,8,8,4
271371045,8,8,8,8,8,4
271371050,8,8,8,8,8,4
271371055,8,8,8,8,8,4
271371060,8,8,8,8,8,4
271371125,8,8,8,8,8,4
271371130,8,8,8,8,8,4
271371135,8,8,8,8,8,4
271371136,8,8,8,8,8,4
271371140,8,8,8,8,8,4
271371145,8,8,8,8,8,4
271371150,8,8,8,8,8,4
271371155,8,8,8,8,8,4
271371160,8,8,8,8,8,4
271490035,7,7,7,7,7,1
271550045,7,7,7,7,7,1
271550055,7,7,7,7,7,1
271550065,7,7,7,7,7,1
271550070,7,7,7,7,7,1
271550075,7,7,7,7,7,1
271590015,8,8,8,8,8,4
271590020,8,8,8,8,8,1
271590025,8,8,8,8,8,4
271590035,8,8,8,8,8,4
271590040,8,8,8,8,8,4
271590045,8,8,8,8,8,4
271590050,8,8,8,8,8,4
271590055,8,8,8,8,8,4
271590060,8,8,8,8,8,4
271590065,8,8,8,8,8,4
271590070,8,8,8,8,8,4
271590075,8,8,8,8,8,4
271590080,8,8,8,8,8,4
271590125,8,8,8,8,8,4
271670005,7,7,7,7,7,1
271670010,7,7,7,7,7,1
271670015,7,7,7,7,7,4
271670020,7,7,7,7,7,1
271670025,7,7,7,7,7,1
271670030,7,7,7,7,7,1
271670035,7,7,7,7,7,1
271670040,7,7,7,7,7,1
271670050,7,7,7,7,7,1
271670055,7,7,7,7,7,1
271670060,7,7,7,7,7,1
271670065,7,7,7,7,7,1
271670070,7,7,7,7,7,1
271670072,7,7,7,7,7,1
271670075,7,7,7,7,7,1
271670080,7,7,7,7,7,1
271670085,7,7,7,7,7,1
271670090,7,7,7,7,7,1
271670095,7,7,7,7,7,1
271670100,7,7,7,7,7,4
271670105,7,7,7,7,7,1
271670110,7,7,7,7,7,1
271670113,7,7,7,7,7,1
271670115,7,7,7,7,7,1
271670120,7,7,7,7,7,1
271670125,7,7,7,7,7,4
271670130,7,7,7,7,7,4
271670135,7,7,7,7,7,4
271670140,7,7,7,7,7,1
271670145,7,7,7,7,7,4
271670150,7,7,7,7,7,4
271670155,7,7,7,7,7,4
270010005,8,8,8,8,8,4
270010010,8,8,8,8,8,4
270010040,8,8,8,8,8,4
270010045,8,8,8,8,8,4
270010050,8,8,8,8,8,4
270010060,8,8,8,8,8,4
270010075,8,8,8,8,8,2
270010082,8,8,8,8,8,4
270010085,8,8,8,8,8,4
270010090,8,8,8,8,8,2
270010095,8,8,8,8,8,4
270010115,8,8,8,8,8,4
270010135,8,8,8,8,8,4
270010140,8,8,8,8,8,4
270010145,8,8,8,8,8,4
270010170,8,8,8,8,8,4
270010185,8,8,8,8,8,4
270010215,8,8,8,8,8,4
270010225,8,8,8,8,8,2
270010255,8,8,8,8,8,4
270032305,6,6,6,6,6,2
270930040,7,7,7,7,7,1
270930045,7,7,7,7,7,1
270930050,7,7,7,7,7,1
270930055,7,7,7,7,7,1
270930060,7,7,7,7,7,1
270930070,7,7,7,7,7,1
270930075,7,7,7,7,7,1
270930090,7,7,7,7,7,1
270930095,7,7,7,7,7,1
270930100,7,7,7,7,7,1
270930105,7,7,7,7,7,1
270930110,7,7,7,7,7,1
270930115,7,7,7,7,7,1
270930120,7,7,7,7,7,1
270930125,7,7,7,7,7,1
270930130,7,7,7,7,7,1
270930135,7,7,7,7,7,1
270930140,7,7,7,7,7,1
270930145,7,7,7,7,7,1
270930150,7,7,7,7,7,1
270950005,8,8,8,8,8,2
270950010,8,8,8,8,8,2
270950015,8,8,8,8,8,2
270950020,8,8,8,8,8,2
270950025,8,8,8,8,8,2
270950030,8,8,8,8,8,2
270950035,8,8,8,8,8,2
270950040,8,8,8,8,8,2
270950045,8,8,8,8,8,2
270950050,8,8,8,8,8,2
270950055,8,8,8,8,8,2
270950060,8,8,8,8,8,4
270950065,8,8,8,8,8,2
270950070,8,8,8,8,8,2
270950075,8,8,8,8,8,2
270950080,8,8,8,8,8,2
270950085,8,8,8,8,8,2
270950090,8,8,8,8,8,2
270950095,8,8,8,8,8,2
270950100,8,8,8,8,8,2
270950105,8,8,8,8,8,2
270950110,8,8,8,8,8,2
270950115,8,8,8,8,8,2
270950120,8,8,8,8,8,2
270950125,8,8,8,8,8,2
270970005,8,8,8,8,8,1
270970010,8,8,8,8,8,1
270970015,8,8,8,8,8,1
270970020,8,8,8,8,8,1
270970025,8,8,8,8,8,1
270970030,8,8,8,8,8,1
270970035,8,8,8,8,8,1
270970045,8,8,8,8,8,1
270970050,8,7,8,8,8,1
270970055,8,8,8,8,8,1
270970060,8,8,8,8,8,1
270970065,8,8,8,8,8,1
270970070,8,8,8,8,8,1
270970075,8,8,8,8,8,1
270970080,8,8,8,8,8,1
270970085,8,8,8,8,8,1
270970090,8,8,8,8,8,2
270970095,8,8,8,8,8,2
270970100,8,8,8,8,8,1
270970105,8,8,8,8,8,2
270970110,8,8,8,8,8,1
270970115,8,8,8,8,8,2
270970120,8,8,8,8,8,1
270970125,8,8,8,8,8,1
270970130,8,8,8,8,8,1
270970135,8,8,8,8,8,1
270970140,8,8,8,8,8,2
270970145,8,8,8,8,8,1
270970150,8,8,8,8,8,1
270970155,8,8,8,8,8,2
270970160,8,8,8,8,8,1
270970165,8,8,8,8,8,1
270970170,8,8,8,8,8,1
270970175,8,8,8,8,8,1
270970180,8,8,8,8,8,1
270970185,8,8,8,8,8,2
270970195,8,8,8,8,8,1
270970200,8,8,8,8,8,2
270970205,8,8,8,8,8,1
270970210,8,8,8,8,8,1
270970215,8,8,8,8,8,1
270970220,8,8,8,8,8,1
270970225,8,8,8,8,8,1
270970230,8,8,8,8,8,1
270970235,8,8,8,8,8,1
270970240,8,8,8,8,8,1
270970245,8,8,8,8,8,1
270970250,8,8,8,8,8,1
270090005,6,8,6,6,8,2
270090010,6,6,6,6,6,2
270090015,6,8,6,6,8,2
270090020,6,6,6,6,6,2
270090025,6,6,6,6,6,2
270090030,6,6,6,6,6,1
270090035,6,8,6,6,8,2
270090040,6,6,6,6,6,1
270090045,6,6,6,6,6,1
270090050,6,8,6,6,6,2
270090055,6,6,6,6,6,1
270090056,6,6,6,6,6,1
270090060,6,6,6,6,6,1
270090067,6,8,6,8,8,1
270090070,6,6,6,6,6,1
270090080,6,6,6,6,6,1
270090085,6,6,6,6,6,1
270090090,6,6,6,6,6,1
270090095,6,6,6,6,6,1
270090100,6,6,6,6,6,1
270090105,6,6,6,6,6,1
270090110,6,6,6,6,6,1
270090111,6,6,6,6,6,1
270090112,6,6,6,6,6,1
270090113,6,6,6,6,6,1
270090115,6,6,6,6,6,1
270090120,6,6,6,6,6,1
270110005,7,7,7,7,7,1
270110010,7,7,7,7,7,1
270110015,7,7,7,7,7,1
270110020,7,7,7,7,7,1
270110025,7,7,7,7,7,1
270110030,7,7,7,7,7,1
270110031,7,7,7,7,7,1
270110035,7,7,7,7,7,1
270110040,7,7,7,7,7,1
270110045,7,7,7,7,7,1
270110050,7,7,7,7,7,1
270110055,7,7,7,7,7,1
270110056,7,7,7,7,7,1
270110060,7,7,7,7,7,1
270110065,7,7,7,7,7,1
271530100,7,7,7,7,7,1
270110075,7,7,7,7,7,1
270110080,7,7,7,7,7,1
270110085,7,7,7,7,7,1
270110086,7,7,7,7,7,1
270110090,7,7,7,7,7,1
270110095,7,7,7,7,7,1
270110100,7,7,7,7,7,1
271530105,7,7,7,7,7,1
271530115,7,7,7,7,7,1
271530145,7,7,7,7,7,1
271530150,7,7,7,7,7,1
271530160,7,7,7,7,7,1
270210020,8,8,8,8,7,1
270210095,8,8,8,8,8,1
270210100,8,8,8,8,8,1
271110020,7,7,7,7,7,1
271110030,7,7,7,7,7,4
271110035,7,7,7,7,8,4
270210175,8,8,8,8,8,1
271110060,7,7,7,7,7,1
271110065,7,7,7,7,7,1
271110070,7,7,7,7,7,1
270210187,8,8,8,8,8,1
270210195,8,8,8,8,8,1
271110095,7,7,7,7,7,1
271110100,7,7,7,7,7,1
271110120,7,7,7,7,7,1
271110125,7,7,7,7,7,1
271110135,7,7,7,7,7,1
271110150,7,7,7,7,7,1
270210265,8,8,8,8,8,1
271110215,7,7,7,7,7,1
271110225,7,7,7,7,7,1
270230005,7,7,7,7,7,1
270230010,7,7,7,7,7,1
270230015,7,7,7,7,7,1
270230020,7,7,7,7,7,1
271110255,7,7,7,7,7,1
271110240,7,7,7,7,7,1
271110265,7,7,7,7,7,1
271110235,7,7,7,7,7,1
270230050,7,7,7,7,7,1
270230055,7,7,7,7,7,1
270230060,7,7,7,7,7,1
270230065,7,7,7,7,7,1
271110295,7,7,7,7,7,1
271110305,7,7,7,7,7,1
270230100,7,7,7,7,7,1
270230105,7,7,7,7,7,1
270230120,7,7,7,7,7,1
271110345,7,7,7,7,7,1
271110340,7,7,7,7,7,1
270230135,7,7,7,7,7,1
270250005,8,8,8,8,8,2
270250015,8,8,8,8,8,2
270250020,8,8,8,8,8,2
270250025,8,8,8,8,8,2
270250030,8,8,8,8,8,2
270250035,8,8,8,8,8,2
271110390,7,7,7,7,7,1
270250045,8,8,8,8,8,2
270250040,8,8,8,8,8,2
270250055,8,8,8,8,8,2
271110410,7,7,7,7,7,1
270250065,8,8,8,8,8,2
270250066,8,8,8,8,8,2
271110425,7,7,7,7,7,1
271110430,7,7,7,7,7,1
270250067,8,8,8,8,8,2
271110440,7,7,7,7,7,1
271110445,7,8,7,7,7,1
270250085,8,8,8,8,8,2
271110455,7,7,7,7,7,1
270250095,8,8,8,8,8,2
270250100,8,8,8,8,8,2
270250105,8,8,8,8,8,2
270250086,8,8,8,8,8,2
270250080,8,8,8,8,8,2
270250090,8,8,8,8,8,2
271150005,8,8,8,8,8,2
271150020,8,8,8,8,8,4
271150035,8,8,8,8,8,2
271150040,8,8,8,8,8,2
271150055,8,8,8,8,8,2
271150060,8,8,8,8,8,2
271150065,8,8,8,8,8,2
271150075,8,8,8,8,8,4
271150100,8,8,8,8,8,2
271150105,8,8,8,8,8,2
271150110,8,8,8,8,8,2
271150135,8,8,8,8,8,4
271150140,8,8,8,8,8,2
271150175,8,8,8,8,8,2
271150185,8,8,8,8,8,2
271150195,8,8,8,8,8,2
271150200,8,8,8,8,8,2
271150205,8,8,8,8,8,2
271150210,8,8,8,8,8,4
271150215,8,8,8,8,8,4
270350005,8,8,8,8,8,1
270350006,8,8,8,8,8,1
270350007,8,8,8,8,8,1
270350008,8,8,8,8,8,1
270350010,8,8,8,8,8,4
270350015,8,8,8,8,8,1
270350016,8,8,8,8,8,1
270350020,8,8,8,8,8,1
270350025,8,8,8,8,8,1
270350035,8,8,8,8,8,1
270350040,8,8,8,8,8,1
270350042,8,8,8,8,8,1
270350045,8,8,8,8,8,1
270350050,8,8,8,8,8,1
270350060,8,8,8,8,8,4
270350065,8,8,8,8,8,4
270350070,8,8,8,8,8,4
270350080,8,8,8,8,8,1
270350082,8,8,8,8,8,1
270350085,8,8,8,8,8,4
270350090,8,8,8,8,8,1
270350095,8,8,8,8,8,1
270350100,8,8,8,8,8,4
270350105,8,8,8,8,8,4
270350110,8,8,8,8,8,4
270350130,8,7,8,8,8,1
270350135,8,8,8,8,8,1
270350145,8,8,8,8,8,2
270350150,8,8,8,8,8,2
270350160,8,8,8,8,8,4
270350165,8,8,8,8,8,1
270350170,8,8,8,8,8,4
270350185,8,8,8,8,8,1
270350190,8,8,8,8,8,4
270350200,8,8,8,8,8,4
270350210,8,8,8,8,8,4
270350215,8,8,8,8,8,4
270350225,8,8,8,8,8,4
271210005,7,7,7,7,7,1
271210010,7,7,7,7,7,1
271210015,7,7,7,7,7,1
271210020,7,7,7,7,7,1
271210022,7,7,7,7,7,1
271210025,7,7,7,7,7,1
271210030,7,7,7,7,7,1
271210035,7,7,7,7,7,1
271210040,7,7,7,7,7,1
271210045,7,7,7,7,7,1
271210050,7,7,7,7,7,1
270350290,8,8,8,8,8,4
270350295,8,8,8,8,8,4
271210055,7,7,7,7,7,1
271210060,7,7,7,7,7,1
271210065,7,7,7,7,7,1
271210070,7,7,7,7,7,1
271210075,7,7,7,7,7,1
271210080,7,7,7,7,7,1
271210085,7,7,7,7,7,1
271210090,7,7,7,7,7,1
271210095,7,7,7,7,7,1
271210100,7,7,7,7,7,1
271210105,7,7,7,7,7,1
271210110,7,7,7,7,7,1
271210115,7,7,7,7,7,1
271210120,7,7,7,7,7,1
271210125,7,7,7,7,7,1
271210130,7,7,7,7,7,1
271210135,7,7,7,7,7,1
271210140,7,7,7,7,7,1
271210145,7,7,7,7,7,1
271210150,7,7,7,7,7,1
270410005,7,7,7,7,7,1
270410007,7,7,7,7,7,1
270410010,7,7,7,7,7,1
270410015,7,7,7,7,7,1
270410020,7,7,7,7,7,1
270410025,7,7,7,7,7,1
270410027,7,7,7,7,7,1
270410030,7,7,7,7,7,1
270410035,7,7,7,7,7,1
270410040,7,7,7,7,7,1
270410045,7,7,7,7,7,1
270410050,7,7,7,7,7,1
270410055,7,7,7,7,7,1
270410060,7,7,7,7,7,1
270410065,7,7,7,7,7,1
270410070,7,7,7,7,7,1
270410075,7,7,7,7,7,1
270410080,7,7,7,7,7,1
270410085,7,7,7,7,7,1
270410090,7,7,7,7,7,1
270410095,7,7,7,7,7,1
270410100,7,7,7,7,7,1
270410105,7,7,7,7,7,1
270410110,7,7,7,7,7,1
270410115,7,7,7,7,7,1
270410120,7,7,7,7,7,1
270410125,7,7,7,7,7,1
270410130,7,7,7,7,7,1
270410135,7,7,7,7,7,1
270410140,7,7,7,7,7,1
270410145,7,7,7,7,7,1
270410150,7,7,7,7,7,1
270410155,7,7,7,7,7,1
270410160,7,7,7,7,7,1
270410165,7,7,7,7,7,1
270410170,7,7,7,7,7,1
270410175,7,7,7,7,7,1
270250050,8,8,8,8,8,2
270250060,8,8,8,8,8,2
270250070,8,8,8,8,8,2
270250075,8,8,8,8,8,2
271290055,7,7,7,7,7,1
271290060,7,7,7,7,7,1
271290065,7,7,7,7,7,1
271290070,7,7,7,7,7,1
271290135,7,7,7,7,7,1
271290170,7,7,7,7,7,1
271290175,7,7,7,7,7,1
271290185,7,7,7,7,7,1
270510005,7,7,7,7,7,1
270510030,7,7,7,7,7,1
270510035,7,7,7,7,7,1
270510050,7,7,7,7,7,1
270510055,7,7,7,7,7,1
270510090,7,7,7,7,7,1
270590020,8,8,8,8,8,2
271410005,6,6,6,6,6,2
271410030,6,6,6,6,6,2
271410035,6,6,6,6,6,1
271410040,6,6,6,6,6,1
271410065,6,6,6,6,6,1
271410080,6,6,6,6,6,2
271410085,6,8,6,8,8,2
271410090,6,6,6,6,6,1
271410095,6,6,6,6,6,1
271410100,6,6,6,6,6,1
271410105,6,6,6,6,6,2
271410125,6,8,6,8,6,2
271450005,7,7,7,7,7,1
271450010,7,7,7,7,7,1
271450015,7,7,7,7,7,1
271450020,6,6,6,7,6,1
271450025,6,6,6,6,6,1
271450027,6,6,6,7,6,1
271450030,7,7,7,7,7,1
271450035,6,6,6,6,6,1
271450040,7,7,7,7,7,1
271450042,6,6,6,6,6,1
271450045,6,6,7,6,6,1
271450050,6,6,7,6,6,1
271450055,6,6,7,7,6,1
271450060,7,7,7,7,7,1
271450065,7,7,7,7,7,1
271450070,6,7,6,6,6,1
271450075,7,7,7,7,7,1
271450080,7,7,7,7,7,1
271450085,6,6,6,6,6,1
271450090,7,7,7,7,7,1
271450095,7,7,7,7,7,1
271450100,7,7,7,7,7,1
271450105,7,7,7,7,7,1
271450110,7,7,7,7,7,1
271450115,6,6,6,6,6,1
271450120,6,6,6,6,6,1
271450125,6,6,6,6,6,1
271450130,7,7,7,7,7,1
271450135,7,7,7,7,7,1
271450137,7,7,7,7,7,1
271450140,7,7,7,7,7,1
271450145,6,6,6,6,6,1
271450150,6,6,6,6,6,1
271450155,6,6,6,6,6,1
271450160,6,6,6,6,6,1
271450165,7,7,7,7,7,1
271450170,7,7,7,7,7,1
271450180,7,7,7,7,7,1
271450185,7,7,7,7,7,1
271450190,7,7,7,7,7,1
271450192,6,7,6,6,6,1
271450195,7,7,7,7,7,1
271450200,7,7,7,7,7,1
271450205,7,7,7,7,7,1
271450210,7,7,7,7,7,1
271450215,7,7,7,7,7,1
271450225,7,7,7,7,7,1
271450230,6,6,6,7,6,1
271450235,6,6,6,6,6,1
271450245,7,7,7,7,7,1
271450250,7,7,7,7,7,1
271450255,6,6,6,6,6,1
271450260,6,6,6,6,6,1
271450265,6,6,6,6,6,1
271450270,6,6,6,6,6,1
271450275,6,6,6,6,6,1
271450280,6,6,6,6,6,1
271450285,6,6,6,6,6,1
271450290,6,6,6,6,6,1
271450295,6,6,6,6,6,1
271450305,6,6,6,6,6,1
271450307,6,6,6,6,6,1
271450310,6,6,6,6,6,1
271450312,6,6,6,6,6,1
271450315,6,6,6,6,6,1
271450317,6,6,6,6,6,1
271450320,6,6,6,6,6,1
271450330,6,6,6,6,6,1
271450335,6,6,6,6,6,1
271450340,6,6,6,6,6,1
271450345,6,6,6,6,6,1
271450350,6,6,6,6,6,1
271450355,6,6,6,6,6,1
271450360,6,6,6,6,6,1
271450380,6,6,6,6,6,1
271450385,6,6,6,6,6,1
271450390,6,6,6,6,6,1
271450399,7,7,7,7,7,1
271450400,7,7,7,7,7,1
271450404,7,7,7,7,7,1
271450405,6,6,6,6,6,1
271450410,6,6,6,6,6,1
271450414,6,6,6,6,6,1
271450415,6,6,6,6,6,1
271450416,6,6,6,6,6,1
271450417,6,6,6,6,6,1
271450418,6,6,6,6,6,1
271450419,6,6,6,6,6,1
271450420,7,7,7,7,7,1
271450430,7,7,7,7,7,1
271450434,7,7,7,7,7,1
271450435,7,7,7,7,7,1
271450440,6,6,6,6,6,1
271450441,6,6,6,6,6,1
271450442,6,6,6,6,6,1
271450443,6,6,6,6,6,1
271450445,6,6,7,6,6,1
271450450,7,7,7,7,7,1
271530080,7,7,7,7,7,1
271530085,7,7,7,7,7,1
271490005,7,7,7,7,7,1
271490010,7,7,7,7,7,1
271490015,7,7,7,7,7,1
271490020,7,7,7,7,7,1
271490025,7,7,7,7,7,1
271490030,7,7,7,7,7,1
271490040,7,7,7,7,7,1
271490045,7,7,7,7,7,1
271490050,7,7,7,7,7,1
271490055,7,7,7,7,7,1
271490060,7,7,7,7,7,1
271490065,7,7,7,7,7,1
271490072,7,7,7,7,7,1
271490073,7,7,7,7,7,1
271490075,7,7,7,7,7,1
271490076,7,7,7,7,7,1
271490080,7,7,7,7,7,1
271490081,7,7,7,7,7,1
271490085,7,7,7,7,7,1
271490090,7,7,7,7,7,1
271490095,7,7,7,7,7,1
271490100,7,7,7,7,7,1
271490105,7,7,7,7,7,1
271490110,7,7,7,7,7,1
271490115,7,7,7,7,7,1
271510005,7,7,7,7,7,1
271510010,7,7,7,7,7,1
271510015,7,7,7,7,7,1
271510020,7,7,7,7,7,1
271510025,7,7,7,7,7,1
271510030,7,7,7,7,7,1
271510035,7,7,7,7,7,1
271510040,7,7,7,7,7,1
271510045,7,7,7,7,7,1
271510050,7,7,7,7,7,1
271510055,7,7,7,7,7,1
271510060,7,7,7,7,7,1
271510065,7,7,7,7,7,1
271510070,7,7,7,7,7,1
271510075,7,7,7,7,7,1
271510080,7,7,7,7,7,1
271510085,7,7,7,7,7,1
271510090,7,7,7,7,7,1
271510095,7,7,7,7,7,1
271510100,7,7,7,7,7,1
271510105,7,7,7,7,7,1
271510110,7,7,7,7,7,1
271510115,7,7,7,7,7,1
271510120,7,7,7,7,7,1
271510125,7,7,7,7,7,1
271510130,7,7,7,7,7,1
271510135,7,7,7,7,7,1
271510140,7,7,7,7,7,1
271510145,7,7,7,7,7,1
271510150,7,7,7,7,7,1
271530005,7,7,7,7,7,1
271530010,7,7,7,7,7,1
271530015,7,7,7,7,7,1
271530020,7,7,7,7,7,1
271530025,7,7,7,7,7,1
271530030,7,7,7,7,7,1
271530035,7,7,7,7,7,1
271530040,7,7,7,7,7,1
271530045,7,7,7,7,7,1
271530050,7,7,7,7,7,1
271530055,7,7,7,7,7,1
271530060,7,7,7,7,7,1
271530065,7,7,7,7,8,1
271530070,7,7,7,7,7,1
270590010,8,8,8,8,8,2
270590015,8,8,8,8,8,2
271530075,7,7,7,7,7,1
270590022,8,8,8,8,8,2
270590025,8,8,8,8,8,2
270590030,8,8,8,8,8,2
270590035,8,8,8,8,8,2
270590037,8,8,8,8,8,2
270590040,8,8,8,8,8,2
270590045,8,8,8,8,8,2
270590050,8,8,8,8,8,2
270590055,8,8,8,8,8,2
271530095,7,7,7,7,7,1
271530140,7,7,7,7,7,1
270590065,8,8,8,8,8,2
270590070,8,8,8,8,8,2
271530110,7,7,7,7,7,1
270590080,8,8,8,8,8,2
271530120,7,7,7,7,7,1
271530126,7,7,7,7,7,1
271530135,7,7,7,7,7,1
271530180,7,7,7,7,7,1
270590060,8,8,8,8,8,2
271530155,7,7,7,7,7,1
271530165,7,7,7,7,7,1
271530170,7,7,7,7,7,1
271530173,7,7,7,8,8,1
271530175,7,7,7,7,7,1
271530185,7,7,7,7,7,1
271530188,7,7,7,7,7,1
271530190,7,7,7,7,7,1
271530195,7,7,7,7,7,1
271550005,7,7,7,7,7,1
271550010,7,7,7,7,7,1
271550015,7,7,7,7,7,1
271550020,7,7,7,7,7,1
271550025,7,7,7,7,7,1
271550027,7,7,7,7,7,1
271550030,7,7,7,7,7,1
271550035,7,7,7,7,7,1
271550040,7,7,7,7,7,1
271550050,7,7,7,7,7,1
271550060,7,7,7,7,7,1
271550080,7,7,7,7,7,1
271550085,7,7,7,7,7,1
271550090,7,7,7,7,7,1
271550095,7,7,7,7,7,1
271590005,8,7,8,8,8,1
271590010,8,8,8,8,8,1
271590030,8,8,8,8,8,4
271590032,8,8,8,8,8,4
271590085,8,7,8,7,8,1
271590090,8,8,8,8,8,1
271590095,8,8,8,8,8,1
271590100,8,8,8,7,8,4
271590105,8,8,8,7,8,4
271590110,8,8,8,7,8,1
271590120,8,8,8,8,8,1
270650005,8,8,8,8,8,2
270650010,8,8,8,8,8,2
270650015,8,8,8,8,8,2
270650020,8,8,8,8,8,2
270650025,8,8,8,8,8,2
270650035,8,8,8,8,8,2
270650040,8,8,8,8,8,2
270650045,8,8,8,8,8,2
270650050,8,8,8,8,8,2
270650055,8,8,8,8,8,2
270650060,8,8,8,8,8,2
270650070,8,8,8,8,8,2
270650080,8,8,8,8,8,2
270650085,8,8,8,8,8,4
270650090,8,8,8,8,8,4
270650095,8,8,8,8,8,2
270650100,8,8,8,8,8,2
270650105,8,8,8,8,8,2
270670005,7,7,7,7,7,1
271630105,6,8,8,6,6,2
270670015,7,7,7,7,7,1
270670020,7,7,7,7,7,1
270670025,7,7,7,7,7,1
270670030,7,7,7,7,7,1
271630115,6,6,8,8,6,2
270670040,7,7,7,7,7,1
271630110,6,6,8,8,6,2
271630125,6,6,6,6,6,2
270670055,7,7,7,7,7,1
270670060,7,7,7,7,7,1
270670065,7,7,7,7,7,1
270670070,7,7,7,7,7,1
270670075,7,7,7,7,7,1
270670080,7,7,7,7,7,1
270670085,7,7,7,7,7,1
270670105,7,7,7,7,7,1
270670110,7,7,7,7,7,1
270670115,7,7,7,7,7,1
271630210,6,6,8,6,8,2
271630215,6,6,6,6,8,2
270670120,7,7,7,7,7,1
270670125,7,7,7,7,7,1
270670130,7,7,7,7,7,1
270670135,7,7,7,7,7,1
270670140,7,7,7,7,7,1
270670145,7,7,7,7,7,1
270670150,7,7,7,7,7,1
270670155,7,7,7,7,7,1
270670160,7,7,7,7,7,1
270670165,7,7,7,7,7,1
270670170,7,7,7,7,7,1
270670175,7,7,7,7,7,1
270670180,7,7,7,7,7,1
270670185,7,7,7,7,7,1
270670190,7,7,7,7,7,1
270670195,7,7,7,7,7,1
270670200,7,7,7,7,7,1
270670202,7,7,7,7,7,1
270670205,7,7,7,7,7,1
270670210,7,7,7,7,7,1
270670215,7,7,7,7,7,1
270670220,7,7,7,7,7,1
270670225,7,7,7,7,7,1
270670230,7,7,7,7,7,1
270670235,7,7,7,7,7,1
271630305,6,6,8,6,8,2
270730075,7,7,7,7,7,1
271710010,6,7,6,6,6,1
271710015,6,6,6,6,6,1
270350230,8,8,8,8,8,1
271710045,6,6,6,6,6,1
271530090,7,7,7,7,7,1
270350245,8,8,8,8,8,4
271710090,6,7,6,6,6,1
270350250,8,8,8,8,8,1
270350255,8,8,8,8,8,4
270350260,8,8,8,8,8,2
270350265,8,8,8,8,8,4
271710165,6,6,6,6,6,1
271710170,6,6,6,6,6,1
270350275,8,8,8,8,8,1
270350285,8,8,8,8,8,4
270532248,3,3,3,3,7,1
270532355,3,3,3,3,3,3
270532360,3,3,3,3,3,3
270532365,3,3,3,3,3,3
270532370,3,3,3,3,3,3
270532250,3,3,3,3,3,3
270532385,3,3,3,3,3,3
270532400,3,3,3,3,3,3
270532405,3,3,3,3,3,3
270532410,3,3,3,3,3,3
270532420,3,3,3,3,3,3
270532425,3,3,3,5,3,3
270532430,3,3,3,5,3,3
270532435,3,3,3,3,3,3
270532440,3,3,3,5,3,3
270532445,3,3,3,3,3,3
270532450,3,3,3,3,3,3
271710142,6,6,6,6,6,2
271710150,6,6,6,6,6,1
271710155,6,6,6,6,6,2
271710156,6,6,6,6,6,2
270850010,7,7,7,7,7,1
271710160,6,6,6,6,6,2
270850055,7,7,7,7,7,1
271710175,6,6,6,6,6,1
270850100,7,7,7,7,7,1
270532695,6,6,6,6,6,1
270532710,3,3,3,3,3,2
270532715,3,3,3,3,3,2
270532720,3,3,3,3,7,3
270532725,3,3,3,3,3,3
270532730,3,3,3,3,3,3
270532735,3,3,3,3,3,3
270532755,3,3,3,3,3,3
270850130,7,7,7,7,7,1
270850145,7,7,7,7,7,1
270532780,3,3,3,3,3,3
270850150,7,7,7,7,7,1
271710180,6,6,6,6,6,1
271710185,6,6,6,6,6,1
271710190,6,6,6,6,6,1
270030035,6,6,6,6,6,2
270030045,6,6,6,6,6,2
270030110,6,6,6,6,6,2
270030115,6,6,6,6,6,2
270030205,6,6,6,8,6,2
270532900,3,3,3,3,3,3
270532910,3,3,3,3,3,3
270532925,3,3,3,3,3,3
270030435,6,6,6,6,6,2
270030440,6,6,6,6,6,2
270030510,6,6,6,6,6,2
270030515,6,6,6,6,6,2
270030520,6,6,6,6,6,2
270030525,6,6,6,6,6,2
270030530,6,6,6,6,6,2
270030535,6,6,6,6,6,2
270030540,6,6,6,6,6,2
270030905,6,8,6,6,6,2
270031505,6,6,6,6,6,2
270031510,6,6,6,6,6,2
270031515,6,6,6,6,6,2
270590005,8,8,8,8,8,2
270031815,5,5,5,5,5,5
270031905,6,6,6,6,6,2
270031910,6,6,6,6,6,2
270031915,6,6,6,6,6,2
270031920,6,6,6,6,6,2
270031925,6,6,6,6,6,2
270031930,6,6,6,6,6,2
270590057,8,8,8,8,8,2
270590075,8,8,8,8,8,2
270032310,6,6,6,6,6,2
270032405,6,6,6,6,6,2
270032410,6,6,6,6,6,2
270032505,6,6,6,8,6,2
270032510,6,6,6,6,6,2
270032515,6,6,6,6,6,2
270032520,6,6,6,6,6,2
270032610,6,6,6,6,6,2
270032705,6,6,6,6,6,2
270032710,6,6,6,6,6,2
270032805,6,6,6,6,6,2
270032810,6,6,6,6,6,2
270032905,6,6,6,6,6,2
270033005,6,8,6,6,6,2
270033010,6,8,6,8,6,2
270530205,5,5,5,5,5,5
270530210,3,5,5,5,5,5
270530215,3,5,5,3,5,5
270530220,5,5,5,5,5,5
270530300,3,3,3,5,3,5
270530305,3,3,3,5,3,5
270530310,3,3,3,3,3,5
270530315,3,3,3,3,3,5
270530320,3,3,3,3,3,5
270530325,3,3,3,3,3,5
270530330,3,3,3,3,3,5
270530340,3,3,3,5,3,5
270530345,3,3,3,5,3,5
270530355,3,3,3,5,3,5
270530375,3,3,3,5,3,5
270530395,3,3,3,3,3,5
271710145,6,6,6,6,6,3
270530400,3,3,3,3,3,5
270530405,3,3,3,3,3,5
270530410,3,3,3,3,3,5
270530415,3,3,3,3,3,5
270530420,3,3,3,3,3,2
270530455,3,3,3,3,3,2
270530460,3,3,3,3,3,2
270530485,3,3,3,3,3,3
270530490,3,3,3,3,3,3
270530500,3,3,3,3,3,3
270530505,3,3,3,3,3,3
270530640,3,3,3,3,3,2
270530645,3,6,3,3,3,2
270530650,3,3,3,3,3,2
270530675,3,3,3,3,3,3
270530680,3,3,3,3,3,3
270530710,3,3,3,3,3,3
270530715,3,3,3,3,3,3
270530730,3,3,3,3,3,3
270530775,3,3,3,3,3,3
270530780,3,3,3,3,3,3
270530965,3,3,3,3,3,3
270531050,3,6,3,3,3,3
270531065,3,3,3,3,3,3
270531080,6,6,6,3,6,2
270531150,3,3,3,3,3,3
270531160,3,3,3,3,3,3
270531170,3,3,3,3,3,3
270531190,3,3,3,3,3,3
270531195,3,3,3,3,3,3
270531200,3,3,3,3,3,3
270531205,3,3,3,3,3,2
270531210,3,3,3,3,3,2
270531215,3,3,3,3,3,3
270531220,3,3,3,3,3,3
270531225,3,3,3,3,3,3
270531230,3,3,3,3,3,3
270531235,3,3,3,3,3,3
270531240,3,3,3,3,3,3
270531245,3,3,3,3,3,3
271710111,6,7,6,6,6,1
270531260,3,3,3,5,3,3
270531265,3,3,3,5,3,3
270531270,3,3,3,5,3,3
270531275,3,3,3,3,3,3
270531280,3,3,3,3,3,3
270531285,3,3,3,3,3,3
270531290,3,3,3,3,3,3
270531295,3,3,3,3,3,3
270531300,3,3,3,3,3,3
270531305,3,3,3,3,3,3
270531335,3,3,3,3,3,3
270531350,3,3,3,3,3,3
270531355,3,3,3,3,3,3
271710115,6,6,6,6,6,1
271710140,6,6,6,6,6,2
271390045,2,2,2,2,2,3
271710120,6,7,6,6,6,1
271390119,2,2,2,3,2,3
271390135,2,2,2,2,2,3
271390136,2,2,2,2,2,3
271410010,6,6,6,6,6,2
271410015,6,6,6,6,6,2
271410020,6,6,6,6,6,2
271410022,6,6,6,6,6,2
271410024,6,6,6,6,6,2
271410025,6,6,6,6,6,2
271410045,6,6,6,6,6,2
271410050,6,6,6,6,6,2
271410055,6,6,6,6,6,2
271410060,6,6,6,6,6,2
271410070,6,6,6,8,6,2
271410075,6,6,6,6,6,2
271410110,6,6,6,8,6,2
271410111,6,6,6,8,6,2
271410120,6,6,6,6,6,2
271410121,6,6,6,6,6,2
271410122,6,6,6,6,6,2
271410130,6,6,6,6,6,2
271410135,6,6,6,6,6,2
271410140,6,6,6,6,6,2
271410145,6,6,6,6,6,2
271410150,6,6,6,6,6,2
271410155,6,6,6,8,6,2
271710075,6,6,6,6,6,3
271710005,6,6,6,6,6,2
271710020,6,6,6,6,6,2
271710025,6,6,6,6,6,2
271710030,6,6,6,6,6,2
271710031,6,6,6,6,6,2
271710035,6,6,6,6,6,2
271710040,6,6,6,6,6,2
271710050,6,6,6,6,6,1
271710055,6,6,6,6,6,1
270190010,6,6,6,6,6,1
271710060,6,7,6,6,6,1
270190020,3,3,3,3,3,3
270190025,3,3,3,3,3,3
270190030,3,3,3,3,3,3
270190035,3,3,3,3,3,3
270190036,3,3,3,3,3,3
270190037,3,3,3,3,3,3
270190038,3,3,3,3,3,3
271710065,6,7,6,6,6,1
271710070,6,6,6,6,6,2
270190050,7,3,3,3,3,3
270190055,7,3,3,3,3,3
271710085,6,6,6,6,6,3
271710095,6,6,6,6,6,2
271710096,6,6,6,6,6,2
271710100,6,7,6,6,6,1
271710105,6,6,6,6,6,1
270190085,6,7,6,6,6,1
271710110,6,6,6,6,6,1
270190095,6,7,6,6,6,1
270190100,6,6,6,6,6,1
270532160,3,3,3,3,3,3
270532165,3,3,3,3,3,3
270190112,3,3,3,3,3,3
270190115,3,3,3,3,7,3
270190117,7,3,3,3,7,3
270532185,3,3,3,3,3,3
270532190,3,3,3,3,3,3
271710125,6,6,6,6,6,2
271710130,6,6,6,6,6,2
270190135,6,6,6,6,6,3
270190140,6,6,6,6,6,1
270532230,3,3,3,3,3,3
270532240,3,3,3,3,3,3
270532245,3,6,3,3,3,1
270532247,3,3,3,3,3,3
270532255,3,3,3,3,3,3
270532260,3,3,3,3,3,3
270532265,3,3,3,3,3,1
271710135,6,6,6,6,6,1
271710141,6,6,6,6,6,2
