VTD,COURT_ORDERED,PLAN1,PLAN2,PLAN3,PLAN4,PLAN5,PLAN6
270010005,8,1,2,1,1,2,4
270010010,8,1,2,1,1,2,4
270010015,8,1,2,1,1,2,4
270010020,8,1,2,1,1,2,4
270010025,8,1,2,1,1,2,4
270010030,8,1,2,1,1,2,4
270010035,8,1,2,1,1,2,4
270010038,8,1,2,1,1,2,4
270010040,8,1,2,1,1,2,4
270010045,8,1,2,1,1,2,4
270010050,8,1,2,1,1,2,4
270010055,8,1,2,1,1,2,4
270010060,8,1,2,1,1,4,4
270010065,8,1,2,1,1,2,1
270010070,8,1,2,1,1,2,1
270010075,8,1,2,1,1,4,4
270010080,8,1,2,1,1,2,4
270010082,8,1,2,1,1,4,4
270010085,8,1,2,1,1,2,4
270010090,8,1,2,1,1,4,4
270010095,8,1,2,1,1,2,4
270010100,8,1,2,1,1,2,4
270010105,8,1,2,1,1,2,4
270010110,8,1,2,1,1,2,4
270010115,8,1,2,1,1,4,4
270010120,8,1,2,1,1,2,4
270010125,8,1,2,1,1,2,4
270010130,8,1,2,1,1,2,1
270010132,8,1,2,1,1,4,4
270010135,8,1,2,1,1,4,4
270010140,8,1,2,1,1,2,4
270010145,8,1,2,1,1,2,4
270010150,8,1,2,1,1,2,4
270010155,8,1,2,1,1,4,4
270010160,8,1,2,1,1,2,4
270010165,8,1,2,1,1,2,4
270010170,8,1,2,1,1,4,4
270010175,8,1,2,1,1,2,4
270010180,8,1,2,1,1,2,4
270010185,8,1,2,1,1,2,4
270010190,8,1,2,1,1,2,4
270010195,8,1,2,1,1,2,4
270010200,8,1,2,1,1,2,4
270010205,8,1,2,1,1,4,4
270010210,8,1,2,1,1,2,4
270010215,8,1,2,1,1,4,4
270010220,8,1,2,1,1,4,4
270010225,8,1,2,1,1,4,4
270010230,8,1,2,1,1,2,4
270010240,8,1,2,1,1,2,4
270010241,8,1,2,1,1,2,4
270010255,8,1,2,1,1,2,4
270010260,8,1,2,1,1,2,4
270010285,8,1,2,1,1,2,1
270010290,8,1,2,1,1,2,4
270030005,6,2,1,8,2,4,4
270030010,6,2,1,8,2,4,4
270030015,6,2,1,8,2,4,4
270030020,6,2,1,8,2,4,4
270030025,6,2,1,8,2,4,4
270030030,6,2,1,8,2,4,4
270030035,6,2,1,8,2,4,4
270030040,6,2,1,8,2,4,4
270030045,6,2,1,8,2,4,4
270030050,6,2,1,8,2,4,4
270030105,3,2,1,8,2,4,3
270030110,3,2,1,8,2,4,3
270030115,3,2,1,8,2,4,3
270030120,3,2,1,8,2,4,3
270030125,3,2,1,8,2,4,3
270030130,3,2,1,8,2,4,3
270030135,3,2,1,8,2,4,4
270030140,3,2,1,8,2,4,3
270030205,6,2,1,8,2,4,4
270030305,6,2,1,8,2,7,6
270030310,6,2,1,8,2,4,6
270030315,6,2,1,8,2,7,6
270030320,6,2,1,8,2,7,6
270030325,6,2,1,8,2,4,4
270030330,6,2,1,8,2,4,4
270030335,6,2,1,8,2,4,4
270030340,6,2,1,8,2,4,4
270030405,6,2,1,8,2,4,6
270030410,6,2,1,8,2,4,6
270030415,6,2,1,8,2,4,6
270030420,6,2,1,8,2,4,6
270030425,6,2,1,8,2,4,6
270030430,6,2,1,8,2,4,4
270030435,6,2,1,8,2,4,6
270030440,6,2,1,8,2,4,4
270030505,6,2,1,8,2,4,6
270030510,6,2,1,8,2,4,6
270030515,6,2,1,8,2,4,4
270030520,6,2,1,8,2,4,4
270030525,6,2,1,8,2,4,4
270030530,6,2,1,8,2,4,4
270030535,6,2,1,8,2,4,4
270030540,6,2,1,8,2,4,4
270030605,6,2,1,8,2,4,4
270030705,6,2,1,8,2,4,4
270030710,6,2,1,8,2,4,4
270030805,5,2,1,8,2,7,6
270030810,5,2,1,8,2,7,6
270030815,5,2,1,8,2,7,6
270030820,5,2,1,8,2,7,6
270030825,5,2,1,8,2,7,6
270030830,5,2,1,8,2,7,6
270030835,5,2,1,8,2,7,6
270030840,5,2,1,8,2,7,6
270030905,6,2,1,8,2,4,4
270031005,3,2,1,8,2,4,3
270031010,3,2,1,8,2,4,4
270031015,3,2,1,8,2,4,3
270031020,3,2,1,8,2,4,4
270031105,3,2,1,8,2,4,4
270031110,3,2,1,8,2,4,4
270031115,3,2,1,8,2,4,6
270031120,3,2,1,8,2,4,6
270031125,3,2,1,8,2,4,4
270031205,3,2,1,8,2,4,3
270031210,3,2,1,8,2,4,3
270031215,3,2,1,8,2,7,6
270031220,3,2,1,8,2,7,3
270031305,3,2,1,8,2,4,3
270031310,3,2,1,8,2,4,3
270031315,3,2,1,8,2,4,3
270031320,3,2,1,8,2,7,6
270031405,3,2,1,8,2,4,6
270031410,3,2,1,8,2,4,6
270031415,3,2,1,8,2,4,3
270031420,3,2,1,8,2,7,6
270031425,3,2,1,8,2,7,6
270031505,6,2,1,8,2,4,4
270031510,6,2,1,8,2,4,4
270031515,6,2,1,8,2,4,4
270031605,5,2,1,8,2,7,6
270031610,5,2,1,8,2,7,6
270031615,5,2,1,8,2,7,6
270031620,5,2,1,8,2,7,6
270031705,5,2,1,8,2,7,6
270031710,5,2,1,8,2,7,6
270031715,5,2,1,8,2,7,6
270031720,5,2,1,8,2,7,6
270031805,5,2,1,8,2,7,6
270031810,5,2,1,8,2,7,6
270031815,5,2,1,8,2,7,6
270031820,5,2,1,8,2,7,6
270031905,6,2,1,8,2,4,4
270031910,6,2,1,8,2,4,4
270031915,6,2,1,8,2,4,4
270031920,6,2,1,8,2,4,4
270031925,6,2,1,8,2,4,4
270031930,6,2,1,8,2,4,4
270032005,5,2,1,8,2,7,6
270032105,6,2,1,8,2,4,4
270032205,6,2,1,8,2,4,4
270032210,6,2,1,8,2,4,4
270032215,6,2,1,8,2,4,4
270032220,6,2,1,8,2,4,4
270032225,6,2,1,8,2,4,4
270032230,6,2,1,8,2,4,4
270032235,6,2,1,8,2,4,4
270032305,6,2,1,8,2,4,4
270032310,6,2,1,8,2,4,4
270032405,6,2,1,8,2,4,3
270032410,6,2,1,8,2,4,4
270032505,6,2,1,8,2,4,4
270032510,6,2,1,8,2,4,4
270032515,6,2,1,8,2,4,4
270032520,6,2,1,8,2,4,4
270032605,6,2,1,8,2,4,4
270032610,6,2,1,8,2,4,3
270032705,6,2,1,8,2,4,4
270032710,6,2,1,8,2,4,4
270032805,6,2,1,8,2,4,3
270032810,6,2,1,8,2,4,3
270032905,6,2,1,8,2,4,4
270032910,6,2,1,8,2,4,4
270033005,6,2,1,8,2,4,3
270033010,6,2,1,8,2,4,4
270033105,5,2,1,8,2,7,6
270033110,5,2,1,8,2,7,6
270033115,5,2,1,8,2,7,6
270050005,7,1,3,2,1,2,1
270050010,7,1,3,2,1,2,1
270050015,7,1,3,2,1,2,1
270050020,7,1,3,2,1,2,1
270050025,8,1,3,2,1,2,1
270050030,8,1,3,2,1,2,1
270050035,7,1,3,2,1,2,1
270050040,7,1,3,2,1,2,7
270050045,7,1,3,2,1,2,1
270050050,7,1,3,2,1,2,1
270050051,7,1,3,2,1,2,1
270050052,7,1,3,2,1,2,1
270050055,7,1,3,2,1,2,1
270050065,7,1,3,2,1,2,1
270050075,7,1,3,2,1,2,1
270050082,8,1,3,2,1,2,1
270050085,7,1,3,2,1,2,1
270050090,7,1,3,2,1,2,1
270050095,8,1,3,2,1,2,1
270050100,7,1,3,2,1,2,1
270050105,7,1,3,2,1,2,1
270050110,7,1,3,2,1,2,1
270050115,7,1,3,2,1,2,1
270050120,7,1,3,2,1,2,1
270050125,7,1,3,2,1,2,7
270050130,7,1,3,2,1,2,1
270050135,7,1,3,2,1,2,1
270050140,7,1,3,2,1,2,1
270050145,8,1,3,2,1,2,1
270050150,8,1,3,2,1,2,1
270050155,7,1,3,2,1,2,1
270050160,8,1,3,2,1,2,1
270050165,8,1,3,2,1,2,1
270050170,7,1,3,2,1,2,1
270050175,8,1,3,2,1,2,1
270050180,7,1,3,2,1,2,1
270050185,8,1,3,2,1,2,1
270050190,7,1,3,2,1,2,1
270050195,7,1,3,2,1,2,1
270050200,8,1,3,2,1,2,1
270050205,7,1,3,2,1,2,1
270050210,8,1,3,2,1,2,1
270050215,7,1,3,2,1,2,1
270050220,8,1,3,2,1,2,1
270050225,7,1,3,2,1,2,1
270050230,8,1,3,2,1,2,1
270050235,7,1,3,2,1,2,1
270050240,7,1,3,2,1,2,1
270070005,8,1,2,1,1,2,1
270070010,8,1,2,1,1,2,1
270070015,8,1,2,1,1,2,1
270070020,8,1,2,1,1,2,1
270070025,8,1,2,1,1,2,1
270070030,8,1,2,1,1,2,1
270070032,8,1,2,1,1,2,1
270070035,8,1,2,1,1,2,1
270070040,8,1,2,1,1,2,1
270070045,8,1,2,1,1,2,1
270070050,8,1,2,1,1,2,1
270070055,8,1,2,1,1,2,1
270070060,8,1,2,1,1,2,1
270070065,8,1,2,1,1,2,1
270070070,8,1,2,1,1,2,1
270070075,8,1,2,1,1,2,1
270070080,8,1,2,1,1,2,1
270070085,8,1,2,1,1,2,1
270070090,8,1,2,1,1,2,1
270070095,8,1,2,1,1,2,1
270070100,8,1,2,1,1,2,1
270070105,8,1,2,1,1,2,1
270070110,8,1,2,1,1,2,1
270070115,8,1,2,1,1,2,1
270070120,8,1,2,1,1,2,1
270070125,8,1,2,1,1,2,1
270070130,8,1,2,1,1,2,1
270070135,8,1,2,1,1,2,1
270070140,8,1,2,1,1,2,1
270070145,8,1,2,1,1,2,1
270070150,8,1,2,1,1,2,1
270070155,8,1,2,1,1,2,1
270070160,8,1,2,1,1,2,1
270070165,8,1,2,1,1,2,1
270070170,8,1,2,1,1,2,1
270070172,8,1,2,1,1,2,1
270070175,8,1,2,1,1,2,1
270070180,8,1,2,1,1,2,1
270070185,8,1,2,1,1,2,1
270070190,8,1,2,1,1,2,1
270070195,8,1,2,1,1,2,1
270070200,8,1,2,1,1,2,1
270070202,8,1,2,1,1,2,1
270070205,8,1,2,1,1,2,1
270070210,8,1,2,1,1,2,1
270070215,8,1,2,1,1,2,1
270070220,8,1,2,1,1,2,1
270070225,8,1,2,1,1,2,1
270070230,8,1,2,1,1,2,1
270070235,8,1,2,1,1,2,1
270070240,8,1,2,1,1,2,1
270070245,8,1,2,1,1,2,1
270070250,8,1,2,1,1,2,1
270070255,8,1,2,1,1,2,1
270070260,8,1,2,1,1,2,1
270070265,8,1,2,1,1,2,1
270070270,8,1,2,1,1,2,1
270070275,8,1,2,1,1,2,1
270070276,8,1,2,1,1,2,1
270070280,8,1,2,1,1,2,1
270070285,8,1,2,1,1,2,1
270070290,8,1,2,1,1,2,1
270070295,8,1,2,1,1,2,1
270070300,8,1,2,1,1,2,1
270090005,6,1,2,2,7,4,3
270090010,6,1,2,2,7,4,3
270090015,6,1,2,2,7,4,3
270090020,6,1,2,2,7,4,3
270090025,6,1,2,2,7,4,3
270090030,6,1,2,2,7,3,3
270090035,6,1,2,2,7,4,3
270090040,6,1,2,2,7,3,3
270090045,6,1,2,2,7,3,7
270090050,6,1,2,2,7,4,3
270090055,6,1,2,2,7,3,3
270090056,6,1,2,2,7,3,7
270090060,6,1,2,2,7,3,7
270090067,6,1,2,2,7,3,3
270090070,6,1,2,2,7,3,3
270090080,6,1,2,2,7,3,7
270090085,6,1,2,2,7,3,7
270090090,6,1,2,2,7,4,3
270090095,6,1,2,2,7,3,7
270090100,6,1,2,2,7,3,7
270090105,6,1,2,2,7,3,7
270090110,6,1,2,2,7,3,7
270090111,6,1,2,2,7,3,7
270090112,6,1,2,2,7,3,7
270090113,6,1,2,2,7,3,3
270090115,6,1,2,2,7,3,7
270090120,6,1,2,2,7,3,7
270110005,7,3,3,2,7,3,7
270110010,7,3,3,2,7,3,7
270110015,7,3,3,2,7,3,7
270110020,7,3,3,2,7,3,7
270110025,7,3,3,2,7,3,7
270110030,7,3,3,2,7,3,7
270110031,7,3,3,2,7,3,7
270110035,7,3,3,2,7,3,7
270110040,7,3,3,2,7,3,7
270110045,7,3,3,2,7,3,7
270110050,7,3,3,2,7,3,7
270110055,7,3,3,2,7,3,7
270110056,7,3,3,2,7,3,7
270110060,7,3,3,2,7,3,7
270110065,7,3,3,2,7,3,7
270110070,7,3,3,2,7,3,7
270110075,7,3,3,2,7,3,7
270110080,7,3,3,2,7,3,7
270110085,7,3,3,2,7,3,7
270110086,7,3,3,2,7,3,7
270110090,7,3,3,2,7,3,7
270110095,7,3,3,2,7,3,7
270110100,7,3,3,2,7,3,7
270130005,1,7,4,3,3,1,2
270130010,1,7,4,3,3,1,2
270130015,1,7,4,3,3,1,2
270130020,1,7,4,3,3,1,2
270130025,1,7,4,3,3,1,2
270130030,1,7,4,3,3,1,2
270130035,1,7,4,3,3,1,2
270130040,1,7,4,3,3,1,2
270130045,1,7,4,3,3,1,2
270130050,1,7,4,3,3,1,2
270130055,1,7,4,3,3,1,2
270130060,1,7,4,3,3,1,2
270130065,1,7,4,3,3,1,2
270130070,1,7,4,3,3,1,2
270130075,1,7,4,3,3,1,2
270130080,1,7,4,3,3,1,2
270130085,1,7,4,3,3,1,2
270130090,1,7,4,3,3,1,2
270130095,1,7,4,3,3,1,2
270130100,1,7,4,3,3,1,2
270130105,1,7,4,3,3,1,2
270130106,1,7,4,3,3,1,2
270130110,1,7,4,3,3,1,2
270130115,1,7,4,3,3,1,2
270130120,1,7,4,3,3,1,2
270130125,1,7,4,3,3,1,2
270130130,1,7,4,3,3,1,2
270130135,1,7,4,3,3,1,2
270130140,1,7,4,3,3,1,2
270130142,1,7,4,3,3,1,2
270130145,1,7,4,3,3,1,2
270130150,1,7,4,3,3,1,2
270130155,1,7,4,3,3,1,2
270130160,1,7,4,3,3,1,2
270130165,1,7,4,3,3,1,2
270130170,1,7,4,3,3,1,2
270130175,1,7,4,3,3,1,2
270130195,1,7,4,3,3,1,2
270130197,1,7,4,3,3,1,2
270130200,1,7,4,3,3,1,2
270130205,1,7,4,3,3,1,2
270130210,1,7,4,3,3,1,2
270130212,1,7,4,3,3,1,2
270130215,1,7,4,3,3,1,2
270130220,1,7,4,3,3,1,2
270130225,1,7,4,3,3,1,2
270130230,1,7,4,3,3,1,2
270130235,1,7,4,3,3,1,2
270130240,1,7,4,3,3,1,2
270130245,1,7,4,3,3,1,2
270130250,1,7,4,3,3,1,2
270130255,1,7,4,3,3,1,2
270130260,1,7,4,3,3,1,2
270150005,1,7,3,3,3,1,2
270150010,7,7,3,3,3,1,2
270150015,7,7,3,3,3,1,2
270150020,7,7,3,3,3,3,2
270150025,7,7,3,3,3,1,2
270150030,1,7,3,3,3,1,2
270150035,1,7,3,3,3,3,7
270150040,1,7,3,3,3,3,2
270150045,1,7,3,3,3,1,2
270150050,1,7,3,3,3,3,7
270150055,1,7,3,3,3,1,2
270150060,7,7,3,3,3,1,2
270150065,1,7,3,3,3,1,2
270150070,1,7,3,3,3,3,7
270150075,7,7,3,3,3,1,2
270150080,1,7,3,3,3,1,2
270150085,1,7,3,3,3,1,2
270150090,1,7,3,3,3,1,2
270150095,1,7,3,3,3,3,2
270150100,1,7,3,3,3,3,7
270150105,1,7,3,3,3,1,2
270150110,1,7,3,3,3,1,7
270150115,1,7,3,3,3,1,7
270150120,7,7,3,3,3,1,2
270150125,1,7,3,3,3,3,2
270150130,1,7,3,3,3,1,2
270150135,1,7,3,3,3,3,7
270150140,1,7,3,3,3,3,7
270150145,7,7,3,3,3,1,2
270150150,7,7,3,3,3,1,2
270150155,1,7,3,3,3,1,7
270150160,7,7,3,3,3,1,7
270170005,8,2,1,1,1,2,4
270170010,8,2,1,1,1,2,4
270170015,8,2,1,1,1,2,4
270170020,8,2,1,1,1,2,4
270170025,8,2,1,1,1,2,4
270170030,8,2,1,1,1,2,4
270170035,8,2,1,1,1,2,4
270170040,8,2,1,1,1,2,4
270170045,8,2,1,1,1,2,4
270170050,8,2,1,1,1,2,4
270170055,8,2,1,1,1,2,4
270170060,8,2,1,1,1,2,4
270170065,8,2,1,1,1,2,4
270170068,8,2,1,1,1,2,4
270170070,8,2,1,1,1,2,4
270170075,8,2,1,1,1,2,4
270170080,8,2,1,1,1,2,4
270170085,8,2,1,1,1,2,4
270170090,8,2,1,1,1,2,4
270170095,8,2,1,1,1,2,4
270170100,8,2,1,1,1,2,4
270170105,8,2,1,1,1,2,4
270170110,8,2,1,1,1,2,4
270170115,8,2,1,1,1,2,4
270170118,8,2,1,1,1,2,4
270170120,8,2,1,1,1,2,4
270170125,8,2,1,1,1,2,4
270170130,8,2,1,1,1,2,4
270170135,8,2,1,1,1,2,4
270170140,8,2,1,1,1,2,4
270170145,8,2,1,1,1,2,4
270170150,8,2,1,1,1,2,4
270170155,8,2,1,1,1,2,4
270170165,8,2,1,1,1,2,4
270170170,8,2,1,1,1,2,4
270170175,8,2,1,1,1,2,4
270170180,8,2,1,1,1,2,4
270170185,8,2,1,1,1,2,4
270190005,6,7,3,8,4,3,2
270190010,6,7,3,8,4,3,2
270190015,6,7,3,8,4,6,2
270190020,6,7,3,8,4,6,7
270190025,6,7,3,8,4,6,7
270190030,6,7,3,8,4,6,3
270190035,6,7,3,8,4,6,3
270190036,6,7,3,8,4,6,3
270190037,6,7,3,8,4,6,7
270190038,6,7,3,8,4,6,7
270190040,6,7,3,8,4,6,7
270190045,6,7,3,8,4,6,3
270190050,6,7,3,8,4,6,7
270190055,6,7,3,8,4,6,7
270190065,6,7,3,8,4,3,2
270190070,6,7,3,8,4,6,7
270190072,6,7,3,8,4,6,7
270190075,6,7,3,8,4,3,2
270190080,6,7,3,8,4,3,2
270190085,6,7,3,8,4,3,2
270190090,6,7,3,8,4,6,7
270190095,6,7,3,8,4,3,7
270190100,6,7,3,8,4,3,2
270190105,6,7,3,8,4,3,2
270190110,6,7,3,8,4,6,2
270190112,6,7,3,8,4,6,3
270190115,6,7,3,8,4,6,3
270190117,6,7,3,8,4,6,3
270190119,6,7,3,8,4,6,3
270190120,6,7,3,8,4,3,7
270190125,6,7,3,8,4,3,7
270190130,6,7,3,8,4,3,7
270190135,6,7,3,8,4,3,7
270190140,6,7,3,8,4,3,7
270190150,6,7,3,8,4,3,2
270210005,8,1,2,1,1,2,1
270210010,8,1,2,1,1,2,1
270210015,8,1,2,1,1,2,1
270210020,8,1,2,1,1,2,1
270210025,8,1,2,1,1,2,1
270210030,8,1,2,1,1,2,4
270210035,8,1,2,1,1,2,1
270210040,8,1,2,1,1,2,1
270210045,8,1,2,1,1,2,1
270210050,8,1,2,1,1,2,1
270210055,8,1,2,1,1,2,1
270210060,8,1,2,1,1,2,1
270210065,8,1,2,1,1,2,1
270210070,8,1,2,1,1,2,1
270210075,8,1,2,1,1,2,1
270210080,8,1,2,1,1,2,1
270210085,8,1,2,1,1,2,4
270210090,8,1,2,1,1,2,1
270210095,8,1,2,1,1,2,1
270210100,8,1,2,1,1,2,1
270210105,8,1,2,1,1,2,1
270210110,8,1,2,1,1,2,1
270210115,8,1,2,1,1,2,1
270210118,8,1,2,1,1,2,1
270210120,8,1,2,1,1,2,1
270210125,8,1,2,1,1,2,1
270210130,8,1,2,1,1,2,1
270210135,8,1,2,1,1,2,1
270210140,8,1,2,1,1,2,1
270210145,8,1,2,1,1,2,1
270210150,8,1,2,1,1,2,1
270210155,8,1,2,1,1,2,1
270210160,8,1,2,1,1,2,1
270210165,8,1,2,1,1,2,1
270210170,8,1,2,1,1,2,1
270210175,8,1,2,1,1,2,1
270210180,8,1,2,1,1,2,1
270210185,8,1,2,1,1,2,1
270210187,8,1,2,1,1,2,1
270210188,8,1,2,1,1,2,1
270210190,8,1,2,1,1,2,1
270210195,8,1,2,1,1,3,1
270210200,8,1,2,1,1,2,1
270210205,8,1,2,1,1,2,1
270210210,8,1,2,1,1,2,1
270210215,8,1,2,1,1,2,1
270210220,8,1,2,1,1,2,1
270210225,8,1,2,1,1,2,1
270210230,8,1,2,1,1,2,1
270210235,8,1,2,1,1,2,1
270210237,8,1,2,1,1,2,1
270210240,8,1,2,1,1,2,1
270210245,8,1,2,1,1,2,1
270210247,8,1,2,1,1,2,1
270210250,8,1,2,1,1,2,1
270210252,8,1,2,1,1,2,1
270210255,8,1,2,1,1,2,1
270210260,8,1,2,1,1,2,1
270210262,8,1,2,1,1,2,1
270210265,8,1,2,1,1,3,1
270210270,8,1,2,1,1,2,1
270210275,8,1,2,1,1,2,1
270210280,8,1,2,1,1,2,1
270210285,8,1,2,1,1,2,1
270210290,8,1,2,1,1,2,1
270210295,8,1,2,1,1,2,1
270210300,8,1,2,1,1,2,1
270210305,8,1,2,1,1,2,1
270210310,8,1,2,1,1,2,1
270210312,8,1,2,1,1,2,1
270210315,8,1,2,1,1,2,1
270210317,8,1,2,1,1,2,1
270210320,8,1,2,1,1,2,1
270230005,7,3,3,2,7,3,7
270230010,7,3,3,2,7,3,1
270230015,7,3,3,2,7,3,7
270230020,7,3,3,2,7,3,7
270230025,7,3,3,2,7,3,7
270230030,7,3,3,2,7,3,7
270230032,7,3,3,2,7,3,7
270230035,7,3,3,2,7,3,7
270230040,7,3,3,2,7,3,7
270230045,7,3,3,2,7,3,7
270230050,7,3,3,2,7,3,1
270230055,7,3,3,2,7,3,7
270230060,7,3,3,2,7,3,7
270230065,7,3,3,2,7,3,1
270230070,7,3,3,2,7,3,7
270230075,7,3,3,2,7,3,7
270230090,7,3,3,2,7,3,7
270230100,7,3,3,2,7,3,1
270230105,7,3,3,2,7,3,1
270230110,7,3,3,2,7,3,7
270230115,7,3,3,2,7,3,7
270230120,7,3,3,2,7,3,1
270230125,7,3,3,2,7,3,7
270230130,7,3,3,2,7,3,7
270230135,7,3,3,2,7,3,1
270250005,8,2,1,6,2,4,4
270250015,8,2,1,6,2,4,4
270250020,8,2,1,6,2,4,4
270250025,8,2,1,6,2,4,4
270250030,8,2,1,6,2,4,4
270250035,8,2,1,6,2,4,3
270250040,8,2,1,6,2,4,4
270250045,8,2,1,6,2,4,4
270250050,8,2,1,6,2,4,4
270250055,8,2,1,6,2,4,4
270250060,8,2,1,6,2,4,4
270250065,8,2,1,6,2,4,4
270250066,8,2,1,6,2,4,4
270250067,8,2,1,6,2,4,4
270250070,8,2,1,6,2,4,4
270250075,8,2,1,6,2,4,4
270250080,8,2,1,6,2,4,4
270250085,8,2,1,6,2,4,4
270250086,8,2,1,6,2,4,4
270250090,8,2,1,6,2,4,4
270250095,8,2,1,6,2,4,4
270250100,8,2,1,6,2,4,4
270250105,8,2,1,6,2,4,4
270270005,7,3,3,2,1,2,7
270270010,7,3,3,2,1,2,7
270270015,7,3,3,2,1,2,7
270270020,7,3,3,2,1,2,7
270270025,7,3,3,2,1,2,7
270270030,7,3,3,2,1,2,7
270270035,7,3,3,2,1,2,1
270270040,7,3,3,2,1,2,1
270270045,7,3,3,2,1,2,1
270270050,7,3,3,2,1,2,1
270270055,7,3,3,2,1,2,1
270270060,7,3,3,2,1,2,1
270270065,7,3,3,2,1,2,1
270270070,7,3,3,2,1,2,1
270270075,7,3,3,2,1,2,1
270270080,7,3,3,2,1,2,1
270270085,7,3,3,2,1,2,1
270270090,7,3,3,2,1,2,1
270270095,7,3,3,2,1,2,1
270270100,7,3,3,2,1,2,1
270270105,7,3,3,2,1,2,1
270270110,7,3,3,2,1,2,1
270270115,7,3,3,2,1,2,1
270270120,7,3,3,2,1,2,1
270270125,7,3,3,2,1,2,7
270270130,7,3,3,2,1,2,7
270270135,7,3,3,2,1,2,1
270270140,7,3,3,2,1,2,1
270270145,7,3,3,2,1,2,7
270270150,7,3,3,2,1,2,1
270270155,7,3,3,2,1,2,1
270270157,7,3,3,2,1,2,1
270270160,7,3,3,2,1,2,1
270270165,7,3,3,2,1,2,1
270270170,7,3,3,2,1,2,1
270270175,7,3,3,2,1,2,1
270270180,7,3,3,2,1,2,1
270270185,7,3,3,2,1,2,1
270270190,7,3,3,2,1,2,1
270270195,7,3,3,2,1,2,1
270270200,7,3,3,2,1,2,1
270270205,7,3,3,2,1,2,1
270270210,7,3,3,2,1,2,1
270270212,7,3,3,2,1,2,1
270270214,7,3,3,2,1,2,1
270270215,7,3,3,2,1,2,1
270270217,7,3,3,2,1,2,1
270270220,7,3,3,2,1,2,1
270270225,7,3,3,2,1,2,1
270270230,7,3,3,2,1,2,7
270270235,7,3,3,2,1,2,1
270270240,7,3,3,2,1,2,1
270270245,7,3,3,2,1,2,7
270270250,7,3,3,2,1,2,1
270270255,7,3,3,2,1,2,7
270270260,7,3,3,2,1,2,1
270270265,7,3,3,2,1,2,1
270270270,7,3,3,2,1,2,1
270290005,8,1,3,1,1,2,1
270290010,8,1,3,1,1,2,1
270290015,8,1,3,1,1,2,1
270290020,8,1,3,1,1,2,1
270290025,8,1,3,1,1,2,1
270290030,8,1,3,1,1,2,1
270290035,8,1,3,1,1,2,1
270290040,8,1,3,1,1,2,1
270290045,8,1,3,1,1,2,1
270290050,8,1,3,1,1,2,1
270290055,8,1,3,1,1,2,1
270290056,8,1,3,1,1,2,1
270290060,8,1,3,1,1,2,1
270290065,8,1,3,1,1,2,1
270290070,8,1,3,1,1,2,1
270290075,8,1,3,1,1,2,1
270290080,8,1,3,1,1,2,1
270290085,8,1,3,1,1,2,1
270290090,8,1,3,1,1,2,1
270290095,8,1,3,1,1,2,1
270290100,8,1,3,1,1,2,1
270290105,8,1,3,1,1,2,1
270290110,8,1,3,1,1,2,1
270290115,8,1,3,1,1,2,1
270290120,8,1,3,1,1,2,1
270290125,8,1,3,1,1,2,1
270290130,8,1,3,1,1,2,1
270290135,8,1,3,1,1,2,1
270290140,8,1,3,1,1,2,1
270310005,8,2,1,1,1,2,1
270310010,8,2,1,1,1,2,1
270310015,8,2,1,1,1,2,1
270310020,8,2,1,1,1,2,1
270310025,8,2,1,1,1,2,1
270310030,8,2,1,1,1,2,1
270310035,8,2,1,1,1,2,1
270310040,8,2,1,1,1,2,1
270310045,8,2,1,1,1,2,1
270310050,8,2,1,1,1,2,1
270310055,8,2,1,1,1,2,1
270310060,8,2,1,1,1,2,1
270310065,8,2,1,1,1,2,1
270319999,8,2,1,1,1,2,1
270330005,7,7,3,3,7,1,7
270330010,7,7,3,3,7,1,2
270330015,7,7,3,3,7,1,7
270330020,7,7,3,3,7,1,2
270330025,7,7,3,3,7,1,2
270330030,7,7,3,3,7,1,2
270330035,7,7,3,3,7,1,2
270330040,7,7,3,3,7,1,2
270330045,7,7,3,3,7,1,7
270330047,7,7,3,3,7,1,7
270330050,7,7,3,3,7,1,2
270330055,7,7,3,3,7,1,7
270330060,7,7,3,3,7,1,7
270330065,7,7,3,3,7,1,2
270330070,7,7,3,3,7,1,2
270330075,7,7,3,3,7,1,2
270330085,7,7,3,3,7,1,2
270330090,7,7,3,3,7,1,7
270330095,7,7,3,3,7,1,2
270330100,7,7,3,3,7,1,7
270330105,7,7,3,3,7,1,2
270330110,7,7,3,3,7,1,7
270330115,7,7,3,3,7,1,7
270330120,7,7,3,3,7,1,7
270330125,7,7,3,3,7,1,7
270330130,7,7,3,3,7,1,2
270330135,7,7,3,3,7,1,2
270330140,7,7,3,3,7,1,2
270330145,7,7,3,3,7,1,2
270350005,8,1,2,1,2,3,1
270350006,8,1,2,1,2,3,1
270350007,8,1,2,1,2,3,1
270350008,8,1,2,1,2,3,1
270350010,8,1,2,1,2,2,4
270350015,8,1,2,1,2,2,1
270350016,8,1,2,1,2,3,1
270350020,8,1,2,1,2,2,1
270350025,8,1,2,1,2,2,1
270350035,8,1,2,1,2,2,1
270350040,8,1,2,1,2,2,1
270350042,8,1,2,1,2,2,4
270350045,8,1,2,1,2,2,1
270350050,8,1,2,1,2,2,1
270350055,8,1,2,1,2,2,1
270350060,8,1,2,1,2,2,1
270350065,8,1,2,1,2,2,4
270350075,8,1,2,1,2,2,1
270350080,8,1,2,1,2,3,1
270350082,8,1,2,1,2,3,1
270350085,8,1,2,1,2,2,4
270350090,8,1,2,1,2,3,1
270350095,8,1,2,1,2,2,1
270350100,8,1,2,1,2,2,4
270350105,8,1,2,1,2,2,4
270350110,8,1,2,1,2,2,4
270350115,8,1,2,1,2,2,4
270350120,8,1,2,1,2,2,1
270350125,8,1,2,1,2,2,1
270350130,8,1,2,1,2,3,1
270350135,8,1,2,1,2,3,1
270350140,8,1,2,1,2,2,1
270350145,8,1,2,1,2,4,4
270350150,8,1,2,1,2,4,4
270350155,8,1,2,1,2,2,1
270350160,8,1,2,1,2,2,4
270350165,8,1,2,1,2,2,4
270350170,8,1,2,1,2,2,4
270350175,8,1,2,1,2,2,1
270350180,8,1,2,1,2,2,1
270350185,8,1,2,1,2,2,1
270350190,8,1,2,1,2,2,1
270350195,8,1,2,1,2,2,4
270350200,8,1,2,1,2,3,1
270350205,8,1,2,1,2,2,1
270350210,8,1,2,1,2,3,4
270350215,8,1,2,1,2,2,1
270350220,8,1,2,1,2,2,1
270350225,8,1,2,1,2,2,4
270350230,8,1,2,1,2,2,4
270350235,8,1,2,1,2,2,1
270350240,8,1,2,1,2,2,1
270350245,8,1,2,1,2,2,4
270350250,8,1,2,1,2,3,4
270350255,8,1,2,1,2,2,4
270350260,8,1,2,1,2,4,4
270350265,8,1,2,1,2,2,4
270350275,8,1,2,1,2,3,1
270350280,8,1,2,1,2,2,1
270350285,8,1,2,1,2,2,4
270350290,8,1,2,1,2,2,4
270350295,8,1,2,1,2,2,1
270371010,2,5,5,4,6,5,2
270371020,2,5,5,4,6,5,2
270371030,2,5,5,4,6,5,2
270371040,2,5,5,4,6,5,2
270371050,2,5,5,4,6,5,2
270371055,2,5,5,4,6,5,2
270371060,2,5,5,4,6,5,2
270371070,2,5,5,4,6,5,2
270371080,2,5,5,4,6,5,2
270371090,2,5,5,4,6,5,2
270371100,2,5,5,4,6,5,2
270371110,2,5,5,4,6,5,2
270371120,2,5,5,4,6,5,2
270371130,2,5,5,4,6,5,2
270371140,2,5,5,4,6,5,2
270371150,2,5,5,4,6,5,2
270371210,2,5,5,4,6,5,2
270371220,2,5,5,4,6,5,2
270371230,2,5,5,4,6,5,2
270371240,2,5,5,4,6,5,2
270371250,2,5,5,4,6,5,2
270371260,2,5,5,4,6,5,2
270371270,2,5,5,4,6,5,2
270371280,2,5,5,4,6,5,2
270371290,2,5,5,4,6,5,2
270371300,2,5,5,4,6,5,2
270371310,2,5,5,4,6,5,2
270371320,2,5,5,4,6,5,2
270371330,2,5,5,4,6,5,2
270371340,2,5,5,4,6,5,2
270371350,2,5,5,4,6,5,2
270371360,2,5,5,4,6,5,2
270371370,2,5,5,4,6,5,2
270371410,2,5,5,4,6,5,8
270371510,2,5,5,4,6,5,8
270371610,2,5,5,4,6,5,8
270371710,2,5,5,4,6,5,5
270371720,2,5,5,4,6,5,5
270371730,2,5,5,4,6,5,5
270371740,2,5,5,4,6,5,2
270371750,2,5,5,4,6,5,2
270371755,2,5,5,4,6,5,2
270371760,2,5,5,4,6,5,2
270371765,2,5,5,4,6,5,2
270371770,2,5,5,4,6,5,5
270371780,2,5,5,4,6,5,5
270371790,2,5,5,4,6,5,2
270371795,2,5,5,4,6,5,2
270371800,2,5,5,4,6,5,2
270371810,2,5,5,4,6,5,2
270371820,2,5,5,4,6,5,2
270371830,2,5,5,4,6,5,2
270371840,2,5,5,4,6,5,2
270371850,2,5,5,4,6,5,2
270371860,2,5,5,4,6,5,8
270371870,2,5,5,4,6,5,5
270372010,2,5,5,4,6,5,8
270372110,2,5,5,4,6,5,8
270372210,2,5,5,4,6,5,8
270372220,2,5,5,4,6,5,8
270372230,2,5,5,4,6,5,8
270372240,2,5,5,4,6,5,8
270372250,2,5,5,4,6,5,8
270372260,2,5,5,4,6,5,8
270372310,2,5,5,4,6,5,8
270372410,2,5,5,4,6,5,8
270372510,2,5,5,4,6,5,8
270372610,2,5,5,4,6,5,4
270372620,2,5,5,4,6,5,4
270372630,2,5,5,4,6,5,4
270372635,2,5,5,4,6,5,4
270372640,2,5,5,4,6,5,4
270372645,2,5,5,4,6,5,4
270372650,2,5,5,4,6,5,4
270372660,2,5,5,4,6,5,4
270372710,2,5,5,4,6,5,5
270372720,2,5,5,4,6,5,5
270372730,2,5,5,4,6,5,8
270372740,2,5,5,4,6,5,8
270372750,2,5,5,4,6,5,8
270372760,2,5,5,4,6,5,8
270372770,2,5,5,4,6,5,8
270372780,2,5,5,4,6,5,8
270372790,2,5,5,4,6,5,8
270372800,2,5,5,4,6,5,8
270372910,2,5,5,4,6,5,8
270372920,2,5,5,4,6,5,8
270372930,2,5,5,4,6,5,8
270372940,2,5,5,4,6,5,8
270372950,2,5,5,4,6,5,8
270372960,2,5,5,4,6,5,2
270372970,2,5,5,4,6,5,2
270372980,2,5,5,4,6,5,2
270372990,2,5,5,4,6,5,2
270373000,2,5,5,4,6,5,2
270373010,2,5,5,4,6,5,2
270373020,2,5,5,4,6,5,2
270373030,2,5,5,4,6,5,8
270373040,2,5,5,4,6,5,8
270373050,2,5,5,4,6,5,8
270373060,2,5,5,4,6,5,8
270373070,2,5,5,4,6,5,8
270373080,2,5,5,4,6,5,2
270373110,2,5,5,4,6,8,5
270373210,2,5,5,4,6,5,8
270373310,2,5,5,4,6,5,5
270373410,2,5,5,4,6,8,5
270373420,2,5,5,4,6,5,5
270373430,2,5,5,4,6,5,5
270373440,2,5,5,4,6,5,5
270373450,2,5,5,4,6,5,5
270373510,2,5,5,4,6,5,8
270373610,2,5,5,4,6,5,8
270373710,2,5,5,4,6,5,8
270373810,2,5,5,4,6,5,8
270373910,2,5,5,4,6,5,8
270374010,2,5,5,4,6,5,8
270374110,2,5,5,4,6,5,4
270374210,2,5,5,4,6,5,8
270374220,2,5,5,4,6,5,8
270374230,2,5,5,4,6,5,2
270374240,2,5,5,4,6,5,8
270374250,2,5,5,4,6,5,2
270374260,2,5,5,4,6,5,8
270374270,2,5,5,4,6,5,8
270374310,2,5,5,4,6,5,8
270374410,2,5,5,4,6,8,8
270374420,2,5,5,4,6,5,8
270374430,2,5,5,4,6,5,8
270374440,2,5,5,4,6,5,8
270374450,2,5,5,4,6,5,8
270374510,2,5,5,4,6,5,5
270374610,2,5,5,4,6,5,8
270374710,2,5,5,4,6,5,8
270374810,2,5,5,4,6,5,8
270374910,2,5,5,4,6,8,8
270374920,2,5,5,4,6,5,8
270374940,2,5,5,4,6,8,5
270374950,2,5,5,4,6,5,5
270374970,2,5,5,4,6,8,5
270374980,2,5,5,4,6,5,5
270390005,1,6,4,3,3,1,8
270390007,1,6,4,3,3,1,8
270390010,1,6,4,3,3,1,8
270390015,1,6,4,3,3,1,8
270390020,1,6,4,3,3,1,8
270390025,1,6,4,3,3,1,8
270390030,1,6,4,3,3,1,8
270390032,1,6,4,3,3,1,8
270390035,1,6,4,3,3,1,8
270390040,1,6,4,3,3,1,2
270390045,1,6,4,3,3,1,2
270390050,1,6,4,3,3,1,8
270390051,1,6,4,3,3,1,8
270390052,1,6,4,3,3,1,8
270390055,1,6,4,3,3,1,8
270390060,1,6,4,3,3,1,8
270390065,1,6,4,3,3,1,8
270390070,1,6,4,3,3,1,8
270390075,1,6,4,3,3,1,8
270390080,1,6,4,3,3,1,8
270390085,1,6,4,3,3,1,8
270390090,1,6,4,3,3,1,2
270410005,7,3,2,2,2,3,1
270410007,7,3,2,2,2,3,1
270410010,7,3,2,2,2,3,1
270410015,7,3,2,2,2,3,1
270410020,7,3,2,2,2,3,1
270410025,7,3,2,2,2,3,1
270410027,7,3,2,2,2,3,1
270410030,7,3,2,2,2,3,1
270410035,7,3,2,2,2,3,1
270410040,7,3,2,2,2,3,1
270410045,7,3,2,2,2,3,1
270410050,7,3,2,2,2,3,1
270410055,7,3,2,2,2,3,1
270410060,7,3,2,2,2,3,7
270410065,7,3,2,2,2,3,7
270410070,7,3,2,2,2,3,1
270410075,7,3,2,2,2,3,1
270410080,7,3,2,2,2,3,1
270410085,7,3,2,2,2,3,1
270410090,7,3,2,2,2,3,1
270410095,7,3,2,2,2,3,1
270410100,7,3,2,2,2,3,1
270410105,7,3,2,2,2,3,1
270410110,7,3,2,2,2,3,7
270410115,7,3,2,2,2,3,7
270410120,7,3,2,2,2,3,7
270410125,7,3,2,2,2,3,7
270410130,7,3,2,2,2,3,1
270410135,7,3,2,2,2,3,1
270410140,7,3,2,2,2,3,1
270410145,7,3,2,2,2,3,1
270410150,7,3,2,2,2,3,1
270410155,7,3,2,2,2,3,1
270410160,7,3,2,2,2,3,1
270410165,7,3,2,2,2,3,1
270410170,7,3,2,2,2,3,1
270410175,7,3,2,2,2,3,1
270430005,1,7,4,3,3,1,2
270430010,1,7,4,3,3,1,2
270430015,1,7,4,3,3,1,2
270430020,1,7,4,3,3,1,2
270430025,1,7,4,3,3,1,2
270430030,1,7,4,3,3,1,2
270430035,1,7,4,3,3,1,2
270430040,1,7,4,3,3,1,2
270430045,1,7,4,3,3,1,2
270430050,1,7,4,3,3,1,2
270430055,1,7,4,3,3,1,2
270430060,1,7,4,3,3,1,2
270430065,1,7,4,3,3,1,2
270430070,1,7,4,3,3,1,2
270430075,1,7,4,3,3,1,2
270430080,1,7,4,3,3,1,2
270430085,1,7,4,3,3,1,2
270430090,1,7,4,3,3,1,2
270430095,1,7,4,3,3,1,2
270430100,1,7,4,3,3,1,2
270430105,1,7,4,3,3,1,2
270430110,1,7,4,3,3,1,2
270430115,1,7,4,3,3,1,2
270430120,1,7,4,3,3,1,2
270430125,1,7,4,3,3,1,2
270430130,1,7,4,3,3,1,2
270430135,1,7,4,3,3,1,2
270430140,1,7,4,3,3,1,2
270430145,1,7,4,3,3,1,2
270430150,1,7,4,3,3,1,2
270430155,1,7,4,3,3,1,2
270430160,1,7,4,3,3,1,2
270430165,1,7,4,3,3,1,2
270450005,1,6,4,3,3,1,8
270450010,1,6,4,3,3,1,8
270450015,1,6,4,3,3,1,2
270450020,1,6,4,3,3,1,2
270450025,1,6,4,3,3,1,8
270450030,1,6,4,3,3,1,8
270450035,1,6,4,3,3,1,8
270450040,1,6,4,3,3,1,8
270450045,1,6,4,3,3,1,8
270450050,1,6,4,3,3,1,8
270450055,1,6,4,3,3,1,8
270450060,1,6,4,3,3,1,8
270450065,1,6,4,3,3,1,2
270450070,1,6,4,3,3,1,8
270450075,1,6,4,3,3,1,8
270450080,1,6,4,3,3,1,8
270450085,1,6,4,3,3,1,8
270450090,1,6,4,3,3,1,8
270450095,1,6,4,3,3,1,8
270450100,1,6,4,3,3,1,8
270450105,1,6,4,3,3,1,8
270450110,1,6,4,3,3,1,8
270450115,1,6,4,3,3,1,8
270450120,1,6,4,3,3,1,2
270450125,1,6,4,3,3,1,8
270450130,1,6,4,3,3,1,8
270450135,1,6,4,3,3,1,8
270450140,1,6,4,3,3,1,8
270450150,1,6,4,3,3,1,8
270450155,1,6,4,3,3,1,8
270450160,1,6,4,3,3,1,8
270450165,1,6,4,3,3,1,2
270450175,1,6,4,3,3,1,2
270450180,1,6,4,3,3,1,8
270450185,1,6,4,3,3,1,8
270450190,1,6,4,3,3,1,8
270450195,1,6,4,3,3,1,2
270470005,1,7,4,3,3,1,2
270470010,1,7,4,3,3,1,2
270470015,1,7,4,3,3,1,2
270470025,1,7,4,3,3,1,2
270470035,1,7,4,3,3,1,2
270470045,1,7,4,3,3,1,2
270470050,1,7,4,3,3,1,2
270470060,1,7,4,3,3,1,2
270470061,1,7,4,3,3,1,2
270470065,1,7,4,3,3,1,2
270470070,1,7,4,3,3,1,2
270470075,1,7,4,3,3,1,2
270470080,1,7,4,3,3,1,2
270470085,1,7,4,3,3,1,2
270470090,1,7,4,3,3,1,2
270470095,1,7,4,3,3,1,2
270470100,1,7,4,3,3,1,2
270470105,1,7,4,3,3,1,2
270470110,1,7,4,3,3,1,2
270470115,1,7,4,3,3,1,2
270470120,1,7,4,3,3,1,2
270470125,1,7,4,3,3,1,2
270470130,1,7,4,3,3,1,2
270470135,1,7,4,3,3,1,2
270470140,1,7,4,3,3,1,2
270470145,1,7,4,3,3,1,2
270470150,1,7,4,3,3,1,2
270470155,1,7,4,3,3,1,2
270470160,1,7,4,3,3,1,2
270470165,1,7,4,3,3,1,2
270470170,1,7,4,3,3,1,2
270470175,1,7,4,3,3,1,2
270470180,1,7,4,3,3,1,2
270470185,1,7,4,3,3,1,2
270470190,1,7,4,3,3,1,2
270470195,1,7,4,3,3,1,2
270470200,1,7,4,3,3,1,2
270470205,1,7,4,3,3,1,2
270470210,1,7,4,3,3,1,2
270470215,1,7,4,3,3,1,2
270470220,1,7,4,3,3,1,2
270490005,1,6,4,3,3,5,8
270490010,1,6,4,3,3,5,8
270490015,1,6,4,3,3,5,8
270490020,1,6,4,3,3,5,8
270490025,1,6,4,3,3,5,8
270490030,1,6,4,3,3,5,8
270490035,1,6,4,3,3,1,8
270490040,1,6,4,3,3,5,8
270490045,1,6,4,3,3,5,8
270490050,1,6,4,3,3,5,8
270490055,1,6,4,3,3,5,8
270490060,1,6,4,3,3,5,8
270490065,1,6,4,3,3,5,8
270490070,1,6,4,3,3,1,8
270490075,1,6,4,3,3,1,8
270490080,1,6,4,3,3,1,8
270490085,1,6,4,3,3,5,8
270490090,1,6,4,3,3,5,8
270490095,1,6,4,3,3,1,8
270490100,1,6,4,3,3,1,8
270490105,1,6,4,3,3,1,8
270490110,1,6,4,3,3,5,8
270490115,1,6,4,3,3,5,8
270490125,1,6,4,3,3,5,8
270490130,1,6,4,3,3,5,8
270490140,1,6,4,3,3,5,8
270490145,1,6,4,3,3,5,8
270490155,1,6,4,3,3,5,8
270490160,1,6,4,3,3,5,8
270490170,1,6,4,3,3,1,8
270490175,1,6,4,3,3,5,8
270490180,1,6,4,3,3,5,8
270490185,1,6,4,3,3,5,8
270490190,1,6,4,3,3,1,8
270490195,1,6,4,3,3,1,8
270490200,1,6,4,3,3,5,8
270490205,1,6,4,3,3,5,8
270490210,1,6,4,3,3,1,8
270490215,1,6,4,3,3,1,8
270490220,1,6,4,3,3,1,8
270510005,7,3,3,2,2,3,7
270510010,7,3,3,2,2,3,7
270510015,7,3,3,2,2,3,7
270510020,7,3,3,2,2,3,7
270510025,7,3,3,2,2,3,7
270510030,7,3,3,2,2,3,7
270510035,7,3,3,2,2,3,7
270510040,7,3,3,2,2,3,7
270510045,7,3,3,2,2,3,7
270510050,7,3,3,2,2,3,7
270510055,7,3,3,2,2,3,7
270510060,7,3,3,2,2,3,7
270510065,7,3,3,2,2,3,7
270510070,7,3,3,2,2,3,7
270510075,7,3,3,2,2,3,7
270510080,7,3,3,2,2,3,7
270510085,7,3,3,2,2,3,7
270510090,7,3,3,2,2,3,7
270510095,7,3,3,2,2,3,7
270510100,7,3,3,2,2,3,7
270510105,7,3,3,2,2,3,7
270510110,7,3,3,2,2,3,7
270510115,7,3,3,2,2,3,7
270530005,3,5,7,5,8,5,5
270530010,3,5,7,5,8,5,2
270530015,3,8,7,5,4,5,5
270530020,3,8,7,5,4,5,2
270530025,3,8,7,5,4,5,2
270530030,3,8,7,5,4,5,2
270530035,3,8,7,5,4,5,2
270530036,3,8,7,5,4,5,2
270530040,3,8,7,5,4,5,2
270530045,3,8,7,5,4,6,2
270530050,3,7,7,5,4,6,3
270530055,3,8,7,5,4,6,3
270530060,3,6,7,5,4,6,3
270530065,3,6,7,5,4,6,2
270530070,3,6,7,5,4,5,2
270530071,3,6,7,5,4,6,2
270530075,3,8,7,5,8,5,5
270530080,3,8,7,5,4,5,2
270530085,3,7,7,5,8,6,3
270530090,3,8,7,5,8,6,5
270530095,3,8,7,5,8,5,5
270530100,3,8,7,5,8,5,5
270530105,3,8,7,5,4,5,5
270530106,3,7,7,5,4,6,3
270530107,3,8,7,5,8,5,5
270530110,3,8,7,5,8,5,2
270530115,3,8,7,5,8,5,5
270530120,3,8,7,5,8,5,5
270530125,3,8,7,5,8,5,5
270530130,3,8,7,5,8,5,5
270530131,3,8,7,5,8,5,5
270530132,3,8,7,5,8,5,5
270530200,5,8,8,7,4,7,6
270530205,5,8,8,7,4,7,6
270530210,5,8,8,7,4,7,6
270530215,5,8,8,7,4,7,6
270530220,5,8,8,7,4,7,6
270530225,5,8,8,7,4,7,6
270530230,5,8,8,7,4,7,6
270530300,3,8,8,7,4,7,6
270530305,3,8,8,7,4,7,6
270530310,3,8,8,7,4,7,6
270530315,3,8,8,7,4,7,6
270530320,3,8,8,7,4,7,3
270530325,3,8,8,7,4,7,3
270530330,3,8,8,7,4,7,3
270530335,3,8,8,7,4,7,6
270530340,3,8,8,7,4,7,6
270530345,3,8,8,7,4,7,6
270530350,3,8,8,7,4,7,6
270530355,3,8,8,7,4,7,6
270530360,3,2,8,7,4,7,6
270530362,3,8,8,7,4,7,6
270530365,3,2,8,7,4,7,6
270530370,3,2,8,7,4,7,6
270530375,3,2,8,7,4,7,6
270530395,3,8,8,7,4,7,6
270530397,3,8,8,7,4,7,6
270530400,3,8,8,7,4,7,6
270530405,3,8,8,7,4,7,6
270530410,3,8,8,7,4,7,6
270530415,3,8,8,7,4,7,3
270530420,3,8,8,7,4,6,3
270530450,3,8,7,7,4,4,3
270530455,3,8,7,7,4,4,3
270530460,3,8,7,7,4,4,3
270530465,3,8,7,7,4,7,6
270530485,3,7,7,5,4,6,7
270530500,3,1,8,7,4,6,3
270530505,3,1,8,7,4,6,3
270530510,3,3,8,7,4,6,3
270530550,5,8,8,7,8,7,3
270530555,5,8,8,7,8,6,5
270530557,5,8,8,7,8,6,5
270530560,5,8,8,7,8,7,5
270530565,5,8,8,7,8,7,5
270530567,5,8,8,7,8,7,5
270530570,5,8,8,7,4,7,6
270530575,5,8,8,7,4,7,5
270530577,5,8,8,7,8,7,5
270530585,5,8,8,7,4,7,6
270530590,5,8,8,7,4,7,6
270530640,3,1,7,8,4,4,3
270530645,3,1,7,8,4,4,3
270530650,3,1,7,8,4,4,3
270530675,3,7,7,7,4,6,3
270530680,3,7,7,7,4,6,3
270530690,3,7,7,5,4,6,7
270530695,3,7,7,5,4,6,3
270530700,3,7,7,5,4,6,3
270530705,3,7,7,5,4,6,7
270530710,3,7,7,5,4,6,7
270530715,3,7,7,5,4,6,7
270530720,3,7,7,5,4,6,3
270530725,3,7,7,5,8,6,3
270530730,3,7,7,5,4,6,7
270530735,3,7,7,5,4,6,3
270530740,3,7,7,5,4,6,3
270530745,3,7,7,5,4,6,3
270530750,3,6,7,5,4,6,7
270530755,3,6,7,5,4,6,7
270530760,3,7,7,5,4,6,7
270530765,3,6,7,5,4,6,7
270530770,3,6,7,5,4,6,3
270530775,3,7,7,5,4,6,3
270530780,3,6,7,5,4,6,7
270530785,3,6,7,5,4,6,7
270530850,3,7,7,5,8,6,3
270530855,3,7,7,5,8,6,3
270530860,3,7,7,5,8,6,3
270530865,5,8,7,5,8,7,5
270530870,5,8,7,5,8,7,5
270530875,3,7,7,5,8,6,3
270530880,3,7,7,5,8,6,3
270530885,3,7,7,5,8,6,5
270530890,5,8,7,5,8,5,5
270530895,3,8,7,5,8,5,3
270530900,3,7,7,5,8,6,3
270530905,3,7,7,5,8,6,3
270530910,3,8,7,5,8,5,3
270530915,3,8,7,5,8,5,3
270530920,5,8,7,5,8,5,5
270530925,3,7,7,5,8,6,3
270530930,3,8,7,5,8,5,3
270530935,3,8,7,5,8,5,5
270530940,3,8,7,5,8,5,3
270530945,3,7,7,5,8,6,3
270530965,3,7,7,7,4,6,3
270530975,5,8,7,5,8,5,5
270530985,5,8,8,7,8,7,5
270530990,5,8,8,7,8,7,3
270531000,5,8,8,7,8,7,3
270531005,5,8,8,7,8,7,3
270531010,5,8,8,7,8,7,3
270531015,5,8,8,7,8,6,3
270531020,5,8,8,7,8,6,5
270531025,5,8,8,7,8,6,6
270531050,3,3,7,7,4,6,3
270531065,3,7,7,7,4,6,3
270531080,6,1,8,7,4,4,3
270531110,3,7,7,5,8,6,6
270531115,3,7,7,5,8,6,6
270531120,3,7,7,5,8,6,3
270531125,3,7,7,5,8,6,6
270531130,3,7,7,7,8,6,6
270531135,3,7,7,5,8,6,3
270531150,3,3,7,7,4,6,3
270531160,3,3,7,7,4,6,3
270531170,3,3,7,7,4,6,3
270531190,3,8,8,7,4,6,3
270531195,3,8,8,7,4,6,6
270531200,3,1,8,7,4,6,6
270531205,3,1,8,7,4,6,6
270531210,3,1,8,7,4,6,6
270531215,3,1,8,7,4,6,3
270531220,3,1,8,7,4,6,6
270531225,3,1,8,7,4,6,3
270531230,3,1,8,7,4,6,6
270531235,3,1,8,7,4,6,6
270531240,3,1,8,7,4,6,6
270531245,3,8,8,7,4,6,6
270531250,3,8,8,7,4,6,6
270531255,3,8,8,7,4,6,6
270531260,3,8,8,7,4,6,6
270531265,3,1,8,7,4,6,6
270531270,3,1,8,7,4,6,6
270531275,3,8,8,7,4,6,6
270531280,3,1,8,7,4,6,6
270531285,3,1,8,7,4,6,6
270531290,3,3,8,7,4,6,6
270531295,3,1,8,7,4,6,6
270531300,3,8,8,7,4,6,6
270531305,3,8,8,7,4,6,6
270531335,3,3,7,7,4,6,3
270531345,3,8,7,7,8,6,6
270531350,3,3,7,7,4,6,3
270531355,3,3,7,7,4,6,3
270531360,5,4,8,7,8,7,6
270531365,5,4,8,7,8,7,6
270531370,5,4,8,7,8,7,5
270531375,5,4,8,7,8,7,5
270531380,5,4,8,7,8,7,5
270531385,5,4,8,7,8,7,5
270531390,5,4,8,7,8,7,5
270531395,5,4,8,7,8,7,5
270531400,5,4,8,7,8,7,5
270531405,5,4,8,7,8,7,6
270531410,5,4,8,5,8,7,5
270531415,5,4,8,5,8,7,5
270531420,5,4,8,7,8,7,5
270531425,5,4,8,7,8,7,5
270531430,5,4,8,7,8,7,5
270531435,5,4,8,5,8,7,5
270531440,5,4,8,7,8,7,5
270531445,5,4,8,5,8,7,5
270531450,5,4,8,5,8,7,5
270531455,5,4,8,7,8,7,5
270531456,5,4,8,5,8,7,5
270531460,5,4,8,7,8,7,5
270531465,5,4,8,7,8,7,5
270531470,5,4,8,7,8,7,5
270531475,5,4,8,7,8,7,5
270531480,5,4,8,7,8,7,5
270531485,5,4,8,7,8,7,5
270531490,5,8,8,7,8,7,5
270531495,5,8,8,7,8,7,5
270531500,5,4,8,7,8,7,5
270531501,5,4,8,7,8,7,5
270531502,5,8,8,7,8,7,5
270531503,5,8,8,7,8,7,5
270531504,5,4,8,7,8,7,5
270531505,5,8,8,7,4,7,6
270531510,5,8,8,7,4,7,6
270531515,5,8,8,7,8,7,6
270531520,5,8,8,7,8,7,6
270531525,5,8,8,7,8,7,6
270531530,5,8,8,7,8,7,6
270531535,5,8,8,7,8,7,6
270531540,5,8,8,7,8,7,5
270531555,5,8,8,7,8,7,5
270531560,5,8,8,7,8,7,6
270531565,5,8,8,7,8,7,5
270531570,5,8,8,7,8,7,5
270531575,5,8,8,7,8,7,5
270531580,5,8,8,7,8,7,5
270531585,5,8,8,7,8,7,5
270531590,5,8,8,7,8,7,5
270531595,5,8,8,7,8,7,5
270531605,5,4,8,5,8,7,5
270531610,5,4,8,5,8,7,5
270531615,5,4,8,7,8,7,5
270531620,5,8,8,7,8,7,5
270531625,5,4,8,5,8,7,5
270531630,5,8,8,5,8,7,5
270531635,5,8,8,5,8,7,3
270531640,5,8,8,5,8,7,5
270531642,5,8,8,5,8,7,5
270531645,5,8,8,7,8,7,3
270531650,5,8,8,5,8,7,3
270531655,5,8,8,5,8,7,5
270531660,5,8,8,5,8,7,3
270531665,5,8,8,5,8,7,5
270531670,5,8,8,7,8,7,5
270531675,5,8,8,7,8,7,3
270531680,5,8,8,7,8,7,5
270531685,5,8,8,5,8,7,3
270531690,5,8,8,5,8,7,5
270531700,5,8,8,5,8,7,3
270531705,5,8,8,5,8,7,3
270531710,5,8,8,5,8,7,5
270531715,5,8,8,5,8,7,5
270531720,5,8,8,5,8,7,5
270531725,5,8,8,5,8,7,3
270531730,5,8,8,5,8,7,3
270531735,5,8,8,5,8,7,5
270531750,5,8,8,5,8,7,3
270531755,5,4,8,5,8,7,5
270531760,5,4,8,5,8,7,5
270531765,5,4,8,5,8,7,5
270531770,5,4,8,5,8,7,5
270531775,5,4,8,5,8,7,5
270531780,5,8,8,5,8,7,5
270531785,5,4,8,5,8,7,5
270531790,5,8,8,5,8,7,5
270531805,5,8,8,5,8,7,3
270531810,5,8,8,5,8,7,3
270531815,5,8,8,5,8,7,3
270531817,5,8,8,5,8,7,3
270531820,5,8,8,5,8,7,3
270531825,5,8,8,5,8,7,3
270531827,5,8,8,5,8,7,3
270531830,5,8,8,5,8,7,3
270531835,5,8,8,5,8,7,3
270531840,5,8,8,5,8,7,3
270531845,5,8,8,5,8,7,3
270531850,5,8,8,5,8,7,3
270531855,5,8,8,5,8,7,3
270531860,5,8,8,5,8,7,5
270531865,5,8,7,5,8,7,5
270531870,5,8,7,5,8,5,5
270531875,5,8,8,5,8,7,5
270531880,5,8,7,5,8,7,5
270531885,5,8,7,5,8,7,5
270531890,5,8,7,5,8,5,5
270531895,5,8,7,5,8,7,5
270531900,5,8,7,5,8,5,5
270531902,5,8,7,5,8,5,5
270531905,5,4,8,5,8,7,5
270531910,5,4,8,5,8,7,5
270531915,5,4,8,5,8,7,5
270531920,5,4,8,5,8,7,5
270531925,5,8,8,5,8,7,5
270531930,5,8,8,5,8,7,5
270531935,5,4,8,5,8,7,5
270531940,5,8,8,5,8,7,5
270531945,5,4,8,5,8,7,5
270531950,5,8,7,5,8,5,5
270531955,5,8,7,5,8,5,5
270531956,5,4,8,5,8,7,5
270531957,5,8,7,5,8,7,5
270531960,5,8,8,5,8,7,3
270531965,5,8,8,5,8,7,3
270531970,5,8,8,5,8,7,3
270531975,5,8,8,5,8,7,3
270531980,5,8,7,5,8,7,5
270531985,5,8,7,5,8,7,5
270531990,5,8,7,5,8,5,5
270531995,5,8,7,5,8,5,5
270532000,5,8,7,5,8,5,5
270532005,5,8,8,5,8,7,5
270532010,5,8,7,5,8,7,5
270532015,5,8,7,5,8,7,5
270532020,5,8,7,5,8,7,5
270532090,3,7,7,5,4,6,3
270532095,3,7,7,5,4,6,3
270532100,3,7,7,5,8,6,3
270532105,3,7,7,5,4,6,3
270532110,3,7,7,7,4,6,3
270532115,3,7,7,7,8,6,3
270532120,3,7,7,7,4,6,6
270532125,3,7,7,7,8,6,6
270532130,3,7,7,7,8,6,6
270532135,3,7,7,7,8,6,6
270532140,3,7,7,7,8,6,6
270532145,3,7,7,7,4,6,6
270532150,3,3,7,7,4,6,3
270532155,3,7,7,7,4,6,3
270532160,3,7,7,7,4,6,3
270532165,3,7,7,7,4,6,3
270532170,3,7,7,7,4,6,7
270532185,3,7,7,7,4,6,3
270532190,3,7,7,5,4,6,7
270532195,3,7,7,5,4,6,7
270532200,3,7,7,5,4,6,7
270532205,3,7,7,5,4,6,7
270532210,3,7,7,5,4,6,7
270532230,3,7,7,7,4,6,3
270532240,3,7,7,7,4,6,3
270532245,3,7,7,7,4,6,3
270532247,3,7,7,7,4,6,7
270532248,3,7,7,7,4,6,7
270532250,3,7,7,7,4,6,3
270532255,3,7,7,7,4,6,3
270532260,3,7,7,7,4,6,3
270532265,3,7,7,7,4,6,3
270532290,5,8,8,7,8,6,3
270532295,5,8,8,7,8,6,5
270532300,5,8,8,7,4,6,5
270532310,5,8,8,7,4,6,5
270532315,5,8,8,7,4,7,5
270532320,5,8,8,7,4,6,5
270532330,5,8,8,7,4,7,6
270532335,5,8,8,7,4,7,5
270532355,3,3,7,7,4,6,3
270532360,3,7,7,7,4,6,3
270532365,3,7,7,7,4,6,3
270532370,3,3,7,7,4,6,3
270532385,3,8,8,7,4,6,3
270532400,3,3,8,7,4,6,6
270532405,3,3,8,7,4,6,6
270532410,3,3,8,7,4,6,6
270532415,3,3,8,7,4,6,6
270532420,3,3,7,7,4,6,3
270532425,3,3,7,7,4,6,3
270532430,3,3,7,7,4,6,3
270532435,3,3,7,7,4,6,3
270532440,3,3,7,7,4,6,6
270532445,3,3,7,7,4,6,3
270532450,3,3,7,7,4,6,3
270532455,3,3,7,7,4,6,6
270532460,3,3,7,7,4,6,6
270532465,3,8,7,7,4,6,6
270532470,3,8,7,7,8,6,6
270532475,3,8,7,7,4,6,6
270532480,3,8,7,7,8,6,6
270532485,3,8,8,7,4,6,6
270532490,3,8,8,7,4,6,6
270532495,3,8,8,7,4,6,6
270532500,3,8,8,7,4,6,6
270532505,3,8,8,7,4,6,5
270532510,3,8,8,7,4,6,5
270532575,5,8,7,5,8,5,5
270532580,5,8,7,5,8,5,5
270532585,5,8,7,5,8,5,5
270532590,5,8,7,5,8,5,5
270532595,5,8,7,5,8,5,5
270532600,5,8,7,5,8,5,5
270532605,5,8,7,5,8,5,5
270532610,5,8,7,5,8,5,5
270532615,5,8,7,5,8,5,5
270532645,5,8,8,7,8,7,6
270532655,5,8,8,7,8,7,5
270532665,5,8,8,7,8,7,5
270532675,5,8,8,7,8,7,5
270532695,6,3,7,7,4,6,7
270532710,3,1,7,7,4,4,3
270532715,3,1,8,7,4,4,3
270532720,3,7,7,7,4,6,3
270532725,3,7,7,7,4,6,7
270532730,3,7,7,7,4,6,3
270532735,3,7,7,7,4,6,3
270532755,3,7,7,7,4,6,3
270532765,5,4,8,7,8,7,5
270532770,5,4,8,7,8,7,6
270532780,3,7,7,7,4,6,3
270532790,5,8,7,5,8,7,3
270532795,5,8,7,5,8,7,3
270532800,5,8,7,5,8,7,3
270532805,5,8,7,5,8,6,3
270532810,5,8,7,5,8,6,3
270532815,5,8,7,5,8,7,3
270532820,5,8,7,5,8,7,3
270532825,5,7,7,5,8,6,3
270532830,5,7,7,5,8,6,6
270532835,5,7,7,5,8,6,3
270532840,5,8,7,5,8,6,3
270532845,5,7,7,5,8,6,6
270532850,5,7,7,7,4,6,6
270532855,5,7,7,7,8,6,6
270532860,5,8,7,7,8,7,6
270532865,5,8,7,7,8,7,3
270532900,3,7,7,7,4,6,3
270532910,3,3,7,7,4,6,3
270532925,3,7,7,7,4,6,3
270550005,1,6,4,3,3,1,8
270550010,1,6,4,3,3,1,8
270550015,1,6,4,3,3,1,8
270550020,1,6,4,3,3,1,8
270550025,1,6,4,3,3,1,8
270550030,1,6,4,3,3,1,8
270550035,1,6,4,3,3,1,8
270550040,1,6,4,3,3,1,8
270550045,1,6,4,3,3,1,8
270550050,1,6,4,3,3,1,8
270550055,1,6,4,3,3,1,8
270550060,1,6,4,3,3,1,8
270550065,1,6,4,3,3,1,8
270550070,1,6,4,3,3,1,8
270550075,1,6,4,3,3,1,8
270550076,1,6,4,3,3,1,8
270550080,1,6,4,3,3,1,8
270550085,1,6,4,3,3,1,8
270550090,1,6,4,3,3,1,8
270550095,1,6,4,3,3,1,8
270550100,1,6,4,3,3,1,8
270550105,1,6,4,3,3,1,8
270550110,1,6,4,3,3,1,8
270550115,1,6,4,3,3,1,8
270550120,1,6,4,3,3,1,8
270550125,1,6,4,3,3,1,8
270550130,1,6,4,3,3,1,8
270570005,8,1,3,1,1,2,1
270570010,8,1,3,1,1,2,1
270570015,8,1,3,1,1,2,1
270570020,7,1,3,1,1,2,1
270570022,8,1,3,1,1,2,1
270570025,8,1,3,1,1,2,1
270570030,7,1,3,1,1,2,1
270570035,8,1,3,1,1,2,1
270570037,8,1,3,1,1,2,1
270570040,8,1,3,1,1,2,1
270570045,8,1,3,1,1,2,1
270570050,8,1,3,1,1,2,1
270570052,8,1,3,1,1,2,1
270570055,8,1,3,1,1,2,1
270570060,8,1,3,1,1,2,1
270570065,7,1,3,1,1,2,1
270570070,7,1,3,1,1,2,1
270570075,8,1,3,1,1,2,1
270570080,8,1,3,1,1,2,1
270570085,8,1,3,1,1,2,1
270570090,8,1,3,1,1,2,1
270570095,8,1,3,1,1,2,1
270570097,8,1,3,1,1,2,1
270570100,8,1,3,1,1,2,1
270570105,7,1,3,1,1,2,1
270570110,7,1,3,1,1,2,1
270570115,7,1,3,1,1,2,1
270570120,7,1,3,1,1,2,1
270570122,7,1,3,1,1,2,1
270570125,8,1,3,1,1,2,1
270570130,8,1,3,1,1,2,1
270570135,8,1,3,1,1,2,1
270570137,8,1,3,1,1,2,1
270570140,7,1,3,1,1,2,1
270570145,8,1,3,1,1,2,1
270570150,7,1,3,1,1,2,1
270570152,7,1,3,1,1,2,1
270570155,7,1,3,1,1,2,1
270590005,8,1,2,6,2,4,3
270590010,8,1,2,6,2,4,3
270590015,8,1,2,6,2,4,4
270590020,8,1,2,6,2,4,3
270590022,8,1,2,6,2,4,4
270590025,8,1,2,6,2,4,3
270590030,8,1,2,6,2,4,3
270590035,8,1,2,6,2,4,3
270590037,8,1,2,6,2,4,3
270590040,8,1,2,6,2,4,4
270590045,8,1,2,6,2,4,3
270590050,8,1,2,6,2,4,4
270590055,8,1,2,6,2,4,4
270590057,8,1,2,6,2,4,3
270590060,8,1,2,6,2,4,3
270590065,8,1,2,6,2,4,3
270590070,8,1,2,6,2,4,4
270590075,8,1,2,6,2,4,3
270590080,8,1,2,6,2,4,3
270610005,8,1,2,1,1,2,1
270610010,8,1,2,1,1,2,1
270610015,8,1,2,1,1,2,1
270610020,8,1,2,1,1,2,1
270610025,8,1,2,1,1,2,1
270610030,8,1,2,1,1,2,1
270610035,8,1,2,1,1,2,1
270610040,8,1,2,1,1,2,1
270610045,8,1,2,1,1,2,1
270610050,8,1,2,1,1,2,1
270610055,8,1,2,1,1,2,4
270610060,8,1,2,1,1,2,1
270610065,8,1,2,1,1,2,1
270610070,8,1,2,1,1,2,1
270610074,8,1,2,1,1,2,1
270610076,8,1,2,1,1,2,1
270610085,8,1,2,1,1,2,1
270610090,8,1,2,1,1,2,1
270610095,8,1,2,1,1,2,1
270610096,8,1,2,1,1,2,1
270610100,8,1,2,1,1,2,1
270610101,8,1,2,1,1,2,1
270610110,8,1,2,1,1,2,1
270610120,8,1,2,1,1,2,4
270610125,8,1,2,1,1,2,1
270610130,8,1,2,1,1,2,1
270610135,8,1,2,1,1,2,1
270610140,8,1,2,1,1,2,1
270610145,8,1,2,1,1,2,1
270610151,8,1,2,1,1,2,1
270610155,8,1,2,1,1,2,1
270610175,8,1,2,1,1,2,1
270610184,8,1,2,1,1,2,1
270610200,8,1,2,1,1,2,1
270610205,8,1,2,1,1,2,1
270610215,8,1,2,1,1,2,1
270610220,8,1,2,1,1,2,1
270610225,8,1,2,1,1,2,1
270610227,8,1,2,1,1,2,1
270610230,8,1,2,1,1,2,1
270610235,8,1,2,1,1,2,1
270610240,8,1,2,1,1,2,1
270610244,8,1,2,1,1,2,1
270610245,8,1,2,1,1,2,1
270610247,8,1,2,1,1,2,1
270610249,8,1,2,1,1,2,1
270610255,8,1,2,1,1,2,1
270610260,8,1,2,1,1,2,1
270610265,8,1,2,1,1,2,1
270610270,8,1,2,1,1,2,1
270610271,8,1,2,1,1,2,1
270610280,8,1,2,1,1,2,1
270610285,8,1,2,1,1,2,1
270610290,8,1,2,1,1,2,1
270610295,8,1,2,1,1,2,1
270610300,8,1,2,1,1,2,1
270610305,8,1,2,1,1,2,4
270610310,8,1,2,1,1,2,1
270610320,8,1,2,1,1,2,1
270610327,8,1,2,1,1,2,4
270610330,8,1,2,1,1,2,1
270610335,8,1,2,1,1,2,1
270610338,8,1,2,1,1,2,1
270610339,8,1,2,1,1,2,1
270610340,8,1,2,1,1,2,1
270610345,8,1,2,1,1,2,1
270610350,8,1,2,1,1,2,1
270610355,8,1,2,1,1,2,1
270610360,8,1,2,1,1,2,4
270610365,8,1,2,1,1,2,4
270610370,8,1,2,1,1,2,1
270610371,8,1,2,1,1,2,1
270610372,8,1,2,1,1,2,4
270610375,8,1,2,1,1,2,1
270610380,8,1,2,1,1,2,1
270610385,8,1,2,1,1,2,1
270630005,1,7,3,3,7,1,2
270630010,1,7,3,3,7,1,2
270630015,1,7,3,3,7,1,2
270630020,1,7,3,3,7,1,2
270630025,1,7,3,3,7,1,2
270630030,1,7,3,3,7,1,2
270630035,1,7,3,3,7,1,2
270630040,1,7,3,3,7,1,2
270630045,1,7,3,3,7,1,2
270630050,1,7,3,3,7,1,2
270630055,1,7,3,3,7,1,2
270630060,1,7,3,3,7,1,2
270630070,1,7,3,3,7,1,2
270630080,1,7,3,3,7,1,2
270630085,1,7,3,3,7,1,2
270630090,1,7,3,3,7,1,2
270630095,1,7,3,3,7,1,2
270630100,1,7,3,3,7,1,2
270630105,1,7,3,3,7,1,2
270630110,1,7,3,3,7,1,2
270630115,1,7,3,3,7,1,2
270630120,1,7,3,3,7,1,2
270630125,1,7,3,3,7,1,7
270630130,1,7,3,3,7,1,2
270630135,1,7,3,3,7,1,2
270630140,1,7,3,3,7,1,2
270630145,1,7,3,3,7,1,2
270630150,1,7,3,3,7,1,2
270650005,8,1,2,1,2,4,4
270650010,8,1,2,1,2,4,4
270650015,8,1,2,1,2,4,4
270650020,8,1,2,1,2,4,3
270650025,8,1,2,1,2,4,4
270650030,8,1,2,1,2,4,4
270650035,8,1,2,1,2,4,4
270650040,8,1,2,1,2,4,4
270650045,8,1,2,1,2,4,4
270650050,8,1,2,1,2,4,4
270650055,8,1,2,1,2,4,4
270650060,8,1,2,1,2,4,4
270650065,8,1,2,1,2,4,4
270650070,8,1,2,1,2,4,4
270650080,8,1,2,1,2,4,4
270650085,8,1,2,1,2,4,4
270650090,8,1,2,1,2,4,4
270650095,8,1,2,1,2,4,4
270650100,8,1,2,1,2,4,3
270650105,8,1,2,1,2,4,4
270670005,7,3,3,2,7,3,7
270670010,7,3,3,2,7,3,7
270670015,7,3,3,2,7,3,7
270670020,7,3,3,2,7,3,1
270670025,7,3,3,2,7,3,1
270670030,7,3,3,2,7,3,1
270670035,7,3,3,2,7,3,7
270670040,7,3,3,2,7,3,7
270670045,7,3,3,2,7,3,7
270670050,7,3,3,2,7,3,7
270670055,7,3,3,2,7,3,1
270670060,7,3,3,2,7,3,1
270670065,7,3,3,2,7,3,7
270670070,7,3,3,2,7,3,1
270670075,7,3,3,2,7,3,1
270670080,7,3,3,2,7,3,1
270670085,7,3,3,2,7,3,1
270670090,7,3,3,2,7,3,7
270670095,7,3,3,2,7,3,7
270670100,7,3,3,2,7,3,7
270670105,7,3,3,2,7,3,1
270670110,7,3,3,2,7,3,1
270670115,7,3,3,2,7,3,1
270670120,7,3,3,2,7,3,7
270670125,7,3,3,2,7,3,1
270670130,7,3,3,2,7,3,7
270670135,7,3,3,2,7,3,1
270670140,7,3,3,2,7,3,1
270670145,7,3,3,2,7,3,7
270670150,7,3,3,2,7,3,1
270670155,7,3,3,2,7,3,1
270670160,7,3,3,2,7,3,1
270670165,7,3,3,2,7,3,7
270670170,7,3,3,2,7,3,7
270670175,7,3,3,2,7,3,1
270670180,7,3,3,2,7,3,1
270670185,7,3,3,2,7,3,1
270670190,7,3,3,2,7,3,1
270670195,7,3,3,2,7,3,1
270670200,7,3,3,2,7,3,1
270670202,7,3,3,2,7,3,1
270670205,7,3,3,2,7,3,1
270670210,7,3,3,2,7,3,1
270670215,7,3,3,2,7,3,1
270670220,7,3,3,2,7,3,1
270670225,7,3,3,2,7,3,1
270670230,7,3,3,2,7,3,1
270670235,7,3,3,2,7,3,1
270690005,7,1,2,1,1,2,1
270690010,7,1,2,1,1,2,1
270690015,7,1,2,1,1,2,1
270690020,7,1,2,1,1,2,1
270690025,7,1,2,1,1,2,1
270690030,7,1,2,1,1,2,1
270690035,7,1,2,1,1,2,1
270690040,7,1,2,1,1,2,1
270690045,7,1,2,1,1,2,1
270690050,7,1,2,1,1,2,1
270690055,7,1,2,1,1,2,1
270690060,7,1,2,1,1,2,1
270690065,7,1,2,1,1,2,1
270690070,7,1,2,1,1,2,1
270690075,7,1,2,1,1,2,1
270690080,7,1,2,1,1,2,1
270690085,7,1,2,1,1,2,1
270690090,7,1,2,1,1,2,1
270690092,7,1,2,1,1,2,1
270690095,7,1,2,1,1,2,1
270690100,7,1,2,1,1,2,1
270690105,7,1,2,1,1,2,1
270690110,7,1,2,1,1,2,1
270690115,7,1,2,1,1,2,1
270690118,7,1,2,1,1,2,1
270690120,7,1,2,1,1,2,1
270690125,7,1,2,1,1,2,1
270690130,7,1,2,1,1,2,1
270690135,7,1,2,1,1,2,1
270690140,7,1,2,1,1,2,1
270690145,7,1,2,1,1,2,1
270690150,7,1,2,1,1,2,1
270690155,7,1,2,1,1,2,1
270690160,7,1,2,1,1,2,1
270690165,7,1,2,1,1,2,1
270690170,7,1,2,1,1,2,1
270690175,7,1,2,1,1,2,1
270690180,7,1,2,1,1,2,1
270690185,7,1,2,1,1,2,1
270710005,8,1,1,1,1,2,1
270710023,8,1,1,1,1,2,1
270710050,8,1,1,1,1,2,1
270710055,8,1,1,1,1,2,1
270710060,8,1,1,1,1,2,1
270710070,8,1,1,1,1,2,1
270710075,8,1,1,1,1,2,1
270710080,8,1,1,1,1,2,1
270710082,8,1,1,1,1,2,1
270710083,8,1,1,1,1,2,1
270710090,8,1,1,1,1,2,1
270710100,8,1,1,1,1,2,1
270710115,8,1,1,1,1,2,1
270710120,8,1,1,1,1,2,1
270710121,8,1,1,1,1,2,1
270710140,8,1,1,1,1,2,1
270710170,8,1,1,1,1,2,1
270710175,8,1,1,1,1,2,1
270710180,8,1,1,1,1,2,1
270710185,8,1,1,1,1,2,1
270710190,8,1,1,1,1,2,1
270710195,8,1,1,1,1,2,1
270730005,7,3,3,2,7,3,7
270730010,7,3,3,2,7,3,7
270730015,7,3,3,2,7,3,7
270730020,7,3,3,2,7,3,7
270730025,7,3,3,2,7,3,7
270730030,7,3,3,2,7,3,7
270730035,7,3,3,2,7,3,7
270730040,7,3,3,2,7,3,7
270730045,7,3,3,2,7,3,7
270730060,7,3,3,2,7,3,7
270730065,7,3,3,2,7,3,7
270730070,7,3,3,2,7,3,7
270730075,7,3,3,2,7,3,7
270730080,7,3,3,2,7,3,7
270730085,7,3,3,2,7,3,7
270730090,7,3,3,2,7,3,7
270730095,7,3,3,2,7,3,7
270730110,7,3,3,2,7,3,7
270730115,7,3,3,2,7,3,7
270730120,7,3,3,2,7,3,7
270730125,7,3,3,2,7,3,7
270730130,7,3,3,2,7,3,7
270730135,7,3,3,2,7,3,7
270730140,7,3,3,2,7,3,7
270730145,7,3,3,2,7,3,7
270730150,7,3,3,2,7,3,7
270730155,7,3,3,2,7,3,7
270730160,7,3,3,2,7,3,7
270730165,7,3,3,2,7,3,7
270750005,8,2,1,1,1,2,1
270750010,8,2,1,1,1,2,1
270750020,8,2,1,1,1,2,1
270750025,8,2,1,1,1,2,1
270750035,8,2,1,1,1,2,1
270750040,8,2,1,1,1,2,1
270750050,8,2,1,1,1,2,1
270750060,8,2,1,1,1,2,1
270750065,8,2,1,1,1,2,1
270750070,8,2,1,1,1,2,1
270750080,8,2,1,1,1,2,1
270750090,8,2,1,1,1,2,1
270750105,8,2,1,1,1,2,1
270750110,8,2,1,1,1,2,1
270750115,8,2,1,1,1,2,1
270750120,8,2,1,1,1,2,1
270750125,8,2,1,1,1,2,1
270750130,8,2,1,1,1,2,1
270750135,8,2,1,1,1,2,1
270759999,8,2,1,1,1,2,4
270770005,8,1,2,1,1,2,1
270770010,8,1,2,1,1,2,1
270770015,8,1,2,1,1,2,1
270770020,8,1,2,1,1,2,1
270770030,8,1,2,1,1,2,1
270770031,8,1,2,1,1,2,1
270770035,8,1,2,1,1,2,1
270770040,8,1,2,1,1,2,1
270770044,8,1,2,1,1,2,1
270770045,8,1,2,1,1,2,1
270770046,8,1,2,1,1,2,1
270770050,8,1,2,1,1,2,1
270770055,8,1,2,1,1,2,1
270770065,8,1,2,1,1,2,1
270770070,8,1,2,1,1,2,1
270770075,8,1,2,1,1,2,1
270770080,8,1,2,1,1,2,1
270790005,2,6,4,3,3,1,2
270790010,2,6,4,3,3,1,2
270790015,2,6,4,3,3,1,2
270790020,2,6,4,3,3,6,2
270790025,2,6,4,3,3,1,2
270790030,2,6,4,3,3,1,2
270790035,2,6,4,3,3,6,2
270790040,2,6,4,3,3,1,2
270790045,2,6,4,3,3,1,2
270790047,2,6,4,3,3,1,2
270790050,2,6,4,3,3,1,2
270790055,2,6,4,3,3,1,2
270790062,2,6,4,3,3,6,2
270790065,2,6,4,3,3,6,2
270790075,2,6,4,3,3,3,2
270790085,2,6,4,3,3,6,2
270790087,2,6,4,3,3,1,2
270790090,2,6,4,3,3,6,2
270790100,2,6,4,3,3,6,2
270790105,2,6,4,3,3,6,2
270790110,2,6,4,3,3,3,2
270790115,2,6,4,3,3,3,2
270790120,2,6,4,3,3,3,2
270790125,2,6,4,3,3,1,2
270790130,2,6,4,3,3,1,2
270790140,2,6,4,3,3,1,2
270810005,7,7,3,2,7,3,7
270810010,7,7,3,2,7,3,7
270810015,7,7,3,2,7,3,7
270810020,7,7,3,2,7,3,7
270810025,7,7,3,2,7,3,7
270810030,7,7,3,2,7,3,7
270810035,7,7,3,2,7,3,7
270810040,7,7,3,2,7,3,7
270810045,7,7,3,2,7,1,7
270810050,7,7,3,2,7,3,7
270810055,7,7,3,2,7,1,7
270810060,7,7,3,2,7,1,7
270810065,7,7,3,2,7,3,7
270810070,7,7,3,2,7,3,7
270810075,7,7,3,2,7,3,7
270810080,7,7,3,2,7,3,7
270810085,7,7,3,2,7,3,7
270810090,7,7,3,2,7,3,7
270810095,7,7,3,2,7,1,7
270810100,7,7,3,2,7,1,7
270830005,7,7,3,2,7,3,7
270830010,7,7,3,2,7,1,7
270830015,7,7,3,2,7,3,7
270830020,7,7,3,2,7,3,7
270830025,7,7,3,2,7,3,7
270830030,7,7,3,2,7,1,7
270830035,7,7,3,2,7,3,7
270830040,7,7,3,2,7,3,7
270830045,7,7,3,2,7,1,7
270830050,7,7,3,2,7,1,7
270830055,7,7,3,2,7,3,7
270830060,7,7,3,2,7,3,7
270830065,7,7,3,2,7,3,7
270830070,7,7,3,2,7,3,7
270830075,7,7,3,2,7,3,7
270830080,7,7,3,2,7,3,7
270830085,7,7,3,2,7,3,7
270830090,7,7,3,2,7,3,7
270830095,7,7,3,2,7,3,7
270830105,7,7,3,2,7,3,7
270830115,7,7,3,2,7,3,7
270830125,7,7,3,2,7,3,7
270830130,7,7,3,2,7,1,7
270830135,7,7,3,2,7,3,7
270830140,7,7,3,2,7,1,7
270830145,7,7,3,2,7,3,7
270830150,7,7,3,2,7,1,7
270830155,7,7,3,2,7,3,7
270830160,7,7,3,2,7,3,7
270830165,7,7,3,2,7,3,7
270830170,7,7,3,2,7,1,7
270830180,7,7,3,2,7,3,7
270830185,7,7,3,2,7,3,7
270850005,7,7,3,2,4,3,7
270850010,7,7,3,2,4,3,2
270850015,7,7,3,2,4,3,7
270850020,7,7,3,2,4,3,7
270850025,7,7,3,2,4,3,7
270850030,7,7,3,2,4,3,2
270850035,7,7,3,2,4,3,2
270850040,7,7,3,2,4,3,2
270850045,7,7,3,2,4,3,2
270850050,7,7,3,2,4,3,2
270850055,7,7,3,2,4,3,7
270850060,7,7,3,2,4,3,7
270850065,7,7,3,2,4,3,2
270850070,7,7,3,2,4,3,7
270850075,7,7,3,2,4,3,7
270850080,7,7,3,2,4,3,7
270850095,7,7,3,2,4,3,7
270850100,7,7,3,2,4,3,2
270850105,7,7,3,2,4,3,7
270850110,7,7,3,2,4,3,7
270850115,7,7,3,2,4,3,2
270850120,7,7,3,2,4,3,2
270850125,7,7,3,2,4,3,7
270850130,7,7,3,2,4,3,7
270850135,7,7,3,2,4,3,7
270850140,7,7,3,2,4,3,7
270850145,7,7,3,2,4,3,2
270850150,7,7,3,2,4,3,2
270870005,8,1,3,1,1,2,1
270870010,8,1,3,1,1,2,1
270870015,8,1,3,1,1,2,1
270870020,8,1,3,1,1,2,1
270870025,8,1,3,1,1,2,1
270870030,8,1,3,1,1,2,1
270870035,8,1,3,1,1,2,1
270870040,8,1,3,1,1,2,1
270870045,8,1,3,1,1,2,1
270870050,8,1,3,1,1,2,1
270870055,8,1,3,1,1,2,1
270870060,8,1,3,1,1,2,1
270870065,8,1,3,1,1,2,1
270870070,8,1,3,1,1,2,1
270870075,8,1,3,1,1,2,1
270870080,8,1,3,1,1,2,1
270870085,8,1,3,1,1,2,1
270870090,8,1,3,1,1,2,1
270870095,8,1,3,1,1,2,1
270890005,7,1,2,1,1,2,1
270890010,7,1,2,1,1,2,1
270890015,7,1,2,1,1,2,1
270890020,7,1,2,1,1,2,1
270890025,7,1,2,1,1,2,1
270890030,7,1,2,1,1,2,1
270890035,7,1,2,1,1,2,1
270890040,7,1,2,1,1,2,1
270890045,7,1,2,1,1,2,1
270890050,7,1,2,1,1,2,1
270890055,7,1,2,1,1,2,1
270890060,7,1,2,1,1,2,1
270890065,7,1,2,1,1,2,1
270890070,7,1,2,1,1,2,1
270890075,7,1,2,1,1,2,1
270890080,7,1,2,1,1,2,1
270890085,7,1,2,1,1,2,1
270890090,7,1,2,1,1,2,1
270890095,7,1,2,1,1,2,1
270890100,7,1,2,1,1,2,1
270890105,7,1,2,1,1,2,1
270890110,7,1,2,1,1,2,1
270890115,7,1,2,1,1,2,1
270890120,7,1,2,1,1,2,1
270890125,7,1,2,1,1,2,1
270890130,7,1,2,1,1,2,1
270890135,7,1,2,1,1,2,1
270890140,7,1,2,1,1,2,1
270890145,7,1,2,1,1,2,1
270890150,7,1,2,1,1,2,1
270890155,7,1,2,1,1,2,1
270890160,7,1,2,1,1,2,1
270890165,7,1,2,1,1,2,1
270890166,7,1,2,1,1,2,1
270890170,7,1,2,1,1,2,1
270890175,7,1,2,1,1,2,1
270890180,7,1,2,1,1,2,1
270890185,7,1,2,1,1,2,1
270890190,7,1,2,1,1,2,1
270890195,7,1,2,1,1,2,1
270890200,7,1,2,1,1,2,1
270890205,7,1,2,1,1,2,1
270890210,7,1,2,1,1,2,1
270890215,7,1,2,1,1,2,1
270890220,7,1,2,1,1,2,1
270890225,7,1,2,1,1,2,1
270890230,7,1,2,1,1,2,1
270890235,7,1,2,1,1,2,1
270890240,7,1,2,1,1,2,1
270890245,7,1,2,1,1,2,1
270890250,7,1,2,1,1,2,1
270890255,7,1,2,1,1,2,1
270890260,7,1,2,1,1,2,1
270890265,7,1,2,1,1,2,1
270890270,7,1,2,1,1,2,1
270890275,7,1,2,1,1,2,1
270890285,7,1,2,1,1,2,1
270890290,7,1,2,1,1,2,1
270890295,7,1,2,1,1,2,1
270890300,7,1,2,1,1,2,1
270910005,1,7,4,3,7,1,2
270910010,1,7,4,3,7,1,2
270910015,1,7,4,3,7,1,2
270910020,1,7,4,3,7,1,2
270910025,1,7,4,3,7,1,2
270910030,1,7,4,3,7,1,2
270910035,1,7,4,3,7,1,2
270910040,1,7,4,3,7,1,2
270910050,1,7,4,3,7,1,2
270910055,1,7,4,3,7,1,2
270910065,1,7,4,3,7,1,2
270910070,1,7,4,3,7,1,2
270910080,1,7,4,3,7,1,2
270910085,1,7,4,3,7,1,2
270910095,1,7,4,3,7,1,2
270910100,1,7,4,3,7,1,2
270910105,1,7,4,3,7,1,2
270910110,1,7,4,3,7,1,2
270910115,1,7,4,3,7,1,2
270910120,1,7,4,3,7,1,2
270910125,1,7,4,3,7,1,2
270910130,1,7,4,3,7,1,2
270910135,1,7,4,3,7,1,2
270910140,1,7,4,3,7,1,2
270910145,1,7,4,3,7,1,2
270910150,1,7,4,3,7,1,2
270910155,1,7,4,3,7,1,2
270910160,1,7,4,3,7,1,2
270910165,1,7,4,3,7,1,2
270910170,1,7,4,3,7,1,2
270910175,1,7,4,3,7,1,2
270910180,1,7,4,3,7,1,2
270910185,1,7,4,3,7,1,2
270910195,1,7,4,3,7,1,2
270910200,1,7,4,3,7,1,2
270910205,1,7,4,3,7,1,2
270910210,1,7,4,3,7,1,2
270930005,7,3,3,2,7,3,7
270930010,7,3,3,2,7,3,7
270930015,7,3,3,2,7,3,7
270930020,7,3,3,2,7,3,7
270930025,7,3,3,2,7,3,7
270930030,7,3,3,2,7,3,7
270930035,7,3,3,2,7,3,7
270930040,7,3,3,2,7,3,7
270930045,7,3,3,2,7,3,7
270930050,7,3,3,2,7,3,7
270930055,7,3,3,2,7,3,7
270930060,7,3,3,2,7,3,7
270930065,7,3,3,2,7,3,7
270930070,7,3,3,2,7,3,7
270930075,7,3,3,2,7,3,7
270930080,7,3,3,2,7,3,7
270930085,7,3,3,2,7,3,7
270930090,7,3,3,2,7,3,7
270930095,7,3,3,2,7,3,7
270930100,7,3,3,2,7,3,7
270930105,7,3,3,2,7,3,7
270930110,7,3,3,2,7,3,7
270930115,7,3,3,2,7,3,7
270930120,7,3,3,2,7,3,7
270930125,7,3,3,2,7,3,7
270930130,7,3,3,2,7,3,7
270930135,7,3,3,2,7,3,7
270930140,7,3,3,2,7,3,7
270930145,7,3,3,2,7,3,1
270930150,7,3,3,2,7,3,7
270950005,8,1,2,1,2,4,3
270950010,8,1,2,1,2,4,3
270950015,8,1,2,1,2,4,3
270950020,8,1,2,1,2,4,4
270950025,8,1,2,1,2,4,4
270950030,8,1,2,1,2,4,4
270950035,8,1,2,1,2,4,3
270950040,8,1,2,1,2,4,3
270950045,8,1,2,1,2,4,4
270950050,8,1,2,1,2,4,4
270950055,8,1,2,1,2,4,4
270950060,8,1,2,1,2,4,4
270950065,8,1,2,1,2,4,4
270950070,8,1,2,1,2,4,3
270950075,8,1,2,1,2,4,3
270950080,8,1,2,1,2,4,3
270950085,8,1,2,1,2,4,4
270950090,8,1,2,1,2,4,4
270950095,8,1,2,1,2,4,4
270950100,8,1,2,1,2,4,3
270950105,8,1,2,1,2,4,3
270950110,8,1,2,1,2,4,3
270950115,8,1,2,1,2,4,3
270950120,8,1,2,1,2,4,4
270950125,8,1,2,1,2,4,4
270970005,7,1,2,1,2,3,3
270970010,7,1,2,1,2,3,1
270970015,7,1,2,1,2,3,3
270970020,7,1,2,1,2,3,3
270970025,7,1,2,1,2,3,3
270970030,7,1,2,1,2,3,3
270970035,7,1,2,1,2,3,1
270970045,7,1,2,1,2,3,1
270970050,7,1,2,1,2,3,1
270970055,7,1,2,1,2,3,1
270970060,7,1,2,1,2,3,3
270970065,7,1,2,1,2,3,3
270970070,7,1,2,1,2,3,1
270970075,7,1,2,1,2,3,4
270970080,7,1,2,1,2,3,4
270970085,7,1,2,1,2,3,1
270970090,7,1,2,1,2,3,1
270970095,7,1,2,1,2,4,4
270970100,7,1,2,1,2,4,4
270970105,7,1,2,1,2,4,3
270970110,7,1,2,1,2,3,1
270970115,7,1,2,1,2,4,4
270970120,7,1,2,1,2,3,3
270970125,7,1,2,1,2,3,1
270970130,7,1,2,1,2,3,1
270970135,7,1,2,1,2,3,3
270970140,7,1,2,1,2,4,3
270970145,7,1,2,1,2,3,1
270970150,7,1,2,1,2,3,1
270970155,7,1,2,1,2,4,4
270970160,7,1,2,1,2,3,1
270970165,7,1,2,1,2,3,4
270970170,7,1,2,1,2,3,4
270970175,7,1,2,1,2,3,3
270970180,7,1,2,1,2,3,1
270970185,7,1,2,1,2,3,4
270970195,7,1,2,1,2,3,1
270970200,7,1,2,1,2,4,4
270970205,7,1,2,1,2,3,1
270970210,7,1,2,1,2,3,1
270970215,7,1,2,1,2,3,3
270970220,7,1,2,1,2,3,1
270970225,7,1,2,1,2,3,1
270970230,7,1,2,1,2,3,3
270970235,7,1,2,1,2,3,1
270970240,7,1,2,1,2,3,1
270970245,7,1,2,1,2,3,3
270970250,7,1,2,1,2,3,3
270990005,1,6,4,3,3,1,2
270990010,1,6,4,3,3,1,2
270990015,1,6,4,3,3,1,2
270990020,1,6,4,3,3,1,2
270990025,1,6,4,3,3,1,2
270990030,1,6,4,3,3,1,2
270990035,1,6,4,3,3,1,2
270990050,1,6,4,3,3,1,2
270990055,1,6,4,3,3,1,2
270990070,1,6,4,3,3,1,2
270990075,1,6,4,3,3,1,2
270990080,1,6,4,3,3,1,2
270990085,1,6,4,3,3,1,2
270990090,1,6,4,3,3,1,2
270990095,1,6,4,3,3,1,2
270990100,1,6,4,3,3,1,2
270990105,1,6,4,3,3,1,2
270990110,1,6,4,3,3,1,2
270990115,1,6,4,3,3,1,2
270990120,1,6,4,3,3,1,2
270990125,1,6,4,3,3,1,2
270990130,1,6,4,3,3,1,2
270990135,1,6,4,3,3,1,2
270990140,1,6,4,3,3,1,2
270990145,1,6,4,3,3,1,2
270990150,1,6,4,3,3,1,2
270990155,1,6,4,3,3,1,2
270990160,1,6,4,3,3,1,2
270990165,1,6,4,3,3,1,8
270990170,1,6,4,3,3,1,8
270990175,1,6,4,3,3,1,8
270990180,1,6,4,3,3,1,2
270990185,1,6,4,3,3,1,2
270990190,1,6,4,3,3,1,2
270990195,1,6,4,3,3,1,2
270990200,1,6,4,3,3,1,2
270990205,1,6,4,3,3,1,2
270990210,1,6,4,3,3,1,2
270990215,1,6,4,3,3,1,2
270990220,1,6,4,3,3,1,2
271010005,7,7,3,2,7,1,7
271010010,7,7,3,2,7,1,7
271010015,7,7,3,2,7,1,7
271010020,7,7,3,2,7,1,7
271010025,7,7,3,2,7,1,7
271010030,7,7,3,2,7,1,7
271010035,7,7,3,2,7,1,7
271010040,7,7,3,2,7,1,7
271010045,7,7,3,2,7,1,7
271010046,7,7,3,2,7,1,7
271010050,7,7,3,2,7,1,7
271010055,7,7,3,2,7,1,7
271010060,7,7,3,2,7,1,7
271010065,7,7,3,2,7,1,7
271010070,7,7,3,2,7,1,7
271010075,7,7,3,2,7,1,7
271010080,7,7,3,2,7,1,7
271010085,7,7,3,2,7,1,7
271010090,7,7,3,2,7,1,7
271010095,7,7,3,2,7,1,7
271010100,7,7,3,2,7,1,7
271010105,7,7,3,2,7,1,7
271010110,7,7,3,2,7,1,7
271010115,7,7,3,2,7,1,7
271010120,7,7,3,2,7,1,7
271010125,7,7,3,2,7,1,7
271010130,7,7,3,2,7,1,7
271010135,7,7,3,2,7,1,7
271010140,7,7,3,2,7,1,7
271030005,1,7,4,3,3,1,2
271030010,1,7,4,3,3,3,7
271030015,1,7,4,3,3,1,2
271030020,1,7,4,3,3,1,2
271030025,1,7,4,3,3,1,2
271030030,1,7,4,3,3,1,2
271030035,1,7,4,3,3,3,7
271030040,1,7,4,3,3,3,7
271030045,1,7,4,3,3,3,2
271030050,1,7,4,3,3,1,2
271030055,1,7,4,3,3,3,7
271030060,1,7,4,3,3,1,2
271030065,1,7,4,3,3,1,2
271030070,1,7,4,3,3,1,2
271030075,1,7,4,3,3,1,2
271030080,1,7,4,3,3,1,2
271030085,1,7,4,3,3,1,2
271030090,1,7,4,3,3,1,2
271030095,1,7,4,3,3,1,2
271030100,1,7,4,3,3,1,2
271030110,1,7,4,3,3,1,2
271030115,1,7,4,3,3,3,7
271030120,1,7,4,3,3,1,2
271030125,1,7,4,3,3,1,2
271030130,1,7,4,3,3,1,2
271030135,1,7,4,3,3,1,2
271030140,1,7,4,3,3,1,2
271030145,1,7,4,3,3,3,7
271050005,1,7,3,3,7,1,7
271050010,1,7,3,3,7,1,7
271050015,1,7,3,3,7,1,7
271050020,1,7,3,3,7,1,7
271050025,1,7,3,3,7,1,2
271050030,1,7,3,3,7,1,7
271050035,1,7,3,3,7,1,7
271050040,1,7,3,3,7,1,7
271050045,1,7,3,3,7,1,7
271050050,1,7,3,3,7,1,7
271050055,1,7,3,3,7,1,7
271050060,1,7,3,3,7,1,2
271050065,1,7,3,3,7,1,7
271050070,1,7,3,3,7,1,7
271050075,1,7,3,3,7,1,7
271050080,1,7,3,3,7,1,7
271050085,1,7,3,3,7,1,7
271050090,1,7,3,3,7,1,7
271050095,1,7,3,3,7,1,7
271050100,1,7,3,3,7,1,2
271050105,1,7,3,3,7,1,7
271050110,1,7,3,3,7,1,7
271050115,1,7,3,3,7,1,7
271050120,1,7,3,3,7,1,7
271050125,1,7,3,3,7,1,7
271050130,1,7,3,3,7,1,7
271050135,1,7,3,3,7,1,7
271050140,1,7,3,3,7,1,7
271050145,1,7,3,3,7,1,7
271050150,1,7,3,3,7,1,7
271050155,1,7,3,3,7,1,7
271050160,1,7,3,3,7,1,7
271050165,1,7,3,3,7,1,7
271050166,1,7,3,3,7,1,7
271050170,1,7,3,3,7,1,7
271050175,1,7,3,3,7,1,7
271050180,1,7,3,3,7,1,7
271050185,1,7,3,3,7,1,7
271050186,1,7,3,3,7,1,7
271050190,1,7,3,3,7,1,7
271070005,7,1,3,1,1,2,1
271070010,7,1,3,1,1,2,1
271070015,7,1,3,1,1,2,1
271070020,7,1,3,1,1,2,1
271070025,7,1,3,1,1,2,1
271070030,7,1,3,1,1,2,1
271070035,7,1,3,1,1,2,1
271070040,7,1,3,1,1,2,1
271070045,7,1,3,1,1,2,1
271070050,7,1,3,1,1,2,1
271070055,7,1,3,1,1,2,1
271070060,7,1,3,1,1,2,1
271070065,7,1,3,1,1,2,1
271070070,7,1,3,1,1,2,1
271070075,7,1,3,1,1,2,1
271070080,7,1,3,1,1,2,1
271070085,7,1,3,1,1,2,1
271070090,7,1,3,1,1,2,1
271070095,7,1,3,1,1,2,1
271070100,7,1,3,1,1,2,1
271070105,7,1,3,1,1,2,1
271070110,7,1,3,1,1,2,1
271070115,7,1,3,1,1,2,1
271070120,7,1,3,1,1,2,1
271070125,7,1,3,1,1,2,1
271070130,7,1,3,1,1,2,1
271070135,7,1,3,1,1,2,1
271070140,7,1,3,1,1,2,1
271070145,7,1,3,1,1,2,1
271070150,7,1,3,1,1,2,1
271070155,7,1,3,1,1,2,1
271070160,7,1,3,1,1,2,1
271070165,7,1,3,1,1,2,1
271090005,1,6,4,3,3,1,8
271090010,1,6,4,3,3,1,8
271090011,1,6,4,3,3,1,8
271090012,1,6,4,3,3,1,8
271090013,1,6,4,3,3,1,8
271090015,1,6,4,3,3,1,8
271090020,1,6,4,3,3,1,8
271090025,1,6,4,3,3,1,8
271090030,1,6,4,3,3,1,8
271090035,1,6,4,3,3,1,8
271090040,1,6,4,3,3,1,8
271090045,1,6,4,3,3,1,8
271090050,1,6,4,3,3,1,8
271090055,1,6,4,3,3,1,8
271090060,1,6,4,3,3,1,8
271090065,1,6,4,3,3,1,8
271090066,1,6,4,3,3,1,8
271090070,1,6,4,3,3,1,8
271090075,1,6,4,3,3,1,8
271090080,1,6,4,3,3,1,8
271090085,1,6,4,3,3,1,8
271090088,1,6,4,3,3,1,8
271090090,1,6,4,3,3,1,8
271090095,1,6,4,3,3,1,8
271090096,1,6,4,3,3,1,8
271090098,1,6,4,3,3,1,8
271090100,1,6,4,3,3,1,8
271090102,1,6,4,3,3,1,8
271090104,1,6,4,3,3,1,8
271090106,1,6,4,3,3,1,8
271090108,1,6,4,3,3,1,8
271090110,1,6,4,3,3,1,8
271090112,1,6,4,3,3,1,8
271090114,1,6,4,3,3,1,8
271090116,1,6,4,3,3,1,8
271090118,1,6,4,3,3,1,8
271090122,1,6,4,3,3,1,8
271090124,1,6,4,3,3,1,8
271090126,1,6,4,3,3,1,8
271090128,1,6,4,3,3,1,8
271090130,1,6,4,3,3,1,8
271090132,1,6,4,3,3,1,8
271090134,1,6,4,3,3,1,8
271090136,1,6,4,3,3,1,8
271090140,1,6,4,3,3,1,8
271090142,1,6,4,3,3,1,8
271090144,1,6,4,3,3,1,8
271090146,1,6,4,3,3,1,8
271090148,1,6,4,3,3,1,8
271090150,1,6,4,3,3,1,8
271090152,1,6,4,3,3,1,8
271090154,1,6,4,3,3,1,8
271090156,1,6,4,3,3,1,8
271090158,1,6,4,3,3,1,8
271090160,1,6,4,3,3,1,8
271090162,1,6,4,3,3,1,8
271090164,1,6,4,3,3,1,8
271090166,1,6,4,3,3,1,8
271090168,1,6,4,3,3,1,8
271090170,1,6,4,3,3,1,8
271090172,1,6,4,3,3,1,8
271090174,1,6,4,3,3,1,8
271090176,1,6,4,3,3,1,8
271090178,1,6,4,3,3,1,8
271090180,1,6,4,3,3,1,8
271090182,1,6,4,3,3,1,8
271090184,1,6,4,3,3,1,8
271090186,1,6,4,3,3,1,8
271090194,1,6,4,3,3,1,8
271090196,1,6,4,3,3,1,8
271090198,1,6,4,3,3,1,8
271090200,1,6,4,3,3,1,8
271090202,1,6,4,3,3,1,8
271090204,1,6,4,3,3,1,8
271090206,1,6,4,3,3,1,8
271090208,1,6,4,3,3,1,8
271090210,1,6,4,3,3,1,8
271090211,1,6,4,3,3,1,8
271090212,1,6,4,3,3,1,8
271090213,1,6,4,3,3,1,8
271090215,1,6,4,3,3,1,8
271090220,1,6,4,3,3,1,8
271090225,1,6,4,3,3,1,8
271090230,1,6,4,3,3,1,8
271110005,7,3,3,2,1,3,7
271110010,7,3,3,2,1,2,7
271110015,7,3,3,2,1,3,7
271110020,7,3,3,2,1,3,7
271110025,7,3,3,2,1,2,7
271110030,7,3,3,2,1,2,7
271110035,7,3,3,2,1,2,7
271110040,7,3,3,2,1,3,7
271110045,7,3,3,2,1,2,1
271110050,7,3,3,2,1,2,7
271110055,7,3,3,2,1,3,7
271110060,7,3,3,2,1,3,7
271110065,7,3,3,2,1,3,7
271110070,7,3,3,2,1,2,7
271110075,7,3,3,2,1,2,1
271110080,7,3,3,2,1,3,7
271110085,7,3,3,2,1,3,7
271110090,7,3,3,2,1,2,7
271110095,7,3,3,2,1,2,1
271110100,7,3,3,2,1,2,1
271110105,7,3,3,2,1,2,7
271110110,7,3,3,2,1,2,7
271110115,7,3,3,2,1,2,7
271110120,7,3,3,2,1,3,7
271110125,7,3,3,2,1,3,1
271110130,7,3,3,2,1,2,7
271110135,7,3,3,2,1,3,7
271110140,7,3,3,2,1,2,7
271110145,7,3,3,2,1,2,7
271110150,7,3,3,2,1,3,7
271110155,7,3,3,2,1,2,7
271110160,7,3,3,2,1,2,7
271110165,7,3,3,2,1,3,7
271110170,7,3,3,2,1,3,7
271110175,7,3,3,2,1,3,7
271110180,7,3,3,2,1,3,7
271110185,7,3,3,2,1,3,7
271110186,7,3,3,2,1,3,7
271110190,7,3,3,2,1,3,7
271110195,7,3,3,2,1,3,7
271110200,7,3,3,2,1,3,7
271110205,7,3,3,2,1,3,7
271110210,7,3,3,2,1,3,7
271110215,7,3,3,2,1,3,7
271110220,7,3,3,2,1,2,7
271110225,7,3,3,2,1,3,7
271110230,7,3,3,2,1,2,1
271110235,7,3,3,2,1,3,7
271110240,7,3,3,2,1,3,7
271110245,7,3,3,2,1,2,7
271110250,7,3,3,2,1,2,1
271110255,7,3,3,2,1,3,7
271110260,7,3,3,2,1,2,7
271110265,7,3,3,2,1,3,7
271110270,7,3,3,2,1,2,7
271110275,7,3,3,2,1,2,7
271110280,7,3,3,2,1,2,7
271110285,7,3,3,2,1,2,1
271110290,7,3,3,2,1,2,1
271110295,7,3,3,2,1,3,7
271110300,7,3,3,2,1,2,7
271110305,7,3,3,2,1,3,7
271110310,7,3,3,2,1,3,7
271110315,7,3,3,2,1,2,7
271110320,7,3,3,2,1,2,7
271110325,7,3,3,2,1,2,7
271110330,7,3,3,2,1,2,1
271110335,7,3,3,2,1,2,1
271110340,7,3,3,2,1,3,7
271110345,7,3,3,2,1,3,7
271110350,7,3,3,2,1,2,7
271110355,7,3,3,2,1,2,7
271110360,7,3,3,2,1,2,1
271110365,7,3,3,2,1,2,1
271110370,7,3,3,2,1,2,1
271110375,7,3,3,2,1,2,1
271110380,7,3,3,2,1,2,7
271110385,7,3,3,2,1,2,1
271110390,7,3,3,2,1,3,7
271110395,7,3,3,2,1,2,7
271110400,7,3,3,2,1,2,7
271110405,7,3,3,2,1,3,7
271110410,7,3,3,2,1,3,7
271110415,7,3,3,2,1,2,7
271110420,7,3,3,2,1,3,7
271110425,7,3,3,2,1,3,7
271110430,7,3,3,2,1,3,7
271110435,7,3,3,2,1,2,7
271110440,7,3,3,2,1,3,7
271110445,7,3,3,2,1,2,7
271110450,7,3,3,2,1,3,7
271110455,7,3,3,2,1,3,7
271130005,7,1,3,1,1,2,1
271130010,7,1,3,1,1,2,1
271130015,7,1,3,1,1,2,1
271130020,7,1,3,1,1,2,1
271130025,7,1,3,1,1,2,1
271130030,7,1,3,1,1,2,1
271130035,7,1,3,1,1,2,1
271130040,7,1,3,1,1,2,1
271130045,7,1,3,1,1,2,1
271130050,7,1,3,1,1,2,1
271130055,7,1,3,1,1,2,1
271130060,7,1,3,1,1,2,1
271130065,7,1,3,1,1,2,1
271130070,7,1,3,1,1,2,1
271130075,7,1,3,1,1,2,1
271130080,7,1,3,1,1,2,1
271130085,7,1,3,1,1,2,1
271130090,7,1,3,1,1,2,1
271130095,7,1,3,1,1,2,1
271130100,7,1,3,1,1,2,1
271130105,7,1,3,1,1,2,1
271130110,7,1,3,1,1,2,1
271130115,7,1,3,1,1,2,1
271130120,7,1,3,1,1,2,1
271130125,7,1,3,1,1,2,1
271130135,7,1,3,1,1,2,1
271130150,7,1,3,1,1,2,1
271130155,7,1,3,1,1,2,1
271130165,7,1,3,1,1,2,1
271130180,7,1,3,1,1,2,1
271130195,7,1,3,1,1,2,1
271150005,8,2,1,1,2,4,4
271150010,8,2,1,1,2,4,4
271150015,8,2,1,1,2,4,4
271150020,8,2,1,1,2,4,4
271150025,8,2,1,1,2,4,4
271150030,8,2,1,1,2,4,4
271150035,8,2,1,1,2,4,4
271150040,8,2,1,1,2,4,4
271150045,8,2,1,1,2,4,4
271150050,8,2,1,1,2,4,4
271150055,8,2,1,1,2,4,4
271150060,8,2,1,1,2,4,4
271150065,8,2,1,1,2,4,4
271150070,8,2,1,1,2,4,4
271150075,8,2,1,1,2,4,4
271150080,8,2,1,1,2,4,4
271150085,8,2,1,1,2,4,4
271150090,8,2,1,1,2,4,4
271150095,8,2,1,1,2,4,4
271150100,8,2,1,1,2,4,4
271150105,8,2,1,1,2,4,4
271150110,8,2,1,1,2,4,4
271150115,8,2,1,1,2,2,4
271150120,8,2,1,1,2,2,4
271150125,8,2,1,1,2,4,4
271150135,8,2,1,1,2,4,4
271150140,8,2,1,1,2,4,4
271150145,8,2,1,1,2,4,4
271150150,8,2,1,1,2,2,4
271150155,8,2,1,1,2,4,4
271150160,8,2,1,1,2,4,4
271150165,8,2,1,1,2,4,4
271150170,8,2,1,1,2,4,4
271150175,8,2,1,1,2,4,4
271150185,8,2,1,1,2,4,4
271150190,8,2,1,1,2,4,4
271150195,8,2,1,1,2,4,4
271150200,8,2,1,1,2,4,4
271150205,8,2,1,1,2,4,4
271150207,8,2,1,1,2,4,4
271150210,8,2,1,1,2,4,4
271150215,8,2,1,1,2,4,4
271150221,8,2,1,1,2,4,4
271150225,8,2,1,1,2,4,4
271150230,8,2,1,1,2,4,4
271150235,8,2,1,1,2,4,4
271150240,8,2,1,1,2,4,4
271170005,7,7,3,2,7,1,7
271170010,7,7,3,2,7,1,7
271170015,7,7,3,2,7,1,7
271170020,7,7,3,2,7,1,7
271170025,7,7,3,2,7,1,7
271170030,7,7,3,2,7,1,7
271170035,7,7,3,2,7,1,7
271170040,7,7,3,2,7,1,7
271170045,7,7,3,2,7,1,7
271170050,7,7,3,2,7,1,7
271170055,7,7,3,2,7,1,7
271170060,7,7,3,2,7,1,7
271170065,7,7,3,2,7,1,7
271170070,7,7,3,2,7,1,7
271170075,7,7,3,2,7,1,7
271170080,7,7,3,2,7,1,7
271170100,7,7,3,2,7,1,7
271170105,7,7,3,2,7,1,7
271170110,7,7,3,2,7,1,7
271170115,7,7,3,2,7,1,7
271170120,7,7,3,2,7,1,7
271170125,7,7,3,2,7,1,7
271190005,7,1,3,1,1,2,1
271190010,7,1,3,1,1,2,1
271190015,7,1,3,1,1,2,1
271190020,7,1,3,1,1,2,1
271190025,7,1,3,1,1,2,1
271190030,7,1,3,1,1,2,1
271190035,7,1,3,1,1,2,1
271190040,7,1,3,1,1,2,1
271190045,7,1,3,1,1,2,1
271190050,7,1,3,1,1,2,1
271190055,7,1,3,1,1,2,1
271190060,7,1,3,1,1,2,1
271190065,7,1,3,1,1,2,1
271190070,7,1,3,1,1,2,1
271190075,7,1,3,1,1,2,1
271190080,7,1,3,1,1,2,1
271190085,7,1,3,1,1,2,1
271190090,7,1,3,1,1,2,1
271190105,7,1,3,1,1,2,1
271190110,7,1,3,1,1,2,1
271190120,7,1,3,1,1,2,1
271190130,7,1,3,1,1,2,1
271190140,7,1,3,1,1,2,1
271190150,7,1,3,1,1,2,1
271190160,7,1,3,1,1,2,1
271190165,7,1,3,1,1,2,1
271190170,7,1,3,1,1,2,1
271190175,7,1,3,1,1,2,1
271190180,7,1,3,1,1,2,1
271190185,7,1,3,1,1,2,1
271190190,7,1,3,1,1,2,1
271190195,7,1,3,1,1,2,1
271190200,7,1,3,1,1,2,1
271190205,7,1,3,1,1,2,1
271190210,7,1,3,1,1,2,1
271190220,7,1,3,1,1,2,1
271190225,7,1,3,1,1,2,1
271190230,7,1,3,1,1,2,1
271190235,7,1,3,1,1,2,1
271190240,7,1,3,1,1,2,1
271190245,7,1,3,1,1,2,1
271190250,7,1,3,1,1,2,1
271190255,7,1,3,1,1,2,1
271190260,7,1,3,1,1,2,1
271190265,7,1,3,1,1,2,1
271190270,7,1,3,1,1,2,1
271190275,7,1,3,1,1,2,1
271190280,7,1,3,1,1,2,1
271190285,7,1,3,1,1,2,1
271190290,7,1,3,1,1,2,1
271190295,7,1,3,1,1,2,1
271190300,7,1,3,1,1,2,1
271190305,7,1,3,1,1,2,1
271190310,7,1,3,1,1,2,1
271190315,7,1,3,1,1,2,1
271190320,7,1,3,1,1,2,1
271190325,7,1,3,1,1,2,1
271190330,7,1,3,1,1,2,1
271190335,7,1,3,1,1,2,1
271190340,7,1,3,1,1,2,1
271190345,7,1,3,1,1,2,1
271190350,7,1,3,1,1,2,1
271190355,7,1,3,1,1,2,1
271190360,7,1,3,1,1,2,1
271190365,7,1,3,1,1,2,1
271190370,7,1,3,1,1,2,1
271190375,7,1,3,1,1,2,1
271190380,7,1,3,1,1,2,1
271190385,7,1,3,1,1,2,1
271190390,7,1,3,1,1,2,1
271190395,7,1,3,1,1,2,1
271190400,7,1,3,1,1,2,1
271190405,7,1,3,1,1,2,1
271190410,7,1,3,1,1,2,1
271190415,7,1,3,1,1,2,1
271190420,7,1,3,1,1,2,1
271190430,7,1,3,1,1,2,1
271190435,7,1,3,1,1,2,1
271190440,7,1,3,1,1,2,1
271190445,7,1,3,1,1,2,1
271190450,7,1,3,1,1,2,1
271190455,7,1,3,1,1,2,1
271210005,7,3,3,2,2,3,7
271210010,7,3,3,2,2,3,7
271210015,7,3,3,2,2,3,1
271210020,7,3,3,2,2,3,7
271210022,7,3,3,2,2,3,7
271210025,7,3,3,2,2,3,7
271210030,7,3,3,2,2,3,7
271210035,7,3,3,2,2,3,1
271210040,7,3,3,2,2,3,7
271210045,7,3,3,2,2,3,1
271210050,7,3,3,2,2,3,1
271210055,7,3,3,2,2,3,1
271210060,7,3,3,2,2,3,1
271210065,7,3,3,2,2,3,7
271210070,7,3,3,2,2,3,7
271210075,7,3,3,2,2,3,7
271210080,7,3,3,2,2,3,1
271210085,7,3,3,2,2,3,1
271210090,7,3,3,2,2,3,1
271210095,7,3,3,2,2,3,1
271210100,7,3,3,2,2,3,7
271210105,7,3,3,2,2,3,7
271210110,7,3,3,2,2,3,1
271210115,7,3,3,2,2,3,7
271210120,7,3,3,2,2,3,7
271210125,7,3,3,2,2,3,1
271210130,7,3,3,2,2,3,1
271210135,7,3,3,2,2,3,7
271210140,7,3,3,2,2,3,1
271210145,7,3,3,2,2,3,1
271210150,7,3,3,2,2,3,1
271230010,4,4,6,6,5,8,6
271230020,4,4,6,6,5,8,6
271230030,4,4,6,6,5,8,6
271230050,4,4,6,6,5,8,4
271230060,4,4,6,4,5,8,5
271230070,4,4,6,6,5,8,5
271230080,4,4,6,6,5,8,4
271230090,4,4,6,4,5,8,5
271230100,4,4,6,6,5,8,6
271230110,4,4,6,6,5,8,6
271230120,4,4,6,6,5,8,6
271230130,4,4,6,6,5,8,6
271230140,4,4,6,6,5,8,6
271230150,4,4,6,6,5,8,6
271230160,4,4,6,6,5,8,6
271230170,4,4,6,6,5,8,6
271230180,4,4,6,6,5,8,6
271230190,4,4,6,6,5,8,6
271230200,4,4,6,6,5,8,6
271230210,4,4,6,6,5,8,6
271230220,4,4,6,6,5,8,6
271230230,4,4,6,6,5,8,6
271230240,4,4,5,6,5,8,4
271230250,4,4,5,6,5,8,8
271230290,4,4,6,6,5,7,6
271230300,4,4,6,6,5,8,4
271230310,4,4,6,6,5,7,6
271230320,4,4,6,6,5,8,6
271230330,4,4,6,6,5,8,5
271230335,4,4,6,6,5,8,6
271230340,4,4,6,6,5,8,6
271230345,4,4,6,6,5,8,6
271230350,4,4,6,6,5,8,6
271230355,4,4,6,6,5,7,6
271230360,4,4,6,6,5,8,6
271230365,4,4,6,6,5,7,6
271230370,4,4,6,6,5,8,4
271230380,4,4,6,6,5,8,4
271230390,4,4,6,6,5,8,6
271230400,4,4,6,6,5,8,6
271230410,4,4,6,6,5,8,6
271230420,4,4,6,6,5,8,6
271230430,4,4,6,6,5,8,5
271230440,4,4,6,6,5,8,6
271230450,4,4,6,6,5,8,6
271230460,4,4,6,6,5,8,6
271230470,4,4,6,6,5,8,5
271230480,4,4,6,6,5,8,6
271230490,4,4,6,6,5,8,5
271230500,4,4,6,6,5,8,6
271230510,4,4,6,6,5,8,6
271230520,4,4,6,6,5,8,5
271230530,5,4,6,6,5,8,6
271230540,4,4,6,4,5,8,8
271230550,4,4,6,4,5,8,5
271230560,4,4,6,4,5,8,5
271230570,4,4,6,4,5,8,5
271230580,4,4,6,4,5,8,5
271230590,4,4,6,4,5,8,8
271230600,4,4,6,4,5,8,8
271230610,4,4,6,4,5,8,8
271230620,4,4,6,4,5,8,5
271230630,4,4,6,4,5,8,5
271230640,4,4,6,4,5,8,5
271230650,4,4,6,4,5,8,8
271230660,4,4,6,4,5,8,8
271230670,4,4,6,4,5,8,5
271230675,4,4,6,4,5,8,5
271230678,4,4,6,4,5,8,5
271230680,4,4,6,4,5,8,8
271230690,4,4,6,4,5,8,8
271230700,4,4,6,4,5,8,5
271230710,4,4,6,4,5,8,8
271230720,4,4,6,4,5,8,5
271230730,4,4,5,4,5,8,5
271230740,4,4,6,4,5,8,8
271230750,4,4,6,4,5,8,8
271230760,4,4,6,4,5,8,8
271230770,4,4,6,4,5,8,8
271230780,4,4,5,4,5,8,8
271230790,4,4,5,4,5,8,5
271230800,4,4,5,4,5,8,8
271230810,4,4,5,4,5,8,5
271230820,4,4,5,4,5,8,8
271230840,4,4,5,4,5,8,5
271230850,4,4,5,4,5,8,5
271230860,4,4,5,4,5,8,5
271230870,4,4,5,4,5,8,5
271230880,4,4,5,4,5,5,5
271230890,4,4,5,4,5,8,5
271230900,4,4,5,4,5,8,5
271230910,4,4,5,4,5,8,5
271230920,4,4,5,4,5,8,5
271230930,4,4,5,4,5,8,5
271230940,4,4,5,4,5,8,5
271230950,4,4,5,4,5,8,8
271230960,4,4,5,4,5,8,5
271230970,4,4,5,4,5,8,5
271231000,4,4,6,4,5,8,5
271231010,4,4,6,4,5,8,5
271231020,4,4,6,4,5,8,5
271231030,4,4,6,4,5,8,5
271231040,4,4,6,4,5,8,5
271231050,4,4,6,4,5,8,5
271231060,4,4,5,4,5,8,5
271231070,4,4,6,4,5,8,5
271231080,4,4,6,4,5,8,5
271231090,4,4,6,4,5,8,5
271231100,4,4,6,4,5,8,5
271231110,4,4,6,4,5,8,5
271231120,4,4,6,4,5,8,5
271231130,4,4,6,4,5,8,5
271231140,4,4,6,4,5,8,5
271231160,4,4,6,6,5,8,5
271231170,4,4,6,6,5,8,5
271231180,4,4,6,4,5,8,5
271231190,4,4,6,6,5,8,5
271231200,4,4,6,6,5,8,6
271231210,4,4,6,4,5,8,5
271231220,4,4,6,4,5,8,6
271231230,4,4,6,6,5,8,6
271231240,4,4,6,6,5,8,5
271231250,4,4,6,4,5,8,5
271231290,4,4,6,6,5,8,5
271231300,4,4,6,6,5,8,6
271231310,4,4,6,6,5,8,6
271231320,4,4,6,6,5,8,6
271231330,4,4,6,6,5,8,6
271231340,4,4,6,6,5,8,8
271231350,4,4,6,6,5,8,5
271231360,4,4,6,6,5,8,6
271231370,4,4,6,6,5,8,6
271231380,4,4,6,6,5,8,6
271231390,4,4,6,6,5,8,6
271231400,4,4,6,6,5,8,6
271231430,4,4,5,4,5,8,8
271231440,4,4,6,6,5,8,6
271231450,4,4,5,6,5,8,6
271231460,4,4,5,4,5,8,6
271231470,4,4,5,4,5,8,8
271231480,4,4,6,6,5,8,6
271231490,4,4,5,6,5,8,6
271231500,4,4,5,6,5,8,6
271231510,4,4,6,6,5,8,6
271231520,4,4,6,6,5,8,6
271231530,4,4,5,6,5,8,6
271231540,4,4,5,6,5,8,4
271231550,4,4,5,6,5,8,8
271231580,4,4,6,6,5,8,6
271231600,4,4,6,6,5,8,6
271231610,4,4,6,6,5,8,4
271231620,4,4,6,6,5,8,4
271231630,4,4,6,6,5,8,4
271231640,4,4,6,6,5,8,4
271231650,4,4,6,6,5,7,6
271231660,4,4,6,6,5,8,4
271231670,4,4,6,6,5,8,6
271231680,4,4,6,6,5,8,6
271231690,4,4,6,6,5,8,6
271231700,4,4,6,6,5,8,4
271231710,4,4,6,6,5,8,4
271231720,4,4,6,6,5,8,4
271231730,4,4,6,6,5,8,6
271231740,4,4,6,6,5,8,4
271231750,4,4,6,6,5,8,4
271231760,4,4,6,6,5,8,6
271231765,4,4,6,6,5,8,6
271231770,4,4,6,6,5,8,6
271231780,4,4,6,6,5,8,4
271250005,7,1,3,1,1,2,1
271250010,7,1,3,1,1,2,1
271250015,7,1,3,1,1,2,1
271250020,7,1,3,1,1,2,1
271250025,7,1,3,1,1,2,1
271250030,7,1,3,1,1,2,1
271250035,7,1,3,1,1,2,1
271250040,7,1,3,1,1,2,1
271250045,7,1,3,1,1,2,1
271250050,7,1,3,1,1,2,1
271250055,7,1,3,1,1,2,1
271250060,7,1,3,1,1,2,1
271250065,7,1,3,1,1,2,1
271250070,7,1,3,1,1,2,1
271250075,7,1,3,1,1,2,1
271250080,7,1,3,1,1,2,1
271250085,7,1,3,1,1,2,1
271250087,7,1,3,1,1,2,1
271250090,7,1,3,1,1,2,1
271250095,7,1,3,1,1,2,1
271250100,7,1,3,1,1,2,1
271270005,7,7,3,2,7,3,7
271270010,7,7,3,2,7,3,2
271270015,7,7,3,2,7,1,7
271270020,7,7,3,2,7,3,7
271270025,7,7,3,2,7,3,7
271270030,7,7,3,2,7,3,7
271270035,7,7,3,2,7,3,7
271270040,7,7,3,2,7,3,7
271270045,7,7,3,2,7,3,7
271270050,7,7,3,2,7,3,7
271270055,7,7,3,2,7,3,7
271270060,7,7,3,2,7,1,7
271270065,7,7,3,2,7,1,7
271270070,7,7,3,2,7,3,7
271270075,7,7,3,2,7,3,7
271270080,7,7,3,2,7,3,7
271270085,7,7,3,2,7,3,7
271270090,7,7,3,2,7,3,7
271270095,7,7,3,2,7,1,7
271270105,7,7,3,2,7,3,7
271270110,7,7,3,2,7,3,7
271270115,7,7,3,2,7,3,7
271270120,7,7,3,2,7,3,7
271270125,7,7,3,2,7,3,7
271270130,7,7,3,2,7,1,7
271270135,7,7,3,2,7,1,7
271270140,7,7,3,2,7,3,7
271270145,7,7,3,2,7,3,7
271270150,7,7,3,2,7,3,7
271270155,7,7,3,2,7,1,7
271270160,7,7,3,2,7,3,2
271270165,7,7,3,2,7,3,7
271270170,7,7,3,2,7,3,7
271270175,7,7,3,2,7,3,7
271270180,7,7,3,2,7,3,7
271270185,7,7,3,2,7,3,7
271270190,7,7,3,2,7,3,7
271270195,7,7,3,2,7,3,7
271270200,7,7,3,2,7,1,7
271270205,7,7,3,2,7,3,7
271270210,7,7,3,2,7,3,7
271270215,7,7,3,2,7,3,7
271270220,7,7,3,2,7,3,7
271290005,7,7,3,2,7,3,7
271290010,7,7,3,2,7,3,7
271290015,7,7,3,2,7,3,7
271290020,7,7,3,2,7,3,7
271290025,7,7,3,2,7,3,7
271290030,7,7,3,2,7,3,7
271290035,7,7,3,2,7,3,7
271290040,7,7,3,2,7,3,7
271290045,7,7,3,2,7,3,7
271290050,7,7,3,2,7,3,7
271290055,7,7,3,2,7,3,7
271290060,7,7,3,2,7,3,7
271290065,7,7,3,2,7,3,7
271290070,7,7,3,2,7,3,7
271290075,7,7,3,2,7,3,7
271290080,7,7,3,2,7,3,7
271290085,7,7,3,2,7,3,7
271290090,7,7,3,2,7,3,7
271290095,7,7,3,2,7,3,7
271290100,7,7,3,2,7,3,7
271290105,7,7,3,2,7,3,7
271290110,7,7,3,2,7,3,7
271290115,7,7,3,2,7,3,7
271290120,7,7,3,2,7,3,7
271290125,7,7,3,2,7,3,7
271290130,7,7,3,2,7,3,7
271290135,7,7,3,2,7,3,7
271290140,7,7,3,2,7,3,7
271290145,7,7,3,2,7,3,7
271290150,7,7,3,2,7,3,7
271290155,7,7,3,2,7,3,7
271290160,7,7,3,2,7,3,7
271290165,7,7,3,2,7,3,7
271290170,7,7,3,2,7,3,7
271290175,7,7,3,2,7,3,7
271290180,7,7,3,2,7,3,7
271290185,7,7,3,2,7,3,7
271310005,2,6,4,4,3,5,8
271310010,1,6,4,4,3,1,2
271310012,1,6,4,4,3,5,8
271310015,2,6,4,4,3,5,8
271310020,2,6,4,4,3,6,2
271310025,1,6,4,4,3,1,2
271310030,1,6,4,4,3,1,2
271310035,1,6,4,4,3,1,2
271310040,1,6,4,4,3,1,2
271310055,2,6,4,4,3,6,2
271310060,2,6,4,4,3,6,2
271310065,2,6,4,4,3,1,2
271310070,2,6,4,4,3,1,2
271310075,1,6,4,4,3,1,8
271310080,2,6,4,4,3,5,8
271310085,2,6,4,4,3,5,8
271310090,2,6,4,4,3,5,8
271310095,2,6,4,4,3,5,8
271310105,2,6,4,4,3,5,8
271310113,2,6,4,4,3,5,8
271310114,2,6,4,4,3,5,8
271310115,2,6,4,4,3,5,8
271310120,1,6,4,4,3,1,8
271310125,2,6,4,4,3,1,2
271310130,1,6,4,4,3,1,2
271310135,1,6,4,4,3,1,2
271310140,2,6,4,4,3,6,8
271310142,2,6,4,4,3,6,8
271310145,1,6,4,4,3,1,2
271310150,2,6,4,4,3,6,2
271310155,1,6,4,4,3,1,8
271330005,1,7,3,2,7,1,7
271330010,1,7,3,2,7,1,7
271330015,1,7,3,2,7,1,7
271330020,1,7,3,2,7,1,7
271330025,1,7,3,2,7,1,7
271330030,1,7,3,2,7,1,7
271330035,1,7,3,2,7,1,7
271330040,1,7,3,2,7,1,7
271330045,1,7,3,2,7,1,7
271330050,1,7,3,2,7,1,7
271330055,1,7,3,2,7,1,7
271330060,1,7,3,2,7,1,7
271330065,1,7,3,2,7,1,7
271330070,1,7,3,2,7,1,7
271330075,1,7,3,2,7,1,7
271330077,1,7,3,2,7,1,7
271330080,1,7,3,2,7,1,7
271330085,1,7,3,2,7,1,7
271330090,1,7,3,2,7,1,7
271330095,1,7,3,2,7,1,7
271330100,1,7,3,2,7,1,7
271330105,1,7,3,2,7,1,7
271330110,1,7,3,2,7,1,7
271330115,1,7,3,2,7,1,7
271350005,7,1,2,1,1,2,1
271350010,7,1,2,1,1,2,1
271350015,7,1,2,1,1,2,1
271350020,7,1,2,1,1,2,1
271350025,7,1,2,1,1,2,1
271350028,7,1,2,1,1,2,1
271350030,7,1,2,1,1,2,1
271350035,7,1,2,1,1,2,1
271350040,7,1,2,1,1,2,1
271350045,7,1,2,1,1,2,1
271350050,7,1,2,1,1,2,1
271350055,7,1,2,1,1,2,1
271350060,7,1,2,1,1,2,1
271350065,7,1,2,1,1,2,1
271350070,7,1,2,1,1,2,1
271350075,7,1,2,1,1,2,1
271350080,7,1,2,1,1,2,1
271350083,7,1,2,1,1,2,1
271350085,7,1,2,1,1,2,1
271350090,7,1,2,1,1,2,1
271350095,7,1,2,1,1,2,1
271350100,7,1,2,1,1,2,1
271350105,7,1,2,1,1,2,1
271350110,7,1,2,1,1,2,1
271350115,7,1,2,1,1,2,1
271350120,7,1,2,1,1,2,1
271350121,7,1,2,1,1,2,1
271350122,7,1,2,1,1,2,1
271350125,7,1,2,1,1,2,1
271350130,7,1,2,1,1,2,1
271350135,7,1,2,1,1,2,1
271350140,7,1,2,1,1,2,1
271350145,7,1,2,1,1,2,1
271350150,7,1,2,1,1,2,1
271350155,7,1,2,1,1,2,1
271350160,7,1,2,1,1,2,1
271350165,7,1,2,1,1,2,1
271350170,7,1,2,1,1,2,1
271350175,7,1,2,1,1,2,1
271350176,7,1,2,1,1,2,1
271350180,7,1,2,1,1,2,1
271350185,7,1,2,1,1,2,1
271350190,7,1,2,1,1,2,1
271350195,7,1,2,1,1,2,1
271370005,8,2,1,1,1,2,1
271370010,8,2,1,1,1,2,1
271370015,8,2,1,1,1,2,1
271370020,8,2,1,1,1,2,1
271370025,8,2,1,1,1,2,1
271370030,8,2,1,1,1,2,1
271370031,8,2,1,1,1,2,1
271370035,8,2,1,1,1,2,1
271370040,8,2,1,1,1,2,1
271370045,8,2,1,1,1,2,1
271370050,8,2,1,1,1,2,1
271370055,8,2,1,1,1,2,1
271370060,8,2,1,1,1,2,1
271370065,8,2,1,1,1,2,1
271370066,8,2,1,1,1,2,1
271370070,8,2,1,1,1,2,4
271370075,8,2,1,1,1,2,1
271370080,8,2,1,1,1,2,1
271370085,8,2,1,1,1,2,1
271370090,8,2,1,1,1,2,1
271370095,8,2,1,1,1,2,1
271370100,8,2,1,1,1,2,1
271370115,8,2,1,1,1,2,1
271370120,8,2,1,1,1,2,1
271370125,8,2,1,1,1,2,1
271370130,8,2,1,1,1,2,1
271370133,8,2,1,1,1,2,1
271370135,8,2,1,1,1,2,1
271370140,8,2,1,1,1,2,1
271370145,8,2,1,1,1,2,1
271370150,8,2,1,1,1,2,4
271370155,8,2,1,1,1,2,1
271370160,8,2,1,1,1,2,1
271370165,8,2,1,1,1,2,1
271370170,8,2,1,1,1,2,1
271370175,8,2,1,1,1,2,4
271370180,8,2,1,1,1,2,1
271370190,8,2,1,1,1,2,1
271370195,8,2,1,1,1,2,4
271370200,8,2,1,1,1,2,1
271370205,8,2,1,1,1,2,1
271370210,8,2,1,1,1,2,4
271370215,8,2,1,1,1,2,4
271370220,8,2,1,1,1,2,4
271370230,8,2,1,1,1,2,4
271370240,8,2,1,1,1,2,4
271370245,8,2,1,1,1,2,4
271370250,8,2,1,1,1,2,4
271370255,8,2,1,1,1,2,4
271370260,8,2,1,1,1,2,4
271370265,8,2,1,1,1,2,4
271370270,8,2,1,1,1,2,4
271370275,8,2,1,1,1,2,4
271370280,8,2,1,1,1,2,4
271370285,8,2,1,1,1,2,4
271370290,8,2,1,1,1,2,4
271370295,8,2,1,1,1,2,4
271370300,8,2,1,1,1,2,4
271370305,8,2,1,1,1,2,4
271370315,8,2,1,1,1,2,4
271370320,8,2,1,1,1,2,4
271370325,8,2,1,1,1,2,4
271370435,8,2,1,1,1,2,1
271370437,8,2,1,1,1,2,1
271370440,8,2,1,1,1,2,1
271370445,8,2,1,1,1,2,1
271370450,8,2,1,1,1,2,1
271370470,8,2,1,1,1,2,1
271370475,8,2,1,1,1,2,1
271370480,8,2,1,1,1,2,1
271370505,8,2,1,1,1,2,1
271370510,8,2,1,1,1,2,1
271370515,8,2,1,1,1,2,1
271370520,8,2,1,1,1,2,4
271370525,8,2,1,1,1,2,4
271370530,8,2,1,1,1,2,4
271370540,8,2,1,1,1,2,1
271370545,8,2,1,1,1,2,1
271370550,8,2,1,1,1,2,1
271370565,8,2,1,1,1,2,1
271370570,8,2,1,1,1,2,1
271370575,8,2,1,1,1,2,1
271370580,8,2,1,1,1,2,1
271370585,8,2,1,1,1,2,1
271370590,8,2,1,1,1,2,4
271370591,8,2,1,1,1,2,4
271370595,8,2,1,1,1,2,1
271370600,8,2,1,1,1,2,1
271370605,8,2,1,1,1,2,4
271370615,8,2,1,1,1,2,1
271370620,8,2,1,1,1,2,1
271370625,8,2,1,1,1,2,1
271370630,8,2,1,1,1,2,1
271370635,8,2,1,1,1,2,1
271370640,8,2,1,1,1,2,1
271370645,8,2,1,1,1,2,1
271370735,8,2,1,1,1,2,1
271370750,8,2,1,1,1,2,4
271370755,8,2,1,1,1,2,1
271370760,8,2,1,1,1,2,1
271370765,8,2,1,1,1,2,1
271370770,8,2,1,1,1,2,1
271370775,8,2,1,1,1,2,1
271370780,8,2,1,1,1,2,1
271370785,8,2,1,1,1,2,1
271370790,8,2,1,1,1,2,1
271370795,8,2,1,1,1,2,1
271370797,8,2,1,1,1,2,1
271370799,8,2,1,1,1,2,1
271370800,8,2,1,1,1,2,1
271370805,8,2,1,1,1,2,1
271370810,8,2,1,1,1,2,1
271370815,8,2,1,1,1,2,1
271370820,8,2,1,1,1,2,1
271370821,8,2,1,1,1,2,1
271370825,8,2,1,1,1,2,1
271370840,8,2,1,1,1,2,1
271370845,8,2,1,1,1,2,1
271370850,8,2,1,1,1,2,1
271370852,8,2,1,1,1,2,1
271370855,8,2,1,1,1,2,1
271370857,8,2,1,1,1,2,1
271370860,8,2,1,1,1,2,1
271370865,8,2,1,1,1,2,1
271370875,8,2,1,1,1,2,1
271370880,8,2,1,1,1,2,1
271370881,8,2,1,1,1,2,1
271370885,8,2,1,1,1,2,1
271370890,8,2,1,1,1,2,4
271370895,8,2,1,1,1,2,4
271370910,8,2,1,1,1,2,1
271370915,8,2,1,1,1,2,1
271370920,8,2,1,1,1,2,1
271370925,8,2,1,1,1,2,4
271370930,8,2,1,1,1,2,1
271370935,8,2,1,1,1,2,1
271370940,8,2,1,1,1,2,1
271370942,8,2,1,1,1,2,1
271370945,8,2,1,1,1,2,1
271370950,8,2,1,1,1,2,1
271370960,8,2,1,1,1,2,1
271370962,8,2,1,1,1,2,1
271370965,8,2,1,1,1,2,1
271370970,8,2,1,1,1,2,1
271370971,8,2,1,1,1,2,1
271370973,8,2,1,1,1,2,1
271370975,8,2,1,1,1,2,1
271370976,8,2,1,1,1,2,1
271370979,8,2,1,1,1,2,1
271370990,8,2,1,1,1,2,1
271370999,8,2,1,1,1,2,1
271371000,8,2,1,1,1,2,1
271371001,8,2,1,1,1,2,1
271371002,8,2,1,1,1,2,1
271371005,8,2,1,1,1,2,1
271371011,8,2,1,1,1,2,1
271371030,8,2,1,1,1,2,1
271371035,8,2,1,1,1,2,1
271371040,8,2,1,1,1,2,1
271371045,8,2,1,1,1,2,1
271371050,8,2,1,1,1,2,1
271371055,8,2,1,1,1,2,1
271371060,8,2,1,1,1,2,1
271371125,8,2,1,1,1,2,1
271371130,8,2,1,1,1,2,1
271371135,8,2,1,1,1,2,1
271371136,8,2,1,1,1,2,1
271371140,8,2,1,1,1,2,1
271371145,8,2,1,1,1,2,1
271371150,8,2,1,1,1,2,1
271371155,8,2,1,1,1,2,1
271371160,8,2,1,1,1,2,1
271379999,8,2,1,1,1,2,4
271390005,2,6,5,5,6,6,2
271390010,2,6,5,5,6,6,2
271390015,2,6,5,5,6,3,2
271390020,2,6,5,5,6,6,8
271390025,2,6,5,5,6,6,8
271390037,2,6,5,5,6,6,8
271390040,2,6,5,5,6,6,2
271390045,2,6,5,5,6,6,7
271390050,2,6,5,5,6,6,2
271390055,2,6,5,5,6,6,2
271390060,2,6,5,5,6,6,2
271390070,2,6,5,5,6,6,8
271390075,2,6,5,5,6,6,2
271390080,2,6,5,5,6,6,2
271390084,2,6,5,5,6,6,2
271390090,2,6,5,5,6,6,2
271390091,2,6,5,5,6,6,2
271390092,2,6,5,5,6,6,2
271390093,2,6,5,5,6,6,2
271390094,2,6,5,5,6,6,2
271390097,2,6,5,5,6,6,2
271390099,2,6,5,5,6,6,2
271390100,2,6,5,5,6,6,2
271390105,2,6,5,5,6,6,2
271390110,2,6,5,5,6,6,2
271390111,2,6,5,5,6,6,2
271390112,2,6,5,5,6,6,2
271390113,2,6,5,5,6,6,2
271390114,2,6,5,5,6,6,2
271390116,2,6,5,5,6,6,2
271390117,2,6,5,5,6,6,2
271390118,2,6,5,5,6,6,2
271390119,2,6,5,5,6,6,7
271390120,2,6,5,5,6,6,7
271390125,2,6,5,5,6,6,7
271390130,2,6,5,5,6,6,7
271390135,2,6,5,5,6,6,7
271390136,2,6,5,5,6,6,7
271390137,2,6,5,5,6,6,7
271390138,2,6,5,5,6,6,7
271390145,2,6,5,5,6,6,2
271390150,2,6,5,5,6,6,7
271390153,2,6,5,5,6,6,2
271390156,2,6,5,5,6,6,2
271390157,2,6,5,5,6,6,2
271390158,2,6,5,5,6,6,2
271390160,2,6,5,5,6,6,2
271410005,6,1,2,8,7,4,3
271410010,6,1,2,8,7,4,3
271410015,6,1,2,8,7,4,3
271410020,6,1,2,8,7,4,3
271410022,6,1,2,8,7,4,3
271410024,6,1,2,8,7,4,3
271410025,6,1,2,8,7,4,3
271410030,6,1,2,8,7,4,3
271410035,6,1,2,8,7,3,7
271410040,6,1,2,8,7,3,7
271410045,6,1,2,8,7,4,3
271410050,6,1,2,8,7,4,3
271410055,6,1,2,8,7,4,3
271410060,6,1,2,8,7,4,3
271410065,6,1,2,8,7,3,7
271410070,6,1,2,8,7,4,3
271410075,6,1,2,8,7,4,3
271410080,6,1,2,8,7,3,3
271410085,6,1,2,8,7,4,3
271410090,6,1,2,8,7,3,3
271410095,6,1,2,8,7,3,3
271410100,6,1,2,8,7,3,3
271410105,6,1,2,8,7,4,3
271410110,6,1,2,8,7,4,3
271410111,6,1,2,8,7,4,3
271410120,6,1,2,8,7,4,3
271410121,6,1,2,8,7,4,3
271410122,6,1,2,8,7,4,3
271410125,6,1,2,8,7,4,3
271410130,6,1,2,8,7,4,3
271410135,6,1,2,8,7,4,3
271410140,6,1,2,8,7,4,3
271410145,6,1,2,8,7,4,3
271410150,6,1,2,8,7,4,3
271410155,6,1,2,8,7,4,3
271430005,7,7,5,2,6,3,7
271430010,7,7,5,2,6,3,2
271430015,7,7,5,2,6,3,2
271430020,7,7,5,2,6,3,7
271430025,7,7,5,2,6,3,7
271430030,7,7,5,2,6,3,7
271430035,7,7,5,2,6,3,2
271430040,7,7,5,2,6,3,7
271430045,7,7,5,2,6,3,7
271430050,7,7,5,2,6,3,7
271430055,7,7,5,2,6,3,2
271430060,7,7,5,2,6,3,2
271430065,7,7,5,2,6,3,2
271430070,7,7,5,2,6,3,2
271430075,7,7,5,2,6,3,2
271430080,7,7,5,2,6,3,2
271430082,7,7,5,2,6,3,2
271430085,7,7,5,2,6,3,7
271430090,7,7,5,2,6,3,7
271430095,7,7,5,2,6,3,7
271430100,7,7,5,2,6,3,7
271430105,7,7,5,2,6,3,2
271430110,7,7,5,2,6,3,7
271430115,7,7,5,2,6,3,2
271430120,7,7,5,2,6,3,7
271450005,7,3,2,2,7,3,3
271450010,7,3,2,2,7,3,3
271450015,7,3,2,2,7,3,1
271450020,7,3,2,2,7,3,7
271450025,7,3,2,2,7,3,7
271450027,7,3,2,2,7,3,7
271450030,7,3,2,2,7,3,1
271450035,7,3,2,2,7,3,7
271450040,7,3,2,2,7,3,7
271450042,6,3,2,2,7,3,7
271450045,7,3,2,2,7,3,7
271450050,6,3,2,2,7,3,7
271450055,6,3,2,2,7,3,7
271450060,7,3,2,2,7,3,1
271450065,7,3,2,2,7,3,1
271450070,7,3,2,2,7,3,7
271450075,7,3,2,2,7,3,7
271450080,7,3,2,2,7,3,1
271450085,6,3,2,2,7,3,7
271450090,7,3,2,2,7,3,7
271450095,7,3,2,2,7,3,1
271450100,7,3,2,2,7,3,1
271450105,7,3,2,2,7,3,1
271450110,7,3,2,2,7,3,1
271450115,7,3,2,2,7,3,3
271450120,7,3,2,2,7,3,3
271450125,7,3,2,2,7,3,7
271450130,7,3,2,2,7,3,3
271450135,7,3,2,2,7,3,1
271450137,7,3,2,2,7,3,1
271450140,7,3,2,2,7,3,1
271450145,6,3,2,2,7,3,7
271450150,7,3,2,2,7,3,7
271450155,6,3,2,2,7,3,7
271450160,7,3,2,2,7,3,7
271450165,7,3,2,2,7,3,1
271450170,7,3,2,2,7,3,1
271450180,7,3,2,2,7,3,1
271450185,7,3,2,2,7,3,1
271450190,7,3,2,2,7,3,7
271450192,7,3,2,2,7,3,7
271450195,7,3,2,2,7,3,1
271450200,7,3,2,2,7,3,1
271450205,7,3,2,2,7,3,1
271450210,7,3,2,2,7,3,1
271450215,7,3,2,2,7,3,1
271450225,7,3,2,2,7,3,1
271450230,7,3,2,2,7,3,7
271450235,6,3,2,2,7,3,7
271450245,7,3,2,2,7,3,7
271450250,7,3,2,2,7,3,3
271450255,6,3,2,2,7,3,7
271450260,6,3,2,2,7,3,3
271450265,6,3,2,2,7,3,7
271450270,6,3,2,2,7,3,7
271450275,6,3,2,2,7,3,7
271450280,6,3,2,2,7,3,7
271450285,6,3,2,2,7,3,7
271450290,6,3,2,2,7,3,3
271450295,6,3,2,2,7,3,7
271450305,6,3,2,2,7,3,7
271450307,6,3,2,2,7,3,7
271450310,6,3,2,2,7,3,7
271450312,6,3,2,2,7,3,7
271450315,6,3,2,2,7,3,7
271450317,6,3,2,2,7,3,7
271450320,6,3,2,2,7,3,7
271450330,6,3,2,2,7,3,7
271450335,6,3,2,2,7,3,7
271450340,6,3,2,2,7,3,7
271450345,6,3,2,2,7,3,7
271450350,6,3,2,2,7,3,7
271450355,6,3,2,2,7,3,7
271450360,6,3,2,2,7,3,7
271450380,6,3,2,2,7,3,7
271450385,6,3,2,2,7,3,7
271450390,6,3,2,2,7,3,7
271450399,7,3,2,2,7,3,1
271450400,7,3,2,2,7,3,1
271450404,7,3,2,2,7,3,1
271450405,7,3,2,2,7,3,7
271450410,7,3,2,2,7,3,7
271450414,6,3,2,2,7,3,7
271450415,6,3,2,2,7,3,7
271450416,6,3,2,2,7,3,7
271450417,6,3,2,2,7,3,7
271450418,6,3,2,2,7,3,7
271450419,6,3,2,2,7,3,7
271450420,7,3,2,2,7,3,1
271450430,7,3,2,2,7,3,1
271450434,7,3,2,2,7,3,1
271450435,7,3,2,2,7,3,1
271450440,6,3,2,2,7,3,7
271450441,6,3,2,2,7,3,7
271450442,6,3,2,2,7,3,7
271450443,6,3,2,2,7,3,7
271450445,7,3,2,2,7,3,7
271450450,7,3,2,2,7,3,1
271470005,1,6,4,3,3,1,8
271470010,1,6,4,3,3,1,2
271470015,1,6,4,3,3,1,2
271470020,1,6,4,3,3,1,2
271470025,1,6,4,3,3,1,8
271470030,1,6,4,3,3,1,2
271470035,1,6,4,3,3,1,2
271470040,1,6,4,3,3,1,8
271470045,1,6,4,3,3,1,2
271470050,1,6,4,3,3,1,8
271470055,1,6,4,3,3,1,2
271470060,1,6,4,3,3,1,2
271470065,1,6,4,3,3,1,8
271470070,1,6,4,3,3,1,8
271470075,1,6,4,3,3,1,8
271470085,1,6,4,3,3,1,8
271470090,1,6,4,3,3,1,8
271470100,1,6,4,3,3,1,8
271470105,1,6,4,3,3,1,8
271470115,1,6,4,3,3,1,8
271470120,1,6,4,3,3,1,8
271470130,1,6,4,3,3,1,8
271470135,1,6,4,3,3,1,8
271470145,1,6,4,3,3,1,8
271470150,1,6,4,3,3,1,8
271470155,1,6,4,3,3,1,2
271490005,7,3,3,2,7,3,7
271490010,7,3,3,2,7,3,7
271490015,7,3,3,2,7,3,7
271490020,7,3,3,2,7,3,7
271490025,7,3,3,2,7,3,7
271490030,7,3,3,2,7,3,7
271490035,7,3,3,2,7,3,7
271490040,7,3,3,2,7,3,7
271490045,7,3,3,2,7,3,7
271490050,7,3,3,2,7,3,7
271490055,7,3,3,2,7,3,7
271490060,7,3,3,2,7,3,7
271490065,7,3,3,2,7,3,7
271490072,7,3,3,2,7,3,7
271490073,7,3,3,2,7,3,7
271490075,7,3,3,2,7,3,7
271490076,7,3,3,2,7,3,7
271490080,7,3,3,2,7,3,7
271490081,7,3,3,2,7,3,7
271490085,7,3,3,2,7,3,7
271490090,7,3,3,2,7,3,7
271490095,7,3,3,2,7,3,7
271490100,7,3,3,2,7,3,7
271490105,7,3,3,2,7,3,7
271490110,7,3,3,2,7,3,7
271490115,7,3,3,2,7,3,7
271510005,7,3,3,2,7,3,7
271510010,7,3,3,2,7,3,7
271510015,7,3,3,2,7,3,7
271510020,7,3,3,2,7,3,7
271510025,7,3,3,2,7,3,7
271510030,7,3,3,2,7,3,7
271510035,7,3,3,2,7,3,7
271510040,7,3,3,2,7,3,7
271510045,7,3,3,2,7,3,7
271510050,7,3,3,2,7,3,7
271510055,7,3,3,2,7,3,7
271510060,7,3,3,2,7,3,7
271510065,7,3,3,2,7,3,7
271510070,7,3,3,2,7,3,7
271510075,7,3,3,2,7,3,7
271510080,7,3,3,2,7,3,7
271510085,7,3,3,2,7,3,7
271510090,7,3,3,2,7,3,7
271510095,7,3,3,2,7,3,7
271510100,7,3,3,2,7,3,7
271510105,7,3,3,2,7,3,7
271510110,7,3,3,2,7,3,7
271510115,7,3,3,2,7,3,7
271510120,7,3,3,2,7,3,7
271510125,7,3,3,2,7,3,7
271510130,7,3,3,2,7,3,7
271510135,7,3,3,2,7,3,7
271510140,7,3,3,2,7,3,7
271510145,7,3,3,2,7,3,7
271510150,7,3,3,2,7,3,7
271530005,7,3,2,2,2,3,7
271530010,7,3,2,2,2,3,1
271530015,7,3,2,2,2,3,1
271530020,7,3,2,2,2,3,1
271530025,7,3,2,2,2,3,1
271530030,7,3,2,2,2,3,1
271530035,7,3,2,2,2,3,1
271530040,7,3,2,2,2,3,1
271530045,7,3,2,2,2,3,1
271530050,7,3,2,2,2,3,7
271530055,7,3,2,2,2,3,7
271530060,7,3,2,2,2,3,7
271530065,7,3,2,2,2,3,1
271530070,7,3,2,2,2,3,7
271530075,7,3,2,2,2,3,1
271530080,7,3,2,2,2,3,1
271530085,7,3,2,2,2,3,1
271530090,7,3,2,2,2,3,1
271530095,7,3,2,2,2,3,7
271530100,7,3,2,2,2,3,1
271530105,7,3,2,2,2,3,1
271530110,7,3,2,2,2,3,1
271530115,7,3,2,2,2,3,1
271530120,7,3,2,2,2,3,1
271530126,7,3,2,2,2,3,1
271530135,7,3,2,2,2,3,1
271530140,7,3,2,2,2,3,1
271530145,7,3,2,2,2,3,1
271530150,7,3,2,2,2,3,1
271530155,7,3,2,2,2,3,1
271530160,7,3,2,2,2,3,1
271530165,7,3,2,2,2,3,1
271530170,7,3,2,2,2,3,7
271530173,7,3,2,2,2,3,1
271530175,7,3,2,2,2,3,1
271530180,7,3,2,2,2,3,1
271530185,7,3,2,2,2,3,1
271530188,7,3,2,2,2,3,1
271530190,7,3,2,2,2,3,1
271530195,7,3,2,2,2,3,1
271550005,7,3,3,2,7,3,7
271550010,7,3,3,2,7,3,7
271550015,7,3,3,2,7,3,7
271550020,7,3,3,2,7,3,7
271550025,7,3,3,2,7,3,7
271550027,7,3,3,2,7,3,7
271550030,7,3,3,2,7,3,7
271550035,7,3,3,2,7,3,7
271550040,7,3,3,2,7,3,7
271550045,7,3,3,2,7,3,7
271550050,7,3,3,2,7,3,7
271550055,7,3,3,2,7,3,7
271550060,7,3,3,2,7,3,7
271550065,7,3,3,2,7,3,7
271550070,7,3,3,2,7,3,7
271550075,7,3,3,2,7,3,7
271550080,7,3,3,2,7,3,7
271550085,7,3,3,2,7,3,7
271550090,7,3,3,2,7,3,7
271550095,7,3,3,2,7,3,7
271570005,1,6,4,3,3,1,8
271570010,1,6,4,3,3,1,8
271570015,1,6,4,3,3,1,8
271570020,1,6,4,3,3,1,8
271570025,1,6,4,3,3,1,8
271570030,1,6,4,3,3,1,8
271570035,1,6,4,3,3,1,8
271570040,1,6,4,3,3,1,8
271570045,1,6,4,3,3,1,8
271570050,1,6,4,3,3,1,8
271570055,1,6,4,3,3,1,8
271570060,1,6,4,3,3,5,8
271570065,1,6,4,3,3,5,8
271570070,1,6,4,3,3,5,8
271570075,1,6,4,3,3,5,8
271570080,1,6,4,3,3,1,8
271570085,1,6,4,3,3,1,8
271570090,1,6,4,3,3,1,8
271570095,1,6,4,3,3,1,8
271570100,1,6,4,3,3,1,8
271570105,1,6,4,3,3,5,8
271570110,1,6,4,3,3,1,8
271570115,1,6,4,3,3,5,8
271570120,1,6,4,3,3,1,8
271570125,1,6,4,3,3,1,8
271570130,1,6,4,3,3,1,8
271570140,1,6,4,3,3,5,8
271570145,1,6,4,3,3,5,8
271570150,1,6,4,3,3,5,8
271570155,1,6,4,3,3,1,8
271570160,1,6,4,3,3,1,8
271570165,1,6,4,3,3,1,8
271570170,1,6,4,3,3,1,8
271590005,7,1,3,1,1,2,7
271590010,7,1,3,1,1,2,7
271590015,7,1,3,1,1,2,1
271590020,7,1,3,1,1,2,1
271590025,7,1,3,1,1,2,1
271590030,7,1,3,1,1,2,1
271590032,7,1,3,1,1,2,7
271590035,7,1,3,1,1,2,1
271590040,7,1,3,1,1,2,7
271590045,7,1,3,1,1,2,1
271590050,7,1,3,1,1,2,7
271590055,7,1,3,1,1,2,7
271590060,7,1,3,1,1,2,7
271590065,7,1,3,1,1,2,7
271590070,7,1,3,1,1,2,7
271590075,7,1,3,1,1,2,7
271590080,7,1,3,1,1,2,1
271590085,7,1,3,1,1,2,1
271590090,7,1,3,1,1,2,1
271590095,7,1,3,1,1,2,7
271590100,7,1,3,1,1,2,7
271590105,7,1,3,1,1,2,7
271590110,7,1,3,1,1,2,7
271590120,7,1,3,1,1,2,7
271590125,7,1,3,1,1,2,1
271610005,1,6,4,3,3,1,2
271610010,1,6,4,3,3,1,2
271610015,1,6,4,3,3,1,2
271610020,1,6,4,3,3,1,2
271610025,1,6,4,3,3,1,2
271610030,1,6,4,3,3,1,2
271610035,1,6,4,3,3,1,2
271610045,1,6,4,3,3,1,2
271610050,1,6,4,3,3,1,2
271610055,1,6,4,3,3,1,2
271610060,1,6,4,3,3,1,2
271610065,1,6,4,3,3,1,2
271610070,1,6,4,3,3,1,2
271610075,1,6,4,3,3,1,2
271610080,1,6,4,3,3,1,2
271610085,1,6,4,3,3,1,2
271610090,1,6,4,3,3,1,2
271610095,1,6,4,3,3,1,2
271610100,1,6,4,3,3,1,2
271610105,1,6,4,3,3,1,2
271610110,1,6,4,3,3,1,2
271610115,1,6,4,3,3,1,2
271630005,4,5,6,6,6,8,4
271630010,4,5,6,6,6,8,4
271630015,4,5,6,6,6,8,4
271630020,4,5,6,6,6,8,4
271630025,4,5,6,6,5,8,4
271630030,4,5,6,6,5,8,4
271630035,4,5,6,6,5,8,6
271630040,2,5,6,6,6,5,8
271630045,2,5,6,6,6,5,8
271630050,2,5,6,6,6,5,4
271630055,2,5,6,6,6,5,8
271630060,2,5,6,6,6,5,4
271630065,2,5,6,6,6,5,4
271630070,2,5,6,6,6,5,8
271630095,4,5,6,6,5,8,4
271630100,2,5,6,6,6,5,4
271630105,8,5,6,6,5,4,4
271630110,8,5,6,6,5,4,4
271630115,8,5,6,6,5,4,4
271630120,8,5,6,6,5,4,4
271630125,8,5,6,6,5,4,4
271630130,4,5,6,6,5,8,4
271630135,2,5,6,6,6,5,8
271630140,2,5,6,6,6,5,4
271630145,8,5,6,6,5,4,4
271630150,8,5,6,6,5,4,4
271630155,8,5,6,6,5,4,4
271630160,8,5,6,6,5,4,4
271630165,8,5,6,6,5,4,4
271630170,4,5,6,6,5,8,4
271630175,4,5,6,6,5,8,4
271630180,4,5,6,6,6,8,4
271630185,4,5,6,6,6,8,4
271630190,4,5,6,6,6,8,4
271630195,4,5,6,6,5,8,4
271630200,4,5,6,6,5,8,4
271630205,4,5,6,6,5,8,6
271630210,8,5,6,6,5,4,4
271630215,8,5,6,6,5,4,4
271630220,2,5,6,6,6,5,8
271630225,4,5,6,6,5,8,4
271630230,4,5,6,6,5,8,6
271630235,4,5,6,6,5,8,6
271630240,4,5,6,6,5,8,6
271630245,4,5,6,6,5,8,6
271630250,4,5,6,6,5,8,6
271630255,4,5,6,6,5,8,6
271630260,4,5,6,6,5,8,4
271630270,4,5,6,6,5,8,4
271630275,4,5,6,6,5,8,4
271630280,4,5,6,6,6,8,4
271630285,2,5,6,6,6,5,8
271630290,2,5,6,6,6,5,8
271630295,2,5,6,6,6,5,8
271630300,2,5,6,6,6,5,8
271630305,8,5,6,6,5,4,4
271630310,4,5,6,6,5,8,4
271630315,4,5,6,6,5,8,4
271630320,4,5,6,6,5,8,4
271630325,4,5,6,6,5,8,4
271630330,4,5,6,6,5,8,4
271630340,4,5,6,6,5,8,4
271630345,4,5,6,6,5,8,4
271630350,8,5,6,6,5,8,4
271630360,4,5,6,6,5,8,4
271630365,4,5,6,6,5,8,6
271630370,4,5,6,6,5,8,4
271630375,4,5,6,6,5,8,4
271630380,4,5,6,6,6,8,4
271630385,4,5,6,6,6,8,8
271630390,4,5,6,6,6,8,8
271630395,4,5,6,6,6,8,8
271630400,4,5,6,6,6,8,8
271630405,4,5,6,6,6,8,4
271630410,4,5,6,6,5,8,4
271630415,4,5,6,6,5,8,4
271630420,4,5,6,6,6,8,8
271630425,4,5,6,6,5,8,4
271630430,4,5,6,6,5,8,4
271630435,4,5,6,6,6,8,4
271630440,2,5,6,6,6,5,8
271630445,2,5,6,6,6,5,8
271630450,2,5,6,6,6,5,4
271650005,1,7,4,3,3,1,2
271650010,1,7,4,3,3,1,2
271650015,1,7,4,3,3,1,2
271650020,1,7,4,3,3,1,2
271650025,1,7,4,3,3,1,2
271650030,1,7,4,3,3,1,2
271650035,1,7,4,3,3,1,2
271650040,1,7,4,3,3,1,2
271650045,1,7,4,3,3,1,2
271650050,1,7,4,3,3,1,2
271650060,1,7,4,3,3,1,2
271650065,1,7,4,3,3,1,2
271650070,1,7,4,3,3,1,2
271650075,1,7,4,3,3,1,2
271650080,1,7,4,3,3,1,2
271650085,1,7,4,3,3,1,2
271650090,1,7,4,3,3,1,2
271650095,1,7,4,3,3,1,2
271650110,1,7,4,3,3,1,2
271650125,1,7,4,3,3,1,2
271650135,1,7,4,3,3,1,2
271670005,7,3,3,2,1,2,7
271670010,7,3,3,2,1,3,7
271670015,7,3,3,2,1,2,7
271670020,7,3,3,2,1,3,7
271670025,7,3,3,2,1,3,7
271670030,7,3,3,2,1,3,7
271670035,7,3,3,2,1,3,7
271670040,7,3,3,2,1,3,7
271670050,7,3,3,2,1,3,7
271670055,7,3,3,2,1,3,7
271670060,7,3,3,2,1,3,7
271670065,7,3,3,2,1,3,7
271670070,7,3,3,2,1,3,7
271670072,7,3,3,2,1,3,7
271670075,7,3,3,2,1,2,7
271670080,7,3,3,2,1,3,7
271670085,7,3,3,2,1,3,7
271670090,7,3,3,2,1,2,7
271670095,7,3,3,2,1,2,7
271670100,7,3,3,2,1,2,7
271670105,7,3,3,2,1,2,7
271670110,7,3,3,2,1,2,7
271670113,7,3,3,2,1,3,7
271670115,7,3,3,2,1,3,7
271670120,7,3,3,2,1,2,7
271670125,7,3,3,2,1,2,7
271670130,7,3,3,2,1,2,7
271670135,7,3,3,2,1,2,7
271670140,7,3,3,2,1,3,7
271670145,7,3,3,2,1,2,7
271670150,7,3,3,2,1,2,7
271670155,7,3,3,2,1,2,7
271690005,1,6,4,3,3,1,8
271690010,1,6,4,3,3,1,8
271690015,1,6,4,3,3,1,8
271690020,1,6,4,3,3,1,8
271690025,1,6,4,3,3,1,8
271690030,1,6,4,3,3,1,8
271690035,1,6,4,3,3,1,8
271690040,1,6,4,3,3,1,8
271690042,1,6,4,3,3,1,8
271690045,1,6,4,3,3,1,8
271690050,1,6,4,3,3,1,8
271690055,1,6,4,3,3,1,8
271690058,1,6,4,3,3,1,8
271690060,1,6,4,3,3,1,8
271690065,1,6,4,3,3,1,8
271690070,1,6,4,3,3,1,8
271690075,1,6,4,3,3,1,8
271690080,1,6,4,3,3,1,8
271690085,1,6,4,3,3,1,8
271690090,1,6,4,3,3,1,8
271690095,1,6,4,3,3,1,8
271690100,1,6,4,3,3,1,8
271690105,1,6,4,3,3,1,8
271690110,1,6,4,3,3,1,8
271690115,1,6,4,3,3,1,8
271690120,1,6,4,3,3,1,8
271690125,1,6,4,3,3,1,8
271690130,1,6,4,3,3,1,8
271690135,1,6,4,3,3,1,8
271690140,1,6,4,3,3,1,8
271690145,1,6,4,3,3,1,8
271690150,1,6,4,3,3,1,8
271690155,1,6,4,3,3,1,8
271690160,1,6,4,3,3,1,8
271690165,1,6,4,3,3,1,8
271690170,1,6,4,3,3,1,8
271690175,1,6,4,3,3,1,8
271690180,1,6,4,3,3,1,8
271690185,1,6,4,3,3,1,8
271690190,1,6,4,3,3,1,8
271690195,1,6,4,3,3,1,8
271690200,1,6,4,3,3,1,8
271690205,1,6,4,3,3,1,8
271690210,1,6,4,3,3,1,8
271690215,1,6,4,3,3,1,8
271690220,1,6,4,3,3,1,8
271690225,1,6,4,3,3,1,8
271690230,1,6,4,3,3,1,8
271690240,1,6,4,3,3,1,8
271710005,6,3,7,8,7,4,7
271710007,6,3,7,8,7,4,3
271710010,6,3,7,8,7,3,7
271710015,6,3,7,8,7,3,7
271710020,6,3,7,8,7,4,7
271710025,6,3,7,8,7,3,7
271710030,6,3,7,8,7,4,7
271710031,6,3,7,8,7,3,7
271710035,6,3,7,8,7,4,7
271710040,6,3,7,8,7,3,7
271710045,6,3,7,8,7,3,7
271710050,6,3,7,8,7,3,7
271710055,6,3,7,8,7,3,7
271710060,6,3,7,8,7,3,7
271710065,6,3,7,8,7,3,7
271710070,6,3,7,8,7,4,3
271710075,6,3,7,8,7,3,3
271710085,6,3,7,8,7,3,7
271710090,6,3,7,8,7,3,7
271710095,6,3,7,8,7,4,3
271710096,6,3,7,8,7,3,7
271710100,6,3,7,8,7,3,7
271710105,6,3,7,8,7,3,7
271710110,6,3,7,8,7,3,7
271710111,6,3,7,8,7,3,7
271710115,6,3,7,8,7,3,7
271710120,6,3,7,8,7,3,7
271710125,6,3,7,8,7,4,3
271710127,6,3,7,8,7,4,3
271710130,6,3,7,8,7,4,7
271710135,6,3,7,8,7,3,7
271710140,6,3,7,8,7,4,3
271710141,6,3,7,8,7,4,3
271710142,6,3,7,8,7,4,3
271710145,6,3,7,8,7,3,7
271710150,6,3,7,8,7,3,7
271710155,6,3,7,8,7,4,7
271710156,6,3,7,8,7,4,3
271710160,6,3,7,8,7,3,7
271710165,6,3,7,8,7,3,7
271710170,6,3,7,8,7,3,7
271710175,6,3,7,8,7,3,7
271710180,6,3,7,8,7,3,7
271710185,6,3,7,8,7,3,7
271710190,6,3,7,8,7,3,7
271730005,7,7,3,2,7,3,7
271730010,7,7,3,2,7,3,7
271730020,7,7,3,2,7,3,7
271730025,7,7,3,2,7,3,7
271730030,7,7,3,2,7,3,7
271730035,7,7,3,2,7,3,7
271730040,7,7,3,2,7,3,7
271730045,7,7,3,2,7,3,7
271730050,7,7,3,2,7,3,7
271730065,7,7,3,2,7,3,7
271730070,7,7,3,2,7,3,7
271730075,7,7,3,2,7,3,7
271730080,7,7,3,2,7,3,7
271730085,7,7,3,2,7,3,7
271730090,7,7,3,2,7,3,7
271730095,7,7,3,2,7,3,7
271730100,7,7,3,2,7,3,7
271730105,7,7,3,2,7,3,7
271730110,7,7,3,2,7,3,7
271730115,7,7,3,2,7,3,7
271730120,7,7,3,2,7,3,7
271730125,7,7,3,2,7,3,7
271730130,7,7,3,2,7,3,7
271730135,7,7,3,2,7,3,7
271730140,7,7,3,2,7,3,7
271730145,7,7,3,2,7,3,7
271730150,7,7,3,2,7,3,7
271730155,7,7,3,2,7,3,7
271730160,7,7,3,2,7,3,7
271730165,7,7,3,2,7,3,7
